공고URL,모집분야,직무키워드,담당업무,자격요건,우대사항,직급직책,근무형태,근무시간,급여,업종,직종,상세주소,모집인원,학력,수집시각
https://linkareer.com/activity/346291,,,"] [영업/MD] -영업점 상품군별 영업관리 및 MD 업무 [영업기획/지원] -영업점 영업기획, CRM, 마케팅, 온라인, 인사, 총무 등 지원 업무 [","] -롯데백화점 및 직무에 대한 열정과 역량을 보유한 자 -'26년 11월 입사 및 근무가 가능한 자 -학사 이상 기졸업자 혹은 '27년 2월 졸업 예정자 ※ 단, 졸업 예정자인 경우 근무 시점에 졸업 요건을 만족한 상태여야 함. -해외 여행 및 건강상 결격 사유가 없는 분 -남성의 경우, 병역필 혹은 면제자 [채용공고] 허위·과장·오류 내용이 있다면 신고해주세요. 신고하기 지원서 다운로드 '지원서 파일 없음' 이 공고를 스크랩한 사용자들이 궁금하다면? 내 정보를 입력하면 스크랩한 사용자들의 학교, 전공, 연령, 관심 직무 현황을 확인할 수 있어요! 정보 입력하고 통계 보기 이 활동에 관심을 가지는 사용자 ( 0 명) 스터디 모집 지원부터 면접까지 함께 준비할 스터디를 찾아보세요 아직 해당 공고의 스터디원을 모집하는 글이 없어요 직접 모집글을 작성해 스터디원을 모집해보세요! 스터디 모집글 쓰기 스터디 모집글 보기 오른쪽 화살표 인기 활동 리스트 보러가기 오른쪽 화살표 담당자 Q&A ( 0 ) 등록 이 공고 조회자가 많이 본 공고 스크랩 999+ [LG전자] 2026년 하반기 LG전자 신입사원 채용 LG전자 D-5 조회 48,627 댓글 0 스크랩 999+ [현대모비스] 2026년 하반기 신입채용 (신입-관리직) 현대모비스 D-2 조회 28,386 댓글 0 스크랩 999+ [포스코] 2026년 하반기 대졸 신입사원 채용 포스코 D-8 조회 23,507 댓글 0 스크랩 971 [LG에너지솔루션] 2026년 하반기(9월) 신입사원 수시채용 LG에너지솔루션 D-2 조회 22,711 댓글 0 링커리어 BEST 이야기 커뮤니티 STEM 커뮤니티 실시간 주간 월간 댓글순 추천순 커뮤니티 더보기 오른쪽 화살표 링커리어 추천교육 더보기 오른쪽 화살표 링커리어 • 링커리어 소개 • 공지사항 • 채용 • 회사 공시사항 고객문의 • 광고 및 제휴 문의 • 고객문의 • 서비스 피드백 이용안내 • 이용약관 • 개인정보처리방침 • 이용약관, 개인정보처리방침 변경 고지 연관 서비스 • 대외활동봇 • 공모전봇 • 채용봇 • 자소서봇 • 공고달력 • 블로그 • 스펙업 • 대외활동 뭐하지 • 공모전 뭐하지 링커리어 사업자 등록번호 : 105-87-57696 직업정보제공 사업신고번호 : J1200020240023 통신판매업 신고번호 : 제 2012-서울강남-02418호 주식회사 링커리어 대표이사 : 노은돈 서울특별시 강남구 역삼로 3길 11, 1",,,,,,,,,,,2026-09-08 13:48:33
https://linkareer.com/activity/348333,,,,,,,,,,금융 및 보험업 실시간 채팅 아이콘 실시간 채팅,,,,,2026-09-08 13:48:33
https://linkareer.com/activity/348326,,,] -개인·기업 고객 대상 종합금융서비스 제공 등 [,"] -연령, 성별, 학력, 전공, 어학 점수에 따른 지원 제한 없음 -남자의 경우 병역필 또는 면제자 ('26.10.31.까지 병역필 가능한 자 포함) -신규직원 입사('26년 12월 예정) 및 이후 계속 근무 가능한 자 -해외여행에 결격사유가 없는 자 (외국인의 경우 한국 내 취업에 결격사유가 없는 자) -한국신용정보원의 신용정보조회서상에 금융질서문란자로 등록되지 않은 자 -당행 내규상 신규채용 결격사유가 없는 자 [채용공고] 허위·과장·오류 내용이 있다면 신고해주세요. 신고하기 지원서 다운로드 '지원서 파일 없음'",,,,,,금융 및 보험업 실시간 채팅 아이콘 실시간 채팅,,,,,2026-09-08 13:48:33
https://linkareer.com/activity/348177,,,] 관리회계 -사업계획 대비 실적 분석 및 월 손익분석 -손익 추정 및 비용 관리 -원가 관리 공시 -투자 & IR(정기/수시 보고자료 작성) [,] -경력 : 3년~10년 -학력 : 학사 이상 학위 -유관부서와의 원활한 소통 및 협업 가능자 [,"] -손익분석 등 관리회계 직무 경험자 -상장회사 공시 업무 경험자 -XBRL, 기업지배구조보고서 경험자 -더존ERP 및 Office 활용 능력 보유자 [채용공고] 허위·과장·오류 내용이 있다면 신고해주세요. 신고하기 지원서 다운로드 '지원서 파일 없음' 이 공고를 스크랩한 사용자들이 궁금하다면? 내 정보를 입력하면 스크랩한 사용자들의 학교, 전공, 연령, 관심 직무 현황을 확인할 수 있어요! 정보 입력하고 통계 보기 이 활동에 관심을 가지는 사용자 ( 0 명) 스터디 모집 지원부터 면접까지 함께 준비할 스터디를 찾아보세요 아직 해당 공고의 스터디원을 모집하는 글이 없어요 직접 모집글을 작성해 스터디원을 모집해보세요! 스터디 모집글 쓰기 스터디 모집글 보기 오른쪽 화살표 인기 활동 리스트 보러가기 오른쪽 화살표 담당자 Q&A ( 0 ) 등록 이 공고 조회자가 많이 본 공고 스크랩 999+ [현대자동차] 9월 신입 채용 (사전공고) 현대자동차 D-6 조회 49,914 댓글 0 스크랩 999+ [LG전자] 2026년 하반기 LG전자 신입사원 채용 LG전자 D-5 조회 48,633 댓글 0 스크랩 999+ 2026 한화금융 신입공채 한화생명 D-10 조회 33,646 댓글 1 스크랩 999+ [KT&G] 2026년 하반기 신입(사무) 사원 채용 KT&G D-2 조회 30,009 댓글 0 링커리어 BEST 이야기 커뮤니티 STEM 커뮤니티 실시간 주간 월간 댓글순 추천순 커뮤니티 더보기 오른쪽 화살표 링커리어 추천교육 더보기 오른쪽 화살표 링커리어 • 링커리어 소개 • 공지사항 • 채용 • 회사 공시사항 고객문의 • 광고 및 제휴 문의 • 고객문의 • 서비스 피드백 이용안내 • 이용약관 • 개인정보처리방침 • 이용약관, 개인정보처리방침 변경 고지 연관 서비스 • 대외활동봇 • 공모전봇 • 채용봇 • 자소서봇 • 공고달력 • 블로그 • 스펙업 • 대외활동 뭐하지 • 공모전 뭐하지 링커리어 사업자 등록번호 : 105-87-57696 직업정보제공 사업신고번호 : J1200020240023 통신판매업 신고번호 : 제 2012-서울강남-02418호 주식회사 링커리어 대표이사 : 노은돈 서울특별시 강남구 역삼로 3길 11, 10층 1003호 (역삼동, 광성빌딩) Copyright © Linkareer Inc . All Rights Reserved.",,,,,,,,,,2026-09-08 13:48:34
https://linkareer.com/activity/348150,,,,,,,,,,숙박 및 음식점업 실시간 채팅 아이콘 실시간 채팅,,,,,2026-09-08 13:48:34
https://linkareer.com/activity/348052,,,"[학습전략 코치 · 부산 본점(대연동)] 학습전략 코치는 출결관리나 자습감독을 하는 직무가 아닙니다. 학생 1:1로 전담하여 '성적'이라는 결과를 만들어내는 일입니다. 학생의 상태를 진단하고, 성적이 오르지 않는 원인을 찾고, 계획과 공부법을 설계해 실행까지 함께합니다. 가장 중요한 건 '실행'까지 함께해서 '공부 습관'까지 교정한다는 것입니다. 코치마이웨이는 이 기술 덕분에 10분 중 9명의 성적을 올리는 학원이 되었습니다. 01. 학습 진단 · 전략 설계 - 성적표, 학습 습관, 과목별 약점을 분석하고 우선순위를 정합니다. 02. 계획 코칭 - 교재, 학습 분량, 공부 순서와 주간 실행계획을 구체적으로 설계합니다. 03. 공부법 코칭 - 국어·영어·수학의 구체적인 학습법을 교육하고 학생의 습관을 교정합니다. 04. 성과관리 · 학부모 소통 - 수업 결과와 실행도를 점검하고 학생 및 학부모에게 개선 방향을 공유합니다. ※ 코치가 모든 내용을 직접 강의하는 직무는 아닙니다. 학생의 학습 구멍은 별도의 PT 티칭 수업과 교과 지원 시스템을 통해 보완합니다.",학력 대학졸업(4년) 이상(졸업예정자 가능),,,,주 5일(월~금) 14:00 ~ 23:00 근무지역 부산 남구 수영로325번길 11 4층 코치마이웨이,연봉 3600만원 ~ 4800만원 (면접 후 결정) 근무시간 주 5일(월~금) 14:00 ~ 23:00 근무지역 부산 남구 수영로325번길 11 4층 코치마이웨이,,,,,,2026-09-08 13:48:34
https://linkareer.com/activity/347912,] -사무 -배전 -송변전 -ICT -토목 [채용공고] 허위·과장·오류 내용이 있다면 신고해주세요. 신고하기 지원서 다운로드 '지원서 파일 없음',,,,,,,,,,,,,,2026-09-08 13:48:35
https://linkareer.com/activity/347892,,,"- CNC ​양산 가공 - CNC 가공 ​프로그래밍 - 제품검사 - 제품 인계 ​및 ​SAP 실적 ​처리 3. ​학력 ​및 경력 - 학력 : ​무관 - 경력무관(신입 ​지원 가능) 4. 필수 ​요건 - 주/야간 ​교대 ​근무 가능자 5. 우대 ​요건 - CNC 가공 ​유경험자 - 동종업계 ​근무자 6. 근무지 - ​오스템임플란트 생산총괄본부(부산) 허위·과장·오류 내용이 있다면 신고해주세요. 신고하기 지원서 다운로드 '지원서 파일 없음' 이 공고를 스크랩한 사용자들이 궁금하다면? 내 정보를 입력하면 스크랩한 사용자들의 학교, 전공, 연령, 관심 직무 현황을 확인할 수 있어요! 정보 입력하고 통계 보기 이 활동에 관심을 가지는 사용자 ( 0 명) 스터디 모집 지원부터 면접까지 함께 준비할 스터디를 찾아보세요 아직 해당 공고의 스터디원을 모집하는 글이 없어요 직접 모집글을 작성해 스터디원을 모집해보세요! 스터디 모집글 쓰기 스터디 모집글 보기 오른쪽 화살표 인기 활동 리스트 보러가기 오른쪽 화살표 담당자 Q&A ( 0 ) 등록 이 공고 조회자가 많이 본 공고 스크랩 999+ [현대자동차] 9월 신입 채용 (사전공고) 현대자동차 D-6 조회 49,887 댓글 0 스크랩 999+ [LG전자] 2026년 하반기 LG전자 신입사원 채용 LG전자 D-5 조회 48,595 댓글 0 스크랩 999+ [KT&G] 2026년 하반기 신입(사무) 사원 채용 KT&G D-2 조회 29,982 댓글 0 스크랩 999+ [현대모비스] 2026년 하반기 신입채용 (신입-관리직) 현대모비스 D-2 조회 28,324 댓글 0 링커리어 BEST 이야기 커뮤니티 STEM 커뮤니티 실시간 주간 월간 댓글순 추천순 커뮤니티 더보기 오른쪽 화살표 링커리어 추천교육 더보기 오른쪽 화살표 링커리어 • 링커리어 소개 • 공지사항 • 채용 • 회사 공시사항 고객문의 • 광고 및 제휴 문의 • 고객문의 • 서비스 피드백 이용안내 • 이용약관 • 개인정보처리방침 • 이용약관, 개인정보처리방침 변경 고지 연관 서비스 • 대외활동봇 • 공모전봇 • 채용봇 • 자소서봇 • 공고달력 • 블로그 • 스펙업 • 대외활동 뭐하지 • 공모전 뭐하지 링커리어 사업자 등록번호 : 105-87-57696 직업정보제공 사업신고번호 : J1200020240023 통신판매업 신고번호 : 제 2012-서울강남-02418호 주식회사 링커리어 대표이사 : 노은돈 서울특별시 강남구 역삼로 3길",,,,,,,,,,,,2026-09-08 13:48:36
https://linkareer.com/activity/347476,,,,] · 고등학교 졸업 이상으로 기졸업자 (회사가 통보하는 일정에 입사 가능해야 함) · 병역필 또는 면제자로 해외여행에 결격사유가 없는 자 · 동일 기간 내 LS ELECTRIC 타 분야 채용 공고와 중복 지원 불가능 [,,,,,,,,,,,2026-09-08 13:48:37
https://linkareer.com/activity/347458,,,"] -영업 실적, 통계 데이터 집계 및 분석 보고서 작성 -지원실 제반 행정 업무 및 영업 현장 운영 지원 -영업활성화 및 실적 향상을 위한 프로모션 기획 및 운영 -신입 및 기존 상담원 대상 영업 직무/보장 내용 교육 운영 -센터 내 교육 프로그램 운영 지원 및 결과 보고 [","] -전문대학 졸업 이상 또는 이와 동등한 학력 소유자 -유관 부서와의 원활한 커뮤니케이션 및 협업 역량 -MS Office(PowerPoint, Excel, Word 등) 활용 능력 [","] -관련 업무 경험 우대 [채용공고] 허위·과장·오류 내용이 있다면 신고해주세요. 신고하기 지원서 다운로드 '지원서 파일 없음' 이 공고를 스크랩한 사용자들이 궁금하다면? 내 정보를 입력하면 스크랩한 사용자들의 학교, 전공, 연령, 관심 직무 현황을 확인할 수 있어요! 정보 입력하고 통계 보기 이 활동에 관심을 가지는 사용자 ( 0 명) 스터디 모집 지원부터 면접까지 함께 준비할 스터디를 찾아보세요 아직 해당 공고의 스터디원을 모집하는 글이 없어요 직접 모집글을 작성해 스터디원을 모집해보세요! 스터디 모집글 쓰기 스터디 모집글 보기 오른쪽 화살표 인기 활동 리스트 보러가기 오른쪽 화살표 담당자 Q&A ( 0 ) 등록 이 공고 조회자가 많이 본 공고 스크랩 999+ [현대자동차] 9월 신입 채용 (사전공고) 현대자동차 D-6 조회 49,891 댓글 0 스크랩 999+ [LG전자] 2026년 하반기 LG전자 신입사원 채용 LG전자 D-5 조회 48,608 댓글 0 스크랩 999+ 2026 한화금융 신입공채 한화생명 D-10 조회 33,625 댓글 1 스크랩 999+ [KT&G] 2026년 하반기 신입(사무) 사원 채용 KT&G D-2 조회 29,989 댓글 0 링커리어 BEST 이야기 커뮤니티 STEM 커뮤니티 실시간 주간 월간 댓글순 추천순 커뮤니티 더보기 오른쪽 화살표 링커리어 추천교육 더보기 오른쪽 화살표 링커리어 • 링커리어 소개 • 공지사항 • 채용 • 회사 공시사항 고객문의 • 광고 및 제휴 문의 • 고객문의 • 서비스 피드백 이용안내 • 이용약관 • 개인정보처리방침 • 이용약관, 개인정보처리방침 변경 고지 연관 서비스 • 대외활동봇 • 공모전봇 • 채용봇 • 자소서봇 • 공고달력 • 블로그 • 스펙업 • 대외활동 뭐하지 • 공모전 뭐하지 링커리어 사업자 등록번호 : 105-87-57696 직업정보제공 사업신고번호 : J1200020240023 통신판매업 신고번호 : 제 2012-서울강남-02418호 주식회사 링커리어 대표이사 : 노은돈 서울특별시 강남구 역삼로 3길 11, 10층 1003호 (역삼동, 광성빌딩) Copyright © Linkareer Inc . All Rights Reserved.",,,,,,,,,,2026-09-08 13:48:37
