사이트,회사명,공고제목,직무,경력,고용형태,지역,기술스택,마감일,공고URL,외부원본ID,수집시각,구분,기관유형
부산장애인일자리정보망,파크하얏트부산,(긴급)[파크하얏트부산] 식음료부 지원 모집,기물세척 및 관리,,,부산 해운대구,,2026-09-25,https://busanjob4u.net/view.do?no=122&pgMode=show&rcrtSeq=2485,busanjob4u:2485,2026-09-08 14:53:36,채용모집,민간
부산장애인일자리정보망,(사)부산16개구군장애인법인연합회 복지사업단,[부산16개구군장애인법인연합회] 전자제품 조립 생산직(중증),전자제품 조립,,,부산 사상구,,2026-09-21,https://busanjob4u.net/view.do?no=122&pgMode=show&rcrtSeq=2484,busanjob4u:2484,2026-09-08 14:53:36,채용모집,민간
부산장애인일자리정보망,메드윌병원,[메드윌병원] 영양과 업무 보조원 및 환경 미화원 모집,1. 병원 내 영양과 비품 정리 및 청소 등(20kg 이상 물건 드는 일 포함) 2. 병원 환경 미화업무,,,부산 금정구,,2026-09-17,https://busanjob4u.net/view.do?no=122&pgMode=show&rcrtSeq=2483,busanjob4u:2483,2026-09-08 14:53:36,채용모집,민간
부산장애인일자리정보망,온종합병원,병동 미화근로자 모집,병동 내 미화,,,부산 부산진구,,상시채용,https://busanjob4u.net/view.do?no=122&pgMode=show&rcrtSeq=2482,busanjob4u:2482,2026-09-08 14:53:36,채용모집,민간
부산장애인일자리정보망,비뉴,"단순제조, 조립 장애인근로자 모집",단순 조립 및 제조,,,부산 사상구,,상시채용,https://busanjob4u.net/view.do?no=122&pgMode=show&rcrtSeq=2481,busanjob4u:2481,2026-09-08 14:53:36,채용모집,민간
부산장애인일자리정보망,오스템임플란트,오스템임플란트 생산직(하루 8시간 근무 / 07:30~16:30),임플란트 소재 생산 및 검사직,,,부산 해운대구,,2026-09-14,https://busanjob4u.net/view.do?no=122&pgMode=show&rcrtSeq=2480,busanjob4u:2480,2026-09-08 14:53:36,채용모집,민간
부산장애인일자리정보망,좋은문화병원,[좋은문화병원]인사총무팀 사무보조 직원 채용(경증),인사총무팀 사무보조,,,부산 동구,,2026-09-30,https://busanjob4u.net/view.do?no=122&pgMode=show&rcrtSeq=381,busanjob4u:381,2026-09-08 14:53:36,채용모집,민간
부산장애인일자리정보망,에스와이씨앤씨(주),[급구] 학교에서 미화직으로 근무하실 분 모집합니다.,고등학교 내 건물 청소 관리,,,부산 부산진구,,상시채용,https://busanjob4u.net/view.do?no=122&pgMode=show&rcrtSeq=2478,busanjob4u:2478,2026-09-08 14:53:36,채용모집,민간
부산장애인일자리정보망,엠디비,[급구] 전자기기 부품 조립하실 분 모집합니다.,"콘센트, 의료기기 등 전자기기 부품 조립",,,부산 사하구,,상시채용,https://busanjob4u.net/view.do?no=122&pgMode=show&rcrtSeq=2477,busanjob4u:2477,2026-09-08 14:53:36,채용모집,민간
부산장애인일자리정보망,서구장애인복지관,서구장애인복지관 발달장애인 요양보호사 보조일자리사업 중도 참여자 모집,발달장애인 요양보호사 보조일자리,,,부산 서구,,2026-09-14,https://busanjob4u.net/view.do?no=122&pgMode=show&rcrtSeq=2475,busanjob4u:2475,2026-09-08 14:53:36,채용모집,민간
부산장애인일자리정보망,부산 일신기독병원,장애인 근로자를 모집합니다.,린넨 보조 업무 및 물품 지원 업무,,,부산 동구,,상시채용,https://busanjob4u.net/view.do?no=122&pgMode=show&rcrtSeq=2474,busanjob4u:2474,2026-09-08 14:53:36,채용모집,민간
부산장애인일자리정보망,(주)엔씨서비스,[엔씨서비스] 2026년 하반기 장애인 인턴 채용(고객상담),"게임 공식 커뮤니티 관리, 게임 관련 상담 등 고객 지원 업무 수행",,,부산 동구,,2026-09-27,https://busanjob4u.net/view.do?no=122&pgMode=show&rcrtSeq=2473,busanjob4u:2473,2026-09-08 14:53:36,채용모집,민간
부산장애인일자리정보망,이루리터,"이루리 터 임가공, LED생산 근로장애인 채용(중증장애인)","임가공조립, LED 생산",,,부산 사하구,,2026-09-11,https://busanjob4u.net/view.do?no=122&pgMode=show&rcrtSeq=380,busanjob4u:380,2026-09-08 14:53:38,채용모집,민간
부산장애인일자리정보망,태진여객(주),[태진여객] 시내버스 현금계수 및 총무·노무 보조원 모집,시내버스 현금계수 업무 및 일반 총무보조 업무(운전 가능자) 1명 / 차량 배차 자료 입력 및 관리 등 각 종 사무보조 업무(엑셀 가능자) 1명,,,부산 북구,,2026-09-30,https://busanjob4u.net/view.do?no=122&pgMode=show&rcrtSeq=2471,busanjob4u:2471,2026-09-08 14:53:38,채용모집,민간
부산장애인일자리정보망,좋은문화병원,[좋은문화병원] 중앙공급실 직원 채용(중증),"기구세척, 소독물정리, 린넨류 정리정돈",,,부산 동구,,2026-09-30,https://busanjob4u.net/view.do?no=122&pgMode=show&rcrtSeq=379,busanjob4u:379,2026-09-08 14:53:38,채용모집,민간
부산장애인일자리정보망,주식회사 아난티 오시리아 제1지점,(긴급)[빌라쥬 드 아난티] 기물관리 파트 정직원 채용(중증),기물세척 및 핸들링,,,부산 기장군,,2026-09-11,https://busanjob4u.net/view.do?no=122&pgMode=show&rcrtSeq=2470,busanjob4u:2470,2026-09-08 14:53:38,채용모집,민간
부산장애인일자리정보망,세화플러스 주식회사,(명지동) 대방 노블랜드 오션뷰 1차 여자 미화원 모집,아파트 청소,,,부산 강서구,,2026-10-02,https://busanjob4u.net/view.do?no=122&pgMode=show&rcrtSeq=378,busanjob4u:378,2026-09-08 14:53:38,채용모집,민간
부산장애인일자리정보망,주식회사 코페아,(주)코페아 예다방 카페 매장 직원 모집(중증),"최소 6개월 전까지는 설거지, 매장청소 업무 이후 테스트를 통해 픽업업무, 음료보조 업무 교육을 진행합니다.",,,부산 금정구,,2026-09-21,https://busanjob4u.net/view.do?no=122&pgMode=show&rcrtSeq=377,busanjob4u:377,2026-09-08 14:53:38,채용모집,민간
부산장애인일자리정보망,더희망찬병원,[더희망찬병원] 미화원 채용(중증),병원 청소 업무,,,부산 금정구,,2026-09-21,https://busanjob4u.net/view.do?no=122&pgMode=show&rcrtSeq=2469,busanjob4u:2469,2026-09-08 14:53:38,채용모집,민간
부산장애인일자리정보망,비뉴,서면역 지하상가 미화원 모집,"서면역 지하상가 분리수거, 미화업무",,,부산 부산진구,,상시채용,https://busanjob4u.net/view.do?no=122&pgMode=show&rcrtSeq=2468,busanjob4u:2468,2026-09-08 14:53:38,채용모집,민간
부산장애인일자리정보망,월드퍼니처,생산보조 장애인근로자 모집,"의자 및 책상 먼지제거, 포장",,,부산 강서구,,상시채용,https://busanjob4u.net/view.do?no=122&pgMode=show&rcrtSeq=2467,busanjob4u:2467,2026-09-08 14:53:38,채용모집,민간
부산장애인일자리정보망,(주)늘,임가공 및 배달 업무 종사자를 구인합니다.,"임가공: 전자부품 조립, 꽃 손질 및 청소 등  / 배달 : 도보로 꽃을 배달(지하철 이용 등 가능하신 분)",,,부산 북구,,2026-09-14,https://busanjob4u.net/view.do?no=122&pgMode=show&rcrtSeq=2465,busanjob4u:2465,2026-09-08 14:53:38,채용모집,민간
부산장애인일자리정보망,행복한울 주식회사,[행복한울] 차량 세차 직원 채용(중증),업무용 차량 손세차,,,부산 부산진구,,2026-09-25,https://busanjob4u.net/view.do?no=122&pgMode=show&rcrtSeq=2463,busanjob4u:2463,2026-09-08 14:53:39,채용모집,민간
부산장애인일자리정보망,컴피 장애인복지자립협회,사상구 단순 제조 구인,콘센트 부품 조립,,,부산 사상구,,상시채용,https://busanjob4u.net/view.do?no=122&pgMode=show&rcrtSeq=2460,busanjob4u:2460,2026-09-08 14:53:39,채용모집,민간
부산장애인일자리정보망,(주)비앤에이서비스,[B&A] 사상구 아파트 경비원 모집,아파트 단지 내 경비업무,,,부산 사상구,,2026-09-18,https://busanjob4u.net/view.do?no=122&pgMode=show&rcrtSeq=2458,busanjob4u:2458,2026-09-08 14:53:39,채용모집,민간
부산장애인일자리정보망,의료법인 호산나의료재단 현대요양병원,요양병원 간병사 모집,"어르신의 돌봄, 투약 및 건강 상태 확인, 위생 관리(기저귀 교체 포함 등)",,,부산 사하구,,2026-09-10,https://busanjob4u.net/view.do?no=122&pgMode=show&rcrtSeq=2455,busanjob4u:2455,2026-09-08 14:53:39,채용모집,민간
부산장애인일자리정보망,한국해양과학기술원,카페 바리스타 근로자를 모집합니다.,바리스타 보조 업무,,,부산 영도구,,상시채용,https://busanjob4u.net/view.do?no=122&pgMode=show&rcrtSeq=2454,busanjob4u:2454,2026-09-08 14:53:39,채용모집,민간
부산장애인일자리정보망,무드앤우드,가구 가공 보조 업무 근로자를 모집합니다.,가구 가공 보조 업무,,,부산 사상구,,상시채용,https://busanjob4u.net/view.do?no=122&pgMode=show&rcrtSeq=2453,busanjob4u:2453,2026-09-08 14:53:39,채용모집,민간
부산장애인일자리정보망,(사)컴피장애인복지자립협회,임가공 작업 장애인 근로자를 모집합니다.,마스크 및 임가공 작업,,,부산 사상구,,상시채용,https://busanjob4u.net/view.do?no=122&pgMode=show&rcrtSeq=2451,busanjob4u:2451,2026-09-08 14:53:39,채용모집,민간
부산장애인일자리정보망,마이크로 포인트,장애인 근로자 모집,자동차 부품 조립,,,부산 금정구,,상시채용,https://busanjob4u.net/view.do?no=122&pgMode=show&rcrtSeq=2450,busanjob4u:2450,2026-09-08 14:53:39,채용모집,민간
부산장애인일자리정보망,애슐리퀸즈 기장 신세계 아울렛점,주방보조 모집,식기세척,,,부산 기장군,,상시채용,https://busanjob4u.net/view.do?no=122&pgMode=show&rcrtSeq=2444,busanjob4u:2444,2026-09-08 14:53:39,채용모집,민간
부산장애인일자리정보망,느티나무의 사랑,카페 농장 정원 관리직 모집,카페 부지 내 농장&정원 관리,,,부산 양산시,,상시채용,https://busanjob4u.net/view.do?no=122&pgMode=show&rcrtSeq=2430,busanjob4u:2430,2026-09-08 14:53:39,채용모집,민간
부산장애인일자리정보망,올모 아뜰리에,브런치 카페 홀서빙 모집,브런치 카페 홀서빙 및 매장 정리,,,부산 양산시,,상시채용,https://busanjob4u.net/view.do?no=122&pgMode=show&rcrtSeq=2429,busanjob4u:2429,2026-09-08 14:53:40,채용모집,민간
부산장애인일자리정보망,(주)엔씨소프트서비스,[엔씨서비스] 장애인표준사업장 운영 담당자 채용(경증),"사내 복지서비스 운영(카페, 네일케어, 오피스케어 등 서비스 운영 및 관리) / 장애인 근로자 복무관리 및 직장적응 지원(근무스케줄 관리, 업무 체크리스트 운영, 직무 교육 및 면담 지원) / 그 외 장애인표준사업장 운영 전반 지원",,,부산 동구,,2026-09-11,https://busanjob4u.net/view.do?no=122&pgMode=show&rcrtSeq=2417,busanjob4u:2417,2026-09-08 14:53:40,채용모집,민간
부산장애인일자리정보망,(주)맨파워코리아,그랜드조선호텔 식기세척 기물관리 직원 채용(오후반),"호텔내 식기세척,기물관리 업무",,,부산 해운대구,,2026-09-18,https://busanjob4u.net/view.do?no=122&pgMode=show&rcrtSeq=366,busanjob4u:366,2026-09-08 14:53:40,채용모집,민간
부산장애인일자리정보망,주식회사 테크앤롤,(긴급)[테크앤롤] 부산지하철 2호선 물품보관함 관리자 채용,물품보관함 정기 점검 및 긴급출동 업무,,,부산 부산진구,,2026-09-18,https://busanjob4u.net/view.do?no=122&pgMode=show&rcrtSeq=2410,busanjob4u:2410,2026-09-08 14:53:40,채용모집,민간
부산장애인일자리정보망,주식회사 코페아 카페숨,(주)코페아 카페숨 매장 직원 모집(중증),"매장청소, 음료보조업무 등",,,부산 양산시,,2026-09-14,https://busanjob4u.net/view.do?no=122&pgMode=show&rcrtSeq=358,busanjob4u:358,2026-09-08 14:53:40,채용모집,민간
부산장애인일자리정보망,터틀즈,단순제조 장애인 근로자 모집,단순 조립 및 제조,,,부산 사상구,,상시채용,https://busanjob4u.net/view.do?no=122&pgMode=show&rcrtSeq=2395,busanjob4u:2395,2026-09-08 14:53:40,채용모집,민간
부산장애인일자리정보망,쉐어모먼츠위드,아크릴 키링 조립직 모집합니다,아크릴 키링 조립 및 포장,,,부산 남구,,상시채용,https://busanjob4u.net/view.do?no=122&pgMode=show&rcrtSeq=2391,busanjob4u:2391,2026-09-08 14:53:40,채용모집,민간
부산장애인일자리정보망,사단법인 하나복지회 피복사업장,피복사업장 근로자 모집,"완성된 의류의 실밥 제거, 의류 수량 확인, 의류 포장 작업",,,부산 사하구,,상시채용,https://busanjob4u.net/view.do?no=122&pgMode=show&rcrtSeq=2388,busanjob4u:2388,2026-09-08 14:53:40,채용모집,민간
부산장애인일자리정보망,사단법인컴피장애인복지자립협회,단순임가공 장애인근로자 모집합니다.,단순조립임가공 등,,,부산 사상구,,상시채용,https://busanjob4u.net/view.do?no=122&pgMode=show&rcrtSeq=355,busanjob4u:355,2026-09-08 14:53:40,채용모집,민간
부산장애인일자리정보망,에스와이씨앤씨(주),[급구] 사무실 청소하실 분 모집합니다.,사무실 및 복도 청소,,,부산 금정구,,상시채용,https://busanjob4u.net/view.do?no=122&pgMode=show&rcrtSeq=2377,busanjob4u:2377,2026-09-08 14:53:40,채용모집,민간
부산장애인일자리정보망,토요코인호텔 호텔청소직,토요코인호텔 호텔청소직 긴급구인(단순업무),"호텔청소직(로비 및 엘리베이터 등 청소, 간단 린넨 수거 등) 업무 단순하고 쉽습니다",,,부산 해운대구,,상시채용,https://busanjob4u.net/view.do?no=122&pgMode=show&rcrtSeq=2359,busanjob4u:2359,2026-09-08 14:53:42,채용모집,민간
부산장애인일자리정보망,현대그린푸드 주방보조직 일 4시간 긴급구인(지점 선택 가능)/*중증만 가능합니다,현대그린푸드 주방보조직 일 4시간 긴급구인(단순 주방보조/지점 선택 가능),"주방보조직(설거지, 바닥, 식당 홀 청소 등 / 업무 단순하고 쉽습니다)",,,부산 동구,,상시채용,https://busanjob4u.net/view.do?no=122&pgMode=show&rcrtSeq=2358,busanjob4u:2358,2026-09-08 14:53:42,채용모집,민간
부산장애인일자리정보망,마키노차야 부산 해운대 엘시티점,프리미엄 뷔페 마키노차야 주방 홀 보조 긴급 구인(일 8시간),"뷔페 식기류 핸들링(닦기), 식기류 정리, 셋팅, 홀 정리 등(설거지 안함, 그릇 정리 및 닦기 등 업무만)",,,부산 해운대구,,상시채용,https://busanjob4u.net/view.do?no=122&pgMode=show&rcrtSeq=2357,busanjob4u:2357,2026-09-08 14:53:42,채용모집,민간
부산장애인일자리정보망,금경라이팅,LED 생산 및 조립직 구인,LED 부품 생산 및 조립,,,부산 기장군,,상시채용,https://busanjob4u.net/view.do?no=122&pgMode=show&rcrtSeq=2356,busanjob4u:2356,2026-09-08 14:53:42,채용모집,민간
부산장애인일자리정보망,서리재,[경력자 우대] 식기세척기 보조 모집합니다,식기세척기 보조,,,부산 해운대구,,상시채용,https://busanjob4u.net/view.do?no=122&pgMode=show&rcrtSeq=2348,busanjob4u:2348,2026-09-08 14:53:42,채용모집,민간
부산장애인일자리정보망,쉐어모먼츠위드,열쇠고리 조립 및 포장 직무,열쇠고리 조립 및 포장,,,부산 남구,,상시채용,https://busanjob4u.net/view.do?no=122&pgMode=show&rcrtSeq=2307,busanjob4u:2307,2026-09-08 14:53:42,채용모집,민간
부산장애인일자리정보망,좋은강안병원,좋은강안병원 문서대조업무 1명 모집합니다.,사무보조(문서대조 등),,,부산 수영구,,상시채용,https://busanjob4u.net/view.do?no=122&pgMode=show&rcrtSeq=2288,busanjob4u:2288,2026-09-08 14:53:42,채용모집,민간
부산장애인일자리정보망,좋은강안병원,좋은강안병원 중앙공급실 업무보조 1명 모집합니다.,중앙공급실 업무보조,,,부산 수영구,,상시채용,https://busanjob4u.net/view.do?no=122&pgMode=show&rcrtSeq=2287,busanjob4u:2287,2026-09-08 14:53:42,채용모집,민간
부산장애인일자리정보망,좋은강안병원,좋은강안병원 시설보조 1명 모집합니다.,시설보조,,,부산 수영구,,상시채용,https://busanjob4u.net/view.do?no=122&pgMode=show&rcrtSeq=2255,busanjob4u:2255,2026-09-08 14:53:42,채용모집,민간
부산장애인일자리정보망,마인드플러스,사무보조(재택근무) 모집,"모니터링(사업체 홈페이지, 기사 등 캡쳐 후 등록)",,,부산 해운대구,,상시채용,https://busanjob4u.net/view.do?no=122&pgMode=show&rcrtSeq=2245,busanjob4u:2245,2026-09-08 14:53:42,채용모집,민간
부산장애인일자리정보망,삼육부산병원,"환자이송, 약제과(약제창고 정리 및 배달) 채용","환자이송, 약제과(약제창고 정리 및 배달)",,,부산 서구,,상시채용,https://busanjob4u.net/view.do?no=122&pgMode=show&rcrtSeq=2243,busanjob4u:2243,2026-09-08 14:53:45,채용모집,민간
부산장애인일자리정보망,무드앤우드,가구 생산 보조원 모집,가구 생산 보조(단순 업무 반복),,,부산 사상구,,상시채용,https://busanjob4u.net/view.do?no=122&pgMode=show&rcrtSeq=2239,busanjob4u:2239,2026-09-08 14:53:45,채용모집,민간
부산장애인일자리정보망,세나장애인직업재활센터,"세나장애인직업재활센터, 임가공 근로장애인 채용(중증)","임가공(부품조립, 포장)",,,부산 금정구,,상시채용,https://busanjob4u.net/view.do?no=122&pgMode=show&rcrtSeq=2221,busanjob4u:2221,2026-09-08 14:53:45,채용모집,민간
부산장애인일자리정보망,굿윌스토어 밀알망미점,[급구] (중증장애인)굿윌스토어 매장정리원 모집,매장 진열 및 물품 정리,,,부산 수영구,,상시채용,https://busanjob4u.net/view.do?no=122&pgMode=show&rcrtSeq=2209,busanjob4u:2209,2026-09-08 14:53:45,채용모집,민간
부산장애인일자리정보망,터틀즈,단순조립 근로자 모집,단순 조립 및 제조,,,부산 사상구,,상시채용,https://busanjob4u.net/view.do?no=122&pgMode=show&rcrtSeq=2206,busanjob4u:2206,2026-09-08 14:53:45,채용모집,민간
부산장애인일자리정보망,비뉴,서면역 지하상가 미화원 모집,분리수거 및 미화,,,부산 부산진구,,상시채용,https://busanjob4u.net/view.do?no=122&pgMode=show&rcrtSeq=2205,busanjob4u:2205,2026-09-08 14:53:45,채용모집,민간
부산장애인일자리정보망,(주)에프앤비네트웍스,명품 브랜드 매장 운영 보조 직원 채용,"매장 오퍼레이션 어시스턴트(백화점 카운터 청소 및 정리 / 도구(메이크업 브러쉬, 퍼프 등) 소독 및 정리 / 청고정리, 선물상자 및 쇼핑백 정리)",,,부산 해운대구,,상시채용,https://busanjob4u.net/view.do?no=122&pgMode=show&rcrtSeq=2185,busanjob4u:2185,2026-09-08 14:53:45,채용모집,민간
부산장애인일자리정보망,메드윌병원,[메드윌병원] 영양과 조리원 모집,"주방보조,설거지",,,부산 금정구,,상시채용,https://busanjob4u.net/view.do?no=122&pgMode=show&rcrtSeq=313,busanjob4u:313,2026-09-08 14:53:45,채용모집,민간
부산장애인일자리정보망,쉐어모먼츠위드,열쇠고리 조립 및 포장 직무,열쇠고리 조립 및 포장,,,부산 남구,,상시채용,https://busanjob4u.net/view.do?no=122&pgMode=show&rcrtSeq=2180,busanjob4u:2180,2026-09-08 14:53:45,채용모집,민간
부산장애인일자리정보망,사단법인 누리복지회 사업부,봉제보조,"봉제보조(실밥제거, 옷정리, 옷 뒤집기)",,,부산 사하구,,상시채용,https://busanjob4u.net/view.do?no=122&pgMode=show&rcrtSeq=2160,busanjob4u:2160,2026-09-08 14:53:45,채용모집,민간
부산장애인일자리정보망,삼육부산병원,"환자이송, 약제과 보조 직무","병동 환자이송, 약제과(창고 정리, 약품 배달)",,,부산 서구,,상시채용,https://busanjob4u.net/view.do?no=122&pgMode=show&rcrtSeq=2159,busanjob4u:2159,2026-09-08 14:53:46,채용모집,민간
부산장애인일자리정보망,주식회사 마인드플러스,[마인드플러스] (재택)중증장애인 사무보조·모니터링 모집,재택근무 사무보조·모니터링,,,부산 해운대구,,상시채용,https://busanjob4u.net/view.do?no=122&pgMode=show&rcrtSeq=306,busanjob4u:306,2026-09-08 14:53:46,채용모집,민간
부산장애인일자리정보망,주식회사 마인드플러스,[마인드플러스] (재택)장애예술인 직무별 모집,"1. 그림 2. 인형옷 제작 3. 캐리커쳐 4. 캘리그라피 5. 공예(도자기공예, 매듭공예, 가죽공예, 라탄공예 등)",,,부산 해운대구,,상시채용,https://busanjob4u.net/view.do?no=122&pgMode=show&rcrtSeq=304,busanjob4u:304,2026-09-08 14:53:46,채용모집,민간
부산장애인일자리정보망,금정구장애인근로작업장,금정구장애인근로작업장 훈련인 모집,"작업활동(주방용품 포장, 자동차부품 조립), 여가활동(직업교육, 체          육활동, 나들이 등), 중식 제공 등",,,부산 금정구,,상시채용,https://busanjob4u.net/view.do?no=122&pgMode=show&rcrtSeq=302,busanjob4u:302,2026-09-08 14:53:46,채용모집,민간
부산장애인일자리정보망,의료법인 호산나의료재단 현대요양병원,요양병원 간병보조 모집,"어르신의 일상생활 지원, 위생 관리(기저귀 교체 포함), 투약 및 건강 상태 확인 등",,,부산 사하구,,상시채용,https://busanjob4u.net/view.do?no=122&pgMode=show&rcrtSeq=2127,busanjob4u:2127,2026-09-08 14:53:46,채용모집,민간
부산장애인일자리정보망,중구나눔장애인자립생활센터,중구나눔장애인자립생활센터 동료상담가 채용 공고,회원 및 센터이용자 동료상담 및 IL사업보조,,,부산 중구,,상시채용,https://busanjob4u.net/view.do?no=122&pgMode=show&rcrtSeq=300,busanjob4u:300,2026-09-08 14:53:46,채용모집,민간
부산장애인일자리정보망,(주)화진정공,사무관리(도면) 근로자를 모집합니다.,사무관리(도면),,,부산 강서구,,상시채용,https://busanjob4u.net/view.do?no=122&pgMode=show&rcrtSeq=2118,busanjob4u:2118,2026-09-08 14:53:46,채용모집,민간
부산장애인일자리정보망,굿윌스토어 밀알망미점,굿윌스토어 매장정리원 모집,매장 물품 진열 및 정리,,,부산 수영구,,상시채용,https://busanjob4u.net/view.do?no=122&pgMode=show&rcrtSeq=2112,busanjob4u:2112,2026-09-08 14:53:46,채용모집,민간
부산장애인일자리정보망,굿윌스토어 밀알망미점,매장정리원 모집합니다,매장 내 물건 진열 및 청소,,,부산 수영구,,상시채용,https://busanjob4u.net/view.do?no=122&pgMode=show&rcrtSeq=2041,busanjob4u:2041,2026-09-08 14:53:46,채용모집,민간
부산장애인일자리정보망,부산택시협동조합,택시협동조합원기사(장애인)를 모집합니다.,택시 운전 기사,,,부산 영도구,,상시채용,https://busanjob4u.net/view.do?no=122&pgMode=show&rcrtSeq=2029,busanjob4u:2029,2026-09-08 14:53:46,채용모집,민간
부산장애인일자리정보망,해운대장애인근로사업장,주6일 세탁물 관리직 모집합니다,"세탁물 정리, 기계 조작 보조",,,부산 해운대구,,상시채용,https://busanjob4u.net/view.do?no=122&pgMode=show&rcrtSeq=2003,busanjob4u:2003,2026-09-08 14:53:47,채용모집,민간
부산장애인일자리정보망,신애직업재활,임가공직 모집합니다,"단순 임가공, 쇼핑백 제조, 포장",,,부산 부산진구,,상시채용,https://busanjob4u.net/view.do?no=122&pgMode=show&rcrtSeq=1968,busanjob4u:1968,2026-09-08 14:53:47,채용모집,민간
부산장애인일자리정보망,MDB,단순 부품 조립하실 분 모집합니다.,"콘센트, 의료 부품 조립 및 제조",,,부산 사하구,,상시채용,https://busanjob4u.net/view.do?no=122&pgMode=show&rcrtSeq=1953,busanjob4u:1953,2026-09-08 14:53:47,채용모집,민간
부산장애인일자리정보망,우영식품,빵 제조 및 포장직 모집합니다,빵 제조 및 포장,,,부산 금정구,,상시채용,https://busanjob4u.net/view.do?no=122&pgMode=show&rcrtSeq=1948,busanjob4u:1948,2026-09-08 14:53:47,채용모집,민간
부산장애인일자리정보망,월드퍼니처,생산 보조 장애인 근로자를 모집합니다.,목재 가구 세척 및 포장 보조,,,부산 강서구,,상시채용,https://busanjob4u.net/view.do?no=122&pgMode=show&rcrtSeq=1933,busanjob4u:1933,2026-09-08 14:53:47,채용모집,민간
부산장애인일자리정보망,동행과나눔,동행과나눔 근로장애인 모집,임가공 작업,,,부산 기장군,,상시채용,https://busanjob4u.net/view.do?no=122&pgMode=show&rcrtSeq=1926,busanjob4u:1926,2026-09-08 14:53:47,채용모집,민간
부산장애인일자리정보망,씨제이프레시웨이주식회사,식기세척원 모집,식기세척 및 구내식당 청소,,,부산 기장군,,상시채용,https://busanjob4u.net/view.do?no=122&pgMode=show&rcrtSeq=1908,busanjob4u:1908,2026-09-08 14:53:47,채용모집,민간
부산장애인일자리정보망,*긴급구인*토요코인호텔 해운대2호점,*긴급구인*토요코인호텔 해운대2호점,"호텔청소직(로비청소 등) 일 4시간 30분 근무, 장애인 채용 경험 많은 기업",,,부산 해운대구,,상시채용,https://busanjob4u.net/view.do?no=122&pgMode=show&rcrtSeq=1906,busanjob4u:1906,2026-09-08 14:53:47,채용모집,민간
부산장애인일자리정보망,*긴급구인*현대그린푸드 지마린서비스(1호선 부산진역 3분거리)/중증만 가능,*긴급구인*현대그린푸드 지마린서비스(1호선 부산진역 3분거리),"주방보조직(설거지보조, 청소 등) 일 4시간 근무, 장애인 채용 경험 많은 기업",,,부산 동구,,상시채용,https://busanjob4u.net/view.do?no=122&pgMode=show&rcrtSeq=1905,busanjob4u:1905,2026-09-08 14:53:47,채용모집,민간
부산장애인일자리정보망,우영식품,빵 생산 보조직 모집,빵 생산 보조,,,부산 금정구,,상시채용,https://busanjob4u.net/view.do?no=122&pgMode=show&rcrtSeq=1900,busanjob4u:1900,2026-09-08 14:53:47,채용모집,민간
부산장애인일자리정보망,쉐어모먼츠위드,[급구] 키링 조립직 모집,키링 고리 조립 및 포장,,,부산 남구,,상시채용,https://busanjob4u.net/view.do?no=122&pgMode=show&rcrtSeq=1895,busanjob4u:1895,2026-09-08 14:53:49,채용모집,민간
부산장애인일자리정보망,평화직업재활원,평화직업재활원 근로자 모집,"세탁보조원, 세탁물개기, 포장하기, 단순임가공",,,부산 북구,,상시채용,https://busanjob4u.net/view.do?no=122&pgMode=show&rcrtSeq=1889,busanjob4u:1889,2026-09-08 14:53:49,채용모집,민간
부산장애인일자리정보망,챠트원,자동차 부품 조립 장애인 근로자를 모집합니다.,자동차 부품 조립 및 기계 조작,,,부산 사상구,,상시채용,https://busanjob4u.net/view.do?no=122&pgMode=show&rcrtSeq=1873,busanjob4u:1873,2026-09-08 14:53:49,채용모집,민간
부산장애인일자리정보망,더 베럴 컴퍼니,생산직 장애인 근로자를 모집합니다.,유아 교구 검수 및 포장,,,부산 사하구,,상시채용,https://busanjob4u.net/view.do?no=122&pgMode=show&rcrtSeq=1872,busanjob4u:1872,2026-09-08 14:53:49,채용모집,민간
부산장애인일자리정보망,휴병원,병원 린넨 정리 및 분리수거원,"원내 린넨 수거, 정리 및 분리수거",,,부산 부산진구,,상시채용,https://busanjob4u.net/view.do?no=122&pgMode=show&rcrtSeq=1859,busanjob4u:1859,2026-09-08 14:53:49,채용모집,민간
부산장애인일자리정보망,토요코인 부산중앙역,메이드 청소,"호텔 로비, 전반적 청소 업무",,,부산 중구,,상시채용,https://busanjob4u.net/view.do?no=122&pgMode=show&rcrtSeq=253,busanjob4u:253,2026-09-08 14:53:49,채용모집,민간
부산장애인일자리정보망,파워텍에너지,파워텍에너지 사무보조 모집,사무보조 모집,,,부산 강서구,,상시채용,https://busanjob4u.net/view.do?no=122&pgMode=show&rcrtSeq=1842,busanjob4u:1842,2026-09-08 14:53:49,채용모집,민간
부산장애인일자리정보망,LG전자베스트샵,가전제품매장 관리 및 청소직 모집합니다,"가전제품매장 바닥 쓸기, 밀대 밀기, 계단 청소 등",,,부산 해운대구,,상시채용,https://busanjob4u.net/view.do?no=122&pgMode=show&rcrtSeq=1831,busanjob4u:1831,2026-09-08 14:53:49,채용모집,민간
부산장애인일자리정보망,(의)은성의료재단 좋은강안병원,[급구] 좋은강안병원 약무보조 1명 모집합니다.,"약무보조(업무보조,서류정리,폐의약품처리 등)",,,부산 수영구,,상시채용,https://busanjob4u.net/view.do?no=122&pgMode=show&rcrtSeq=1830,busanjob4u:1830,2026-09-08 14:53:49,채용모집,민간
부산장애인일자리정보망,쉐어모먼츠위드,아크릴 키링 조립하실 분 모집합니다,아크릴 키링 조립,,,부산 남구,,상시채용,https://busanjob4u.net/view.do?no=122&pgMode=show&rcrtSeq=1829,busanjob4u:1829,2026-09-08 14:53:49,채용모집,민간
부산장애인일자리정보망,해운대장애인근로사업장,임가공 또는 세탁부 직원 모집합니다(최저임금적용제외),"임가공(미역, 종이 포장 등) / 세탁부(수건 접기, 옮기기 등 보조)",,,부산 해운대구,,상시채용,https://busanjob4u.net/view.do?no=122&pgMode=show&rcrtSeq=1828,busanjob4u:1828,2026-09-08 14:53:51,채용모집,민간
부산장애인일자리정보망,중앙효요양병원,요양병원 내 청소원 모집합니다(병실),병원 입원실이 있는 2개층을 청소,,,부산 사하구,,상시채용,https://busanjob4u.net/view.do?no=122&pgMode=show&rcrtSeq=239,busanjob4u:239,2026-09-08 14:53:51,채용모집,민간
부산장애인일자리정보망,평화직업재활원,평화직업재활원 근로장애인 모집,"세탁보조원, 세탁물개기, 포장하기, 단순임가공",,,부산 북구,,상시채용,https://busanjob4u.net/view.do?no=122&pgMode=show&rcrtSeq=1763,busanjob4u:1763,2026-09-08 14:53:51,채용모집,민간
부산장애인일자리정보망,신애재활원,재단기 기계 보조 직원 구인합니다,복사용지 재단 기계 조작 보조,,,부산 부산진구,,상시채용,https://busanjob4u.net/view.do?no=122&pgMode=show&rcrtSeq=1758,busanjob4u:1758,2026-09-08 14:53:51,채용모집,민간
부산장애인일자리정보망,해운대구장애인복지관,직업적응훈련반 모집합니다.,"개인·사회생활, 직업준비·수행, 직무능력향상, 직업유지훈련",,,부산 해운대구,,상시채용,https://busanjob4u.net/view.do?no=122&pgMode=show&rcrtSeq=1739,busanjob4u:1739,2026-09-08 14:53:51,채용모집,민간
부산장애인일자리정보망,(주)동아지질,동아지질 환경미화 모집합니다,간단한 미화업무,,,부산 금정구,,상시채용,https://busanjob4u.net/view.do?no=122&pgMode=show&rcrtSeq=1737,busanjob4u:1737,2026-09-08 14:53:51,채용모집,민간
부산장애인일자리정보망,동아위드,동아위드 인쇄물포장보조 모집합니다.,인쇄물 생산 보조,,,부산 사하구,,상시채용,https://busanjob4u.net/view.do?no=122&pgMode=show&rcrtSeq=1734,busanjob4u:1734,2026-09-08 14:53:51,채용모집,민간
부산장애인일자리정보망,굿윌스토어 밀알망미점,매장정리원 모집합니다,의류 및 생필품 진열직,,,부산 수영구,,상시채용,https://busanjob4u.net/view.do?no=122&pgMode=show&rcrtSeq=1719,busanjob4u:1719,2026-09-08 14:53:51,채용모집,민간
부산장애인일자리정보망,우영식품,빵 제조 및 포장직 모집합니다,빵 생산 보조 및 포장직,,,부산 금정구,,상시채용,https://busanjob4u.net/view.do?no=122&pgMode=show&rcrtSeq=1712,busanjob4u:1712,2026-09-08 14:53:51,채용모집,민간
부산장애인일자리정보망,*긴급구인*현대그린푸드 오스템임플란트 (중증장애인만 채용),*긴급구인* 현대그린푸드 오스템임플란트,"주방보조직(설거지보조, 청소 등) 일 4시간 근무, 장애인 채용 경험 많은 기업",,,부산 해운대구,,상시채용,https://busanjob4u.net/view.do?no=122&pgMode=show&rcrtSeq=1705,busanjob4u:1705,2026-09-08 14:53:51,채용모집,민간
부산장애인일자리정보망,브이드림,사무보조 재택근무(3~4시간) 모집합니다.,키워드 검색 후 뉴스 취합/ 상품 리뷰 및 댓글 취합/ 모니터링 등,,,부산 동구,,상시채용,https://busanjob4u.net/view.do?no=122&pgMode=show&rcrtSeq=1700,busanjob4u:1700,2026-09-08 14:53:52,채용모집,민간
부산장애인일자리정보망,넥센타이어,"세탁부 근무하실 분 모집합니다(수건 개기, 단순 기계 작동)","수건 개기, 단순 세탁기계 조작(버튼 누르고 세탁물 옮겨 담기) 등",,,부산 양산시,,상시채용,https://busanjob4u.net/view.do?no=122&pgMode=show&rcrtSeq=1615,busanjob4u:1615,2026-09-08 14:53:52,채용모집,민간
부산장애인일자리정보망,(주)동아지질,[급구] (주)동아지질 환경미화 1명 모집합니다.,간단한 미화업무,,,부산 금정구,,상시채용,https://busanjob4u.net/view.do?no=122&pgMode=show&rcrtSeq=1601,busanjob4u:1601,2026-09-08 14:53:52,채용모집,민간
부산장애인일자리정보망,엔젤식품,"[주6일] 간단한 식품 생산직(햄버거 패티 나르기, 튀기기 등 간단한 업무)","햄버거 패티 나르기, 튀기기 등의 간단한 주방보조",,,부산 북구,,상시채용,https://busanjob4u.net/view.do?no=122&pgMode=show&rcrtSeq=1600,busanjob4u:1600,2026-09-08 14:53:52,채용모집,민간
부산장애인일자리정보망,쉐어모먼츠위드,"[중증(심한)장애인우대] 아크릴굿즈, 키링 조립하실 분 모집합니다",아크릴 굿즈 조립 및 포장,,,부산 남구,,상시채용,https://busanjob4u.net/view.do?no=122&pgMode=show&rcrtSeq=1570,busanjob4u:1570,2026-09-08 14:53:52,채용모집,민간
부산장애인일자리정보망,쉐어모먼츠위드,"조립 업무(아크릴굿즈, 핸드폰키링) 구인합니다","아크릴굿즈, 핸드폰키링 조립 및 포장",,,부산 남구,,상시채용,https://busanjob4u.net/view.do?no=122&pgMode=show&rcrtSeq=1398,busanjob4u:1398,2026-09-08 14:53:52,채용모집,민간
부산장애인일자리정보망,우영식품,식료품제조직(제과제빵) 모집,빵 제조 및 포장,,,부산 금정구,,상시채용,https://busanjob4u.net/view.do?no=122&pgMode=show&rcrtSeq=1328,busanjob4u:1328,2026-09-08 14:53:52,채용모집,민간
부산장애인일자리정보망,우영식품,빵 제조 및 포장직 모집합니다,빵 제조 및 단순 포장,,,부산 금정구,,상시채용,https://busanjob4u.net/view.do?no=122&pgMode=show&rcrtSeq=1299,busanjob4u:1299,2026-09-08 14:53:52,채용모집,민간
부산장애인일자리정보망,징검다리,발달장애인 이용자를 모집합니다,단순 조립 및 포장,,,부산 수영구,,상시채용,https://busanjob4u.net/view.do?no=122&pgMode=show&rcrtSeq=1228,busanjob4u:1228,2026-09-08 14:53:52,채용모집,민간
부산장애인일자리정보망,우영식품,빵 제조와 포장 작업하실 분 모집합니다.,빵 제조 및 포장,,,부산 금정구,,상시채용,https://busanjob4u.net/view.do?no=122&pgMode=show&rcrtSeq=1221,busanjob4u:1221,2026-09-08 14:53:52,채용모집,민간
부산장애인일자리정보망,사단법인 누리복지회 사업부,군복 봉제보조,"군복 봉제보조(실밥제거, 포장)",,,부산 사하구,,상시채용,https://busanjob4u.net/view.do?no=122&pgMode=show&rcrtSeq=1193,busanjob4u:1193,2026-09-08 14:53:53,채용모집,민간
부산장애인일자리정보망,효드림아마윤장애인직업재활센터,"[직업재활시설] 자동차 부품 조립하실 분 모집합니다(중증, 심한 장애인 우대)","자동차 부품 조립(가벼운 부품), 단순 조립",,,부산 북구,,상시채용,https://busanjob4u.net/view.do?no=122&pgMode=show&rcrtSeq=1171,busanjob4u:1171,2026-09-08 14:53:53,채용모집,민간
부산장애인일자리정보망,장산직업재활센터,보호작업장 임가공 및 포장 작업 이용자 모집,전자부품 조립,,,부산 해운대구,,상시채용,https://busanjob4u.net/view.do?no=122&pgMode=show&rcrtSeq=393,busanjob4u:393,2026-09-08 14:53:53,채용모집,민간
부산장애인일자리정보망,베데스다직업재활원,베데스다직업재활원 이용장애인 모집,단순 임가공 작업,,,부산 김해시,,상시채용,https://busanjob4u.net/view.do?no=122&pgMode=show&rcrtSeq=18,busanjob4u:18,2026-09-08 14:53:53,채용모집,민간
부산장애인일자리정보망,금정구장애인근로작업장,금정구장애인근로작업장 훈련 이용자 모집,임가공사업,,,부산 금정구,,상시채용,https://busanjob4u.net/view.do?no=122&pgMode=show&rcrtSeq=17,busanjob4u:17,2026-09-08 14:53:53,채용모집,민간
부산장애인일자리정보망,양지직업재활원,양지직업재활원 훈련이용자 모집,단순생산조립업무,,,부산 연제구,,상시채용,https://busanjob4u.net/view.do?no=122&pgMode=show&rcrtSeq=16,busanjob4u:16,2026-09-08 14:53:53,채용모집,민간
부산장애인일자리정보망,온사랑직업재활센터,온사랑직업재활센터 훈련장애인 모집,"임가공 작업(자동차 부품 조립, 생활용품 및 장난감 포장)",,,부산 동래구,,상시채용,https://busanjob4u.net/view.do?no=122&pgMode=show&rcrtSeq=15,busanjob4u:15,2026-09-08 14:53:53,채용모집,민간
부산장애인일자리정보망,서구장애인직업재활시설,"서구장애인직업재활시설 ""꿈나래"" 훈련생 모집",장갑·콘센트·종이봉투등 임가공작업,,,부산 서구,,상시채용,https://busanjob4u.net/view.do?no=122&pgMode=show&rcrtSeq=14,busanjob4u:14,2026-09-08 14:53:53,채용모집,민간
부산장애인일자리정보망,천성직업재활원,근로장애인 및 훈련생 모집,"면장갑 생산, 임가공 작업",,,부산 영도구,,상시채용,https://busanjob4u.net/view.do?no=122&pgMode=show&rcrtSeq=13,busanjob4u:13,2026-09-08 14:53:53,채용모집,민간
부산장애인일자리정보망,사상구장애인근로작업장,사상구장애인근로작업장 훈련근로장애인 모집,단순 임가공 작업,,,부산 사상구,,상시채용,https://busanjob4u.net/view.do?no=122&pgMode=show&rcrtSeq=11,busanjob4u:11,2026-09-08 14:53:53,채용모집,민간
부산장애인일자리정보망,공존직업재활센터,공존직업재활센터 근로장애인 및 훈련장애인 모집,"고무조립, 생필품포장, 기타포장 등 임가공",,,부산 기장군,,상시채용,https://busanjob4u.net/view.do?no=122&pgMode=show&rcrtSeq=10,busanjob4u:10,2026-09-08 14:53:55,채용모집,민간
부산장애인일자리정보망,도영센터,훈련생모집,DM작업 및 조립,,,부산 동래구,,상시채용,https://busanjob4u.net/view.do?no=122&pgMode=show&rcrtSeq=8,busanjob4u:8,2026-09-08 14:53:55,채용모집,민간
