통합키,사이트,원본공고ID,회사명,회사키,공고제목,직무,직무상세,직무키워드,담당업무,자격요건,우대사항,직종,직종코드,직종명,직종대분류코드,직종대분류,직종코드근거,업종,직급직책,근무요일,근무시작,근무종료,근무시간,급여형태,급여최소,급여최대,급여,채용인원,채용인원구분,모집인원원문,학력,경력구분,최소연차,고용형태,고용형태표준,알바여부,시도,시군구,지역원문,상세주소,기술스택,마감일,마감구분,원본_직무,원본_경력,원본_고용형태,원본_지역,원본_마감일,공고URL,외부원본ID,수집시각,부산판정근거
,잡코리아,49577230,㈜수담엔지니어링건축사사무소,수담엔지니어링건축사사무소,"부산지역 정비기반시설공사 감리 (관로, 포장 등 토목공사 감리)","감리, 정비, 포장, 토목, 포장 등 토목공사 감리",감리,,"관로, 포장 등 토목공사 감리","경력 경력무관 학력 학력무관 스킬 토목기사, 토목, 토목시공기술사, 특급기술자, 건설사업관리",토목기사 ㆍ토목시공기술사 ㆍ건설사업관리 특급기술자,,,,,,,건축·설비·환경,,주5일(월~금),08:00,16:00,주5일(월~금) 08:00 ~ 16:00,회사내규,,,회사 내규에 따름 (면접 후 결정),1,명시,1,,무관,0,계약직,계약직,,서울,강남구,서울 강남구,서울 강남구 광평로 280 (수서동) 로즈데일빌딩 1518호,,2026-09-12,기한,감리,경력무관,계약직,서울 강남구,2026-09-12,https://www.jobkorea.co.kr/Recruit/GI_Read/49577230,,2026-09-07 15:51:46,제목엔 부산이나 근무지주소가 타지역
,잡코리아,49728509,골드홈공업㈜,골드홈공업,"부산지사,전남광주지사 골드홈 영업이사 모집입니다","경남지역, 전남지역 전원주택 영업직원 모집입니다, 영업직, 영업직원, 영업","경남지역,전남지역 전원주택 영업직원 모집입니다",,및 우대사항 인원 부산지역 주택영업,경력 신입·경력 학력 학력무관,부산지역 주택영업,,,,,,,건설·시공·토목·조경,,협의,09:00,18:00,협의가능 09:00 ~ 18:00,회사내규,,,회사 내규에 따름 (면접 후 결정),10,명시,10,,경력,,계약직,계약직,,경기,광주시,경기 광주시,경기 광주시 곤지암읍 신만로58번길 29-21 (수양리) 골드홈,,2026-09-10,기한,"경남지역,전남지역 전원주택 영업직원 모집입니다",신입·경력,계약직,경기 광주시,2026-09-10,https://www.jobkorea.co.kr/Recruit/GI_Read/49728509,,2026-09-07 16:11:07,제목엔 부산이나 근무지주소가 타지역
,잡코리아,49776411,㈜지에스에이,지에스에이,[부산][업계최고우대] 미앤미의원 전 지점 상담실장 채용,"상담실장, 실장",상담실장,,,경력 경력무관 학력 학력무관,"기본우대 컴퓨터활용능력 우수자, 통계분석·리서치 능숙자, 프리젠테이션 능력우수자, 엑셀 고급능력 보유자, 문서작성 우수자, 포토샵 능숙자, 리더쉽 소유자, 유관업무 경력자(3년)",,,,,,,응용 소프트웨어 개발 및 공급업,,주5일(월~금),10:00,19:00,주5일(월~금) 10:00 ~ 19:00,회사내규,,,회사 내규에 따름 (면접 후 결정),1,명시,1,,무관,0,정규직,정규직,,서울,서초구,서울 서초구,서울 서초구 서초동 1309 S&GTOWER서초 8층,,2026-09-12,기한,상담실장,경력무관,정규직,서울 서초구,2026-09-12,https://www.jobkorea.co.kr/Recruit/GI_Read/49776411,,2026-09-07 16:51:57,제목엔 부산이나 근무지주소가 타지역
,잡코리아,49592545,엠비씨(MBC)아카데미 컴퓨터교육센터,엠비씨아카데미컴퓨터교육센터,[서울/경기/인천/대전/부산] 최대 전액지원 AI 무료 취업교육생과정 모집,"AI, 기획, 플랫폼, 개발자, 빅데이터, 분석, 솔루션, 퍼블리셔, 프론트엔드, 콘텐츠, 풀스택, 시스템, AI+X, 교육","AI+X 융복합, AI Roboflow, YOLO, 메타버스 기획, 그래픽전문가, AI와 유니티엔진, 스마트플랫폼 개발자, 빅데이터 분석 산업솔루션, 웹퍼블리셔, 프론트엔드, 반응형 웹콘텐츠, 풀스택, 웹기반 빅데이터분석 전문가, 지능형 교통정보 시스템 UI구현, 빅데이터를 활용한 풀스택, 자바(JAVA) 풀스택, 자바(JAVA) 스프링(Spring), 생산형 AI 마스터, 데이터 분석 마스터, Advanced K-Game Academy, 스마트 모빌리티 DX Academy, AI-X 스마트 교통 및 인프라 유지관리",,,"경력 신입·경력 학력 고졸이상 (졸업예정자 가능, 25년 졸업예정자 가능) 스킬",,,134100,네트워크 시스템 개발자,1,연구·공학기술,추정,기타 기술 및 직업훈련학원,,,,,,회사내규,,,회사 내규에 따름 (면접 후 결정),1,명시,1,,경력,,인턴,인턴,,경기,고양시,경기 고양시,"경기 고양시 일산동구 중앙로 1193 (장항동, 마두법조빌딩) 9층 지도보기 서울 구로구 공원로 83 (구로동) 4층 지도보기 서울 관악구 신림로 340 (신림동, 르네상스복합쇼핑몰) 6층 지도보기 서울 노원구 상계로 77 (상계동, 다나플라자) 2층 지도보기 대전광역시 서구 둔산로 59 (둔산동) 아이빌딩 4층",,2026-09-13,기한,AI+X,신입·경력,인턴,경기 고양시,2026-09-13,https://www.jobkorea.co.kr/Recruit/GI_Read/49592545,,2026-09-07 16:59:41,제목엔 부산이나 근무지주소가 타지역
,잡코리아,49592544,엠비씨(MBC)아카데미 컴퓨터교육센터,엠비씨아카데미컴퓨터교육센터,"[서울/경기/인천/대전/부산] 국비 전액지원 무료 취업교육생과정모집 (AI, 풀스택개발, 웹디자인/퍼블리싱","UI, 웹디자인, 프론트엔드, 웹개발, UX, 퍼블리셔, 3D, 콘텐츠, 제작, AI, 개발, 기획, 비전 AI개발, 디지털, 교육, 풀스택, 퍼블리싱","디지털 디자인, UI/UX웹디자인, 프론트엔드 웹개발자, 웹디자인 취업, 스마트 UI/UX 웹퍼블리셔, 유니티를 활용, VR을 활용, 3D 콘텐츠 제작, 유니티(Unity) 3D 블렌더, 게임 그래픽 디자인, AI+X 융복합, AI Roboflow(비전 AI개발), YOLO기반(비전 AI개발), 메타버스 기획, 그래픽 전문가, AI와 유니티엔진, 스마트플랫폼 개발자, 빅데이터 분석 산업솔루션, 웹퍼블리셔/프론트엔드, 반응형 웹콘텐츠 개발기획자, 풀스택개발, RPA/LoWCode 빅데이터 분석가, 지능형교통정보시스템 UI구현, 빅데이",,,"경력 신입·경력 학력 고졸이상 (졸업예정자 가능, 25년 졸업예정자 가능) 스킬 , 메타버스, VR, 게임",,,415504,UX/UI 디자이너,4,예술·디자인·방송·스포츠,추정,기타 기술 및 직업훈련학원,,,,,,회사내규,,,회사 내규에 따름 (면접 후 결정),1,명시,1,,경력,,인턴,인턴,,경기,고양시,경기 고양시,"경기 고양시 일산동구 중앙로 1193 (장항동, 마두법조빌딩) 9층 지도보기 서울 구로구 공원로 83 (구로동) 4층 지도보기 서울 관악구 신림로 340 (신림동, 르네상스복합쇼핑몰) 6층 국제컴퓨터아카데미 지도보기 서울 노원구 상계로 77 (상계동, 다나플라자) 2층 지도보기 대전광역시 서구 둔산로 59 (둔산동) 아이빌딩 4층",,2026-09-13,기한,디지털,신입·경력,인턴,경기 고양시,2026-09-13,https://www.jobkorea.co.kr/Recruit/GI_Read/49592544,,2026-09-07 16:59:41,제목엔 부산이나 근무지주소가 타지역
,잡코리아,49612325,엠즈씨드㈜,엠즈씨드,[폴 바셋] 정규직 바리스타 모집 [서울/경기/부산/제주],바리스타,"바리스타 - 코엑스몰점, 바리스타 - 강남삼성타운점, 바리스타 - 일원역점, 바리스타 - 교대역점, 바리스타 - 롯데백화점 잠실점, 바리스타 - 파미에스테이션점, 바리스타 - 뉴코아 강남점, 바리스타 - 교보문고 강남점, 바리스타 - 현대아울렛 김포점, (마감)바리스타 - 현대아울렛 남양주점, 바리스타 - 롯데몰 동부산점, 바리스타 - 제주공항 국내선점",,,경력 신입·경력 (직급별 상이) 학력 학력무관 스킬,"기본우대 인근거주자, 취업보호대상자, 유관업무 경험자(인턴·알바), 보훈대상자, 관련 학과 전공자, 관련 자격증 보유자, 리더쉽 소유자, 유관업무 경력자(1년), 즉시출근 가능자, 장기근무 가능자",,,,,,,커피 전문점,,주 5일,,,주 5일 (주말 포함한 스케줄 근무) 운영 및 근무 시간 매장별 상이,회사내규,,,회사 내규에 따름 (면접 후 결정),1,명시,1,,경력,,정규직,정규직,,서울,강남구,서울 강남구,"서울 강남구 영동대로 513 (삼성동, 코엑스) 코엑스몰 P104호 지도보기 서울 서초구 서초대로78길 22 (서초동, 홍우제2빌딩) 홍우제2빌딩 1층 지도보기 서울 강남구 일원로 121 (일원동, 일원역) 101호 지도보기 서울 서초구 서초대로 287 (서초동, 석정빌딩) 석정빌딩 1층 지도보기 서울 송파구 올림픽로 240 (잠실동, 롯데월드) 지하 1층",,2026-09-19,기한,바리스타,신입·경력,정규직,서울 강남구,2026-09-19,https://www.jobkorea.co.kr/Recruit/GI_Read/49612325,,2026-09-07 17:21:56,제목엔 부산이나 근무지주소가 타지역
,잡코리아,49785826,국민유통,국민유통,급구) 부산 우유 및 치즈 유제품 납품 및 배송기사 모집- 1톤탑차운전가능,"유제품 납품 및 매장관리, 매장관리, 매장, 배송, 기사, 운전, 배송기사",유제품 납품 및 매장관리,,부산지역 마트 및 거래처에 우유 및 치즈 유제품 배송 및 납품 스킬 ㆍ1종보통운전면허,경력 경력무관 학력 학력무관 스킬,"기본우대 인근거주자, 차량소지자, 운전가능자, 유관업무 경험자(인턴·알바), 즉시출근 가능자, 장기근무 가능자",,,,,,,음ㆍ식료품 및 담배 중개업,,주6일(월~토),06:00,15:00,주6일(월~토) 06:00 ~ 15:00 납품완료시 조기퇴근가능,연봉,3600,,연봉 3600만원 ~ 0만원,1,명시,1,,무관,0,"정규직, 계약직","계약직, 정규직",,경남,김해시,경남 김해시,경남 김해시 대동면 주중길 29 (주중리) 1층,,2026-09-13,기한,유제품 납품 및 매장관리,경력무관,"정규직, 계약직",경남 김해시,2026-09-13,https://www.jobkorea.co.kr/Recruit/GI_Read/49785826,,2026-09-07 17:24:34,제목엔 부산이나 근무지주소가 타지역
,잡코리아,49622827,㈜직방,직방,[직방] 중개사무소(APT) 광고 영업매니저 - 부산,"중개사무소 대상 광고 영업 매니저, 사무, 광고, 영업, 매니저, 영업매니저",중개사무소 대상 광고 영업 매니저,,,경력 경력무관 학력 학력무관,,,,,,,,모바일·APP,,주5일(월~금),09:30,18:30,주5일(월~금) 09:30 ~ 18:30,회사내규,,,회사 내규에 따름 (면접 후 결정),1,명시,1,,무관,0,계약직,계약직,,서울,강남구,서울 강남구,"서울 강남구 영동대로 731 (청담동, 신영빌딩) 지하 2층 (청담동,신영빌딩)",,2026-09-19,기한,중개사무소 대상 광고 영업 매니저,경력무관,계약직,서울 강남구,2026-09-19,https://www.jobkorea.co.kr/Recruit/GI_Read/49622827,,2026-09-07 17:30:07,제목엔 부산이나 근무지주소가 타지역
,잡코리아,49678184,㈔세계교육문화원,㈔세계교육문화원,"NGO대면모금 부산,제주 프리랜서 모집","나눔마케팅부, 마케팅",나눔마케팅부,,"정기후원자 모집 캠페인 진행 스킬 ㆍ스피치, 커뮤니케이션스킬","경력 경력 (1년이상) 학력 고졸이상 스킬 , 스피치, 커뮤니케이션스킬","기본우대 봉사활동 경험, 인근거주자, 운전가능자, 유관업무 경험자(인턴·알바), 리더쉽 소유자, 유관업무 경력자(1년), 즉시출근 가능자, 장기근무 가능자",,024102,마케팅 전문가,0,경영·사무·금융·보험,추정,그 외 기타 협회 및 단체,,주6일(월~토),09:00,18:00,주6일(월~토) 09:00 ~ 18:00,회사내규,,,회사 내규에 따름 (면접 후 결정),1,명시,1,,경력,,계약직,계약직,,서울,금천구,서울 금천구,서울 금천구 가산디지털1로 145 (가산동) 1604호,,2026-09-27,기한,"㈔세계교육문화원에서 경력 채용을 진행합니다. 근무지는 서울 금천구 가산디지털1로 145 (가산동)이며, 자세한 조건은 공고를 통해 확인할 수 있습니다.",경력,계약직,서울 금천구,2026-09-27,https://www.jobkorea.co.kr/Recruit/GI_Read/49678184,,2026-09-07 18:08:29,제목엔 부산이나 근무지주소가 타지역
,잡코리아,49856602,㈜대우로직스,대우로직스,"부산,울산,경상권-5톤윙바디/화물차운전/쿠팡 외 대기업물량/본사배차/초보","5톤화물차운전, 화물, 운전",5톤화물차운전,,,경력 신입·경력 학력 학력무관 스킬,자격증 화물운송종사자격증,,,,,,,"화물운송 중개, 대리 및 관련 서비스업",,협의,00:00,00:00,협의가능 00:00 ~ 00:00 탄력근무제 주/야간 선택 가능,연봉,5000,6000,연봉 5000만원 ~ 6000만원,1,명시,1,,경력,,"정규직, 계약직","계약직, 정규직",,울산,남구,울산 남구,울산 남구 테크노산업로55번길 49-20 (두왕동) 물류센터,,2026-09-25,기한,"㈜대우로직스에서 정규직 신입·경력 채용을 진행합니다. 근무지는 울산 남구 테크노산업로55번길 49-20 (두왕동)이며, 자세한 조건은 공고를 통해 확인할 수 있습니다.",신입·경력,"정규직, 계약직",울산 남구,2026-09-25,https://www.jobkorea.co.kr/Recruit/GI_Read/49856602,,2026-09-07 18:25:32,제목엔 부산이나 근무지주소가 타지역
,잡코리아,49917784,㈜한국백신,한국백신,"한국백신판매(주) 영업사원(MR) 대규모 채용(부산, 경남)","영업관리, 판매, 영업, 사원, 영업사원, 분석",영업관리,,백신 병/의원 영업 ㆍ영업 전략 운영 및 거래처 관리 ㆍ시장분석 및 전략 수립 ㆍ자사 제품 디테일링,경력 신입·경력 (1년이상) 학력 대졸이상 (졸업예정자 가능) 스킬,"기본우대 군전역간부(장교·부사관), 인근거주자, 컴퓨터활용능력 우수자, 운전가능자, 프리젠테이션 능력우수자, 리더쉽 소유자, 우수사원 수상자, 유관업무 경력자, 즉시출근 가능자, 장기근무 가능자",,015100,영업 및 판매 관련 관리자,0,경영·사무·금융·보험,추정,완제 의약품 제조업,,주5일(월~금),08:30,17:30,주5일(월~금) 08:30 ~ 17:30,회사내규,,,회사 내규에 따름 (면접 후 결정),1,명시,1,,경력,,정규직,정규직,,경남,김해시,경남 김해시,"경남 김해시 김해대로 2295 (봉황동, 제황빌딩) 3층",,2026-09-28,기한,"㈜한국백신에서 정규직 신입·경력 채용을 진행합니다. 근무지는 경남 김해시 김해대로 2295 (봉황동, 제황빌딩)이며, 자세한 조건은 공고를 통해 확인할 수 있습니다.",신입·경력,정규직,경남 김해시,2026-09-28,https://www.jobkorea.co.kr/Recruit/GI_Read/49917784,,2026-09-07 18:39:46,제목엔 부산이나 근무지주소가 타지역
,잡코리아,49866557,㈜대우로직스,대우로직스,"울산,부산,경상-화물차운전/5톤윙바디/운전만/대기업 안정물량/월490이상","5톤화물차운전, 화물, 운전",5톤화물차운전,,,경력 신입·경력 학력 학력무관 스킬,자격증 화물운송종사자,,,,,,,"화물운송 중개, 대리 및 관련 서비스업",,주5일,00:00,00:00,주5일 / 주6일 선택 00:00 ~ 00:00 주/야간 선택 가능,연봉,5000,6000,연봉 5000만원 ~ 6000만원,1,명시,1,,경력,,"정규직, 계약직","계약직, 정규직",,울산,남구,울산 남구,울산 남구 테크노산업로55번길 49-20 (두왕동),,2026-09-26,기한,"㈜대우로직스에서 정규직 신입·경력 채용을 진행합니다. 근무지는 울산 남구 테크노산업로55번길 49-20 (두왕동)이며, 자세한 조건은 공고를 통해 확인할 수 있습니다.",신입·경력,"정규직, 계약직",울산 남구,2026-09-26,https://www.jobkorea.co.kr/Recruit/GI_Read/49866557,,2026-09-07 18:46:51,제목엔 부산이나 근무지주소가 타지역
,잡코리아,49888403,연정사,연정사,[부산 사무직 채용] 친구 연애상담 자주 해주는 분 / 월 350&인센,"영업관리, 사무직, 부산 사무직 채용",영업관리,,,경력 신입·경력 학력 학력무관,"기본우대 인근거주자, 차량소지자, 즉시출근 가능자, 장기근무 가능자",,,,,,,콜센터·아웃소싱·기타,,주5일(월~금),13:00,22:00,주5일(월~금) 13:00 ~ 22:00,월급,230,400,월급 230만원 ~ 400만원,1,명시,1,,경력,,정규직,정규직,,충북,청주시,충북 청주시,충북 청주시 서원구 사직대로 115 (사창동) 11층,,2026-09-30,기한,"연정사에서 정규직 신입·경력 채용을 진행합니다. 근무지는 충북 청주시 서원구 사직대로 115 (사창동)이며, 자세한 조건은 공고를 통해 확인할 수 있습니다.",신입·경력,정규직,충북 청주시,2026-09-30,https://www.jobkorea.co.kr/Recruit/GI_Read/49888403,,2026-09-07 19:01:28,제목엔 부산이나 근무지주소가 타지역
,잡코리아,49841028,모기지파트너스,모기지파트너스,"신한은행 대출위탁법인 모기지파트너스 대출상담사 (부산,  경남)","상담사, 대출상담사, 자동차",신한은행 대출위탁법인 대출상담사부산.울산.경남,,은행대출 상담사 담보대출/ 전세대출/ 자동차대출/ 신용대출 - 학력 : 고졸이상 - 경력 : 경력무관 [,경력 경력무관 학력 고졸이상,"기본우대 인근거주자, 차량소지자, 운전가능자 자격증",,,,,,,그 외 기타 금융 지원 서비스업,,주5일(월~금),,,주5일(월~금) 탄력근무제,회사내규,,,회사 내규에 따름,1,명시,1,,무관,0,계약직,계약직,,경남,창원시,경남 창원시,"경남 창원시 마산합포구 산호북19길 1 (산호동, 신한은행)",,2026-10-01,기한,"모기지파트너스에서 경력무관 채용을 진행합니다. 근무지는 경남 창원시 마산합포구 산호북19길 1 (산호동, 신한은행)이며, 자세한 조건은 공고를 통해 확인할 수 있습니다.",경력무관,계약직,경남 창원시,2026-10-01,https://www.jobkorea.co.kr/Recruit/GI_Read/49841028,,2026-09-07 19:03:08,제목엔 부산이나 근무지주소가 타지역
,잡코리아,49703430,㈜삼오진건설,삼오진건설,[부산진구] 전문건설업 현장관리자 채용 합니다.,"건설 현장, 현장, 현장관리, 교육",건설 현장,,안전교육 실시/tbm활동 ㆍ현장관련 서류 작업 및 관리 ㆍ작업일보 작성 ㆍ업무회의 ㆍ현장 일용직 관리 및 서류 작성 ㆍ관공서 업무 등,경력 경력무관 학력 학력무관,"기본우대 인근거주자, 차량소지자, 운전가능자, 지방근무 가능자, 문서작성 우수자, 즉시출근 가능자, 장기근무 가능자",,,,,,,건설·시공·토목·조경,,주6일(월~토),08:00,17:00,주6일(월~토) 08:00 ~ 17:00,연봉,3900,,연봉 3900만원 ~ 0만원,1,명시,1,,무관,0,정규직,정규직,,서울,서초구,서울 서초구,"서울 서초구 동작대로 22 (방배동, 삼미빌딩) 3층",,2026-10-02,기한,"㈜삼오진건설에서 정규직 경력무관 채용을 진행합니다. 근무지는 서울 서초구 동작대로 22 (방배동, 삼미빌딩)이며, 자세한 조건은 공고를 통해 확인할 수 있습니다.",경력무관,정규직,서울 서초구,2026-10-02,https://www.jobkorea.co.kr/Recruit/GI_Read/49703430,,2026-09-07 19:11:41,제목엔 부산이나 근무지주소가 타지역
,잡코리아,49705945,㈜굿앤피플컴퍼니,굿앤피플컴퍼니,쿠팡 워터플렉스 파트너사 / 생수 전담 택배 배송기사 / 부산s1,"배송기사, 배송, 기사, 택배",배송기사,,,경력 경력무관 학력 학력무관,,,,,,,,물류·운송·배송,,주5일(월~금),09:00,18:00,주5일(월~금) 09:00 ~ 18:00,월급,400,500,월급 400만원 ~ 500만원,1,명시,1,,무관,0,"정규직, 계약직","계약직, 정규직",,서울,송파구,서울 송파구,서울 송파구 방이동 65-2 진넥스레이크뷰 5층,,2026-10-02,기한,"㈜굿앤피플컴퍼니에서 정규직 경력무관 채용을 진행합니다. 근무지는 서울 송파구 방이동이며, 자세한 조건은 공고를 통해 확인할 수 있습니다.",경력무관,"정규직, 계약직",서울 송파구,2026-10-02,https://www.jobkorea.co.kr/Recruit/GI_Read/49705945,,2026-09-07 19:12:16,제목엔 부산이나 근무지주소가 타지역
,잡코리아,49705981,㈜굿앤피플컴퍼니,굿앤피플컴퍼니,쿠팡 워터플렉스 파트너사 / 생수 전담 택배 배송기사 / 부산 s1,"배송기사, 배송, 기사, 택배",배송기사,,,경력 경력무관 학력 학력무관,,,,,,,,물류·운송·배송,,주5일(월~금),09:00,18:00,주5일(월~금) 09:00 ~ 18:00,월급,400,500,월급 400만원 ~ 500만원,1,명시,1,,무관,0,"정규직, 계약직","계약직, 정규직",,서울,송파구,서울 송파구,서울 송파구 방이동 65-2 진넥스레이크뷰 5층,,2026-10-02,기한,"㈜굿앤피플컴퍼니에서 정규직 경력무관 채용을 진행합니다. 근무지는 서울 송파구 방이동이며, 자세한 조건은 공고를 통해 확인할 수 있습니다.",경력무관,"정규직, 계약직",서울 송파구,2026-10-02,https://www.jobkorea.co.kr/Recruit/GI_Read/49705981,,2026-09-07 19:12:17,제목엔 부산이나 근무지주소가 타지역
,잡코리아,49879320,메드트로닉코리아 유한회사,메드트로닉코리아,[메드트로닉코리아] 영업담당자 - 부산/울산/경남,"Sales Representative, 영업, 영업담당자, 설치, 판매, 유통",Sales Representative,,"(Primary Responsibilities) 제품 설치 (Installation) 관련 활동 관리 담당 지역 및 주요 고객을 대상으로 Medtronic 제품 및 서비스를 판매하여 영업 목표를 달성하거나 초과 달성 유통업체 (Distributor) 및 의료진 (HCP) 을 포함한 주요 이해관계자와 장기적인 관계 구축 및 강화 잠재 고객 발굴 , 고객 니즈 분석 및 제품 / 서비스 제공을 통해 Medtronic 제품 및 서비스의 가치 극대화 회사 제품 및 서비스 관련 교육 프로그램 기획 및 지원 고객 및 경쟁사 활동을 포함한 시장 조사 수행 시장 개발 계획 및 전략 실행 , 필요 시 전략 수정 및 개선 신규 제품 또는 기존 제품의 개선 사항에 대한 고객 피드백을 수집하여 R&D, Operations, Marketing 등 내부 이해관계자와 공유 필수",경력 경력무관 학력 대졸이상,,,015100,영업 및 판매 관련 관리자,0,경영·사무·금융·보험,추정,의료기기 도매업,,주5일(월~금),09:00,18:00,주5일(월~금) 09:00 ~ 18:00,회사내규,,,회사 내규에 따름 (면접 후 결정),1,명시,1,,무관,0,정규직,정규직,,서울,강남구,서울시 강남구,서울시 강남구 테헤란로 534 글라스타워 17층,,2026-09-27,기한,"메드트로닉코리아 유한회사에서 정규직 경력무관 채용을 진행합니다. 근무지는 서울시 강남구 테헤란로 534 글라스타워 17층이며, 자세한 조건은 공고를 통해 확인할 수 있습니다.",경력무관,정규직,서울시 강남구,2026-09-27,https://www.jobkorea.co.kr/Recruit/GI_Read/49879320,,2026-09-07 19:22:58,제목엔 부산이나 근무지주소가 타지역
,잡코리아,49712862,㈜굿앤피플컴퍼니,굿앤피플컴퍼니,씨제이대한통운 생수만 배송하는 택배전담 기사 모집 ㅇ 부산전지역r4,"택배기사, 배송, 택배, 기사",택배기사,,,경력 경력무관 학력 학력무관,,,,,,,,물류·운송·배송,,주6일(월~토),09:00,18:00,주6일(월~토) 09:00 ~ 18:00,월급,400,500,월급 400만원 ~ 500만원,1,명시,1,,무관,0,"정규직, 계약직","계약직, 정규직",,서울,송파구,서울 송파구,서울 송파구 방이동 65-2 진넥스레이크뷰 5층,,2026-10-03,기한,"㈜굿앤피플컴퍼니에서 정규직 경력무관 채용을 진행합니다. 근무지는 서울 송파구 방이동이며, 자세한 조건은 공고를 통해 확인할 수 있습니다.",경력무관,"정규직, 계약직",서울 송파구,2026-10-03,https://www.jobkorea.co.kr/Recruit/GI_Read/49712862,,2026-09-07 19:40:06,제목엔 부산이나 근무지주소가 타지역
,잡코리아,49715438,(주)라웰드,라웰드,롯데홈쇼핑 택배 배송 기사 모집 ㅁ부산 지역 ㅁ단순 배송r12,"택배, 배송, 기사",택배,,,경력 경력무관 학력 학력무관,,,,,,,,물류·운송·배송,,주6일(월~토),09:00,18:00,주6일(월~토) 09:00 ~ 18:00,월급,550,600,월급 550만원 ~ 600만원,1,명시,1,,무관,0,"정규직, 계약직","계약직, 정규직",,서울,송파구,서울 송파구,서울 송파구 방이동 65-2 진넥스레이크뷰 5층,,2026-10-03,기한,"(주)라웰드에서 정규직 경력무관 채용을 진행합니다. 근무지는 서울 송파구 방이동이며, 자세한 조건은 공고를 통해 확인할 수 있습니다.",경력무관,"정규직, 계약직",서울 송파구,2026-10-03,https://www.jobkorea.co.kr/Recruit/GI_Read/49715438,,2026-09-07 19:40:42,제목엔 부산이나 근무지주소가 타지역
,잡코리아,49898295,㈜대우로직스,대우로직스,경상권-부산-울산/5톤화물차운전/5톤윙바디/대기업물동량/월490이상/초보,"5톤 화물차운전, 화물, 운전",5톤 화물차운전,,,경력 신입·경력 학력 학력무관 스킬,자격증 화물운송종사자,,,,,,,"화물운송 중개, 대리 및 관련 서비스업",,주5일,00:00,00:00,주5일 / 주6일 선택 00:00 ~ 00:00 주/야간 선택 가능,연봉,5000,6000,연봉 5000만원 ~ 6000만원,1,명시,1,,경력,,"정규직, 계약직","계약직, 정규직",,울산,남구,울산 남구,울산 남구 테크노산업로55번길 49-20 (두왕동),,2026-10-01,기한,"㈜대우로직스에서 정규직 신입·경력 채용을 진행합니다. 근무지는 울산 남구 테크노산업로55번길 49-20 (두왕동)이며, 자세한 조건은 공고를 통해 확인할 수 있습니다.",신입·경력,"정규직, 계약직",울산 남구,2026-10-01,https://www.jobkorea.co.kr/Recruit/GI_Read/49898295,,2026-09-07 19:43:28,제목엔 부산이나 근무지주소가 타지역
,잡코리아,49720227,(주)라웰드,라웰드,롯데홈쇼핑 거주지 인근 센터 근무 택배 배송기사 모집 ㅁ 부산지역r17,"배송업무, 배송, 택배, 기사, 배송기사",배송업무,,,경력 경력무관 학력 학력무관,,,,,,,,물류·운송·배송,,주6일(월~토),09:00,18:00,주6일(월~토) 09:00 ~ 18:00,월급,550,600,월급 550만원 ~ 600만원,1,명시,1,,무관,0,"정규직, 계약직","계약직, 정규직",,서울,송파구,서울 송파구,"서울 송파구 오금로 99 (방이동, 진넥스레이크뷰) 5층",,2026-10-04,기한,"(주)라웰드에서 정규직 경력무관 채용을 진행합니다. 근무지는 서울 송파구 오금로 99 (방이동, 진넥스레이크뷰)이며, 자세한 조건은 공고를 통해 확인할 수 있습니다.",경력무관,"정규직, 계약직",서울 송파구,2026-10-04,https://www.jobkorea.co.kr/Recruit/GI_Read/49720227,,2026-09-07 19:51:56,제목엔 부산이나 근무지주소가 타지역
,잡코리아,49907652,㈜원에이치알코퍼레이션,원에이치알코퍼레이션,[부산.경남지역] 외국계 가전브랜드 유통점 순회 영업관리직 모집,"영업관리, 유통, 판매, 영업, 사원, 교육, 판매사원",영업관리,,영업관리 및 지원 (Super-Visor) 부산.경남권 가전제품 유통점 순회 영업관리 진열점검 / 매출관리 / 판매협조영업 / 판매사원 관리 / 제품 교육 학력 : 고졸이상 경력 : 경력무관,경력 경력무관 학력 고졸이상,"기본우대 차량소지자, 운전가능자, 유관업무 경험자(인턴·알바), 유관업무 경력자(2년), 장기근무 가능자",,015100,영업 및 판매 관련 관리자,0,경영·사무·금융·보험,추정,백화점·유통·도소매,,주5일(월~금),10:00,19:00,주5일(월~금) 10:00 ~ 19:00,연봉,3000,3000,연봉 3000만원 ~ 3000만원,1,명시,1,,무관,0,정규직,정규직,,서울,영등포구,서울 영등포구,서울 영등포구 양평동3가 16 양평동우림 이 비지센타 511호,,2026-10-02,기한,"㈜원에이치알코퍼레이션에서 정규직 경력무관 채용을 진행합니다. 근무지는 서울 영등포구 양평동3가이며, 자세한 조건은 공고를 통해 확인할 수 있습니다.",경력무관,정규직,서울 영등포구,2026-10-02,https://www.jobkorea.co.kr/Recruit/GI_Read/49907652,,2026-09-07 19:57:44,제목엔 부산이나 근무지주소가 타지역
,잡코리아,49721675,㈜라웰드,라웰드,현대홈쇼핑 택배 배송기사 모집 ㄴ 부산 지역 ㄴ 소화물 전담r10,"택배, 배송, 기사, 화물, 배송기사",택배,,,경력 경력무관 학력 학력무관,,,,,,,,물류·운송·배송,,주6일(월~토),09:00,18:00,주6일(월~토) 09:00 ~ 18:00,월급,400,500,월급 400만원 ~ 500만원,1,명시,1,,무관,0,"정규직, 계약직","계약직, 정규직",,서울,송파구,서울 송파구,"서울 송파구 방이동 65-2 진넥스레이크뷰 , 5층",,2026-10-04,기한,"㈜라웰드에서 정규직 경력무관 채용을 진행합니다. 근무지는 서울 송파구 방이동이며, 자세한 조건은 공고를 통해 확인할 수 있습니다.",경력무관,"정규직, 계약직",서울 송파구,2026-10-04,https://www.jobkorea.co.kr/Recruit/GI_Read/49721675,,2026-09-07 20:02:06,제목엔 부산이나 근무지주소가 타지역
,잡코리아,49910736,주식회사 제이앤에스컴퍼니 ,제이앤에스컴퍼니,"[기금섭외 전담][부산] 상조 브리핑 영업사원(신입,경력)모집","브리핑영업, 영업, 사원, 영업사원",브리핑영업,,"기금섭외 전담 상조 브리핑 영업 활동지역 부산·경남 전지역 취급상품 더피플라이프, 보람상조",경력 경력무관 학력 학력무관 스킬,,,,,,,,-,,주5일(월~금),09:00,18:00,주5일(월~금) 09:00 ~ 18:00,연봉,8000,30000,연봉 8000만원 ~ 30000만원,1,명시,1,,무관,0,계약직,계약직,,경기,파주시,경기 파주시,"경기 파주시 소리천로 25 (야당동, 유은타워7차) 607,8,9호",,2026-10-02,기한,"주식회사 제이앤에스컴퍼니 에서 경력무관 채용을 진행합니다. 근무지는 경기 파주시 소리천로 25 (야당동, 유은타워7차)이며, 자세한 조건은 공고를 통해 확인할 수 있습니다.",경력무관,계약직,경기 파주시,2026-10-02,https://www.jobkorea.co.kr/Recruit/GI_Read/49910736,,2026-09-07 20:25:36,제목엔 부산이나 근무지주소가 타지역
,잡코리아,49661175,㈜건국물류,건국물류,[부산/울산/창원/김해]5톤 윙바디 운송기사모집/직접 배차하는 회사/초보ㅇ,"5톤 화물운송 일자리, 화물, 운송, 기사",5톤 화물운송 일자리,,,경력 신입·경력 학력 학력무관 스킬,"기본우대 인근거주자, 차량소지자, 운전가능자, 관련 자격증 보유자, 유관업무 경력자(1년), 즉시출근 가능자, 장기근무 가능자 자격증",,,,,,,물류·운송·배송,,탄력근무제,07:00,07:00,"07:00 ~ 07:00 탄력근무제 출퇴근, 차숙 (협의 가능)",월급,450,700,월급 450만원 ~ 700만원,1,명시,1,,경력,,"정규직, 계약직","계약직, 정규직",,경기,광명시,경기 광명시,"경기 광명시 신기로 21 (일직동, 대호엠스퀘어) (GS스틸타워) 11층 1103호",,2026-09-25,기한,"㈜건국물류에서 정규직 신입·경력 채용을 진행합니다. 근무지는 경기 광명시 신기로 21 (일직동, 대호엠스퀘어)이며, 자세한 조건은 공고를 통해 확인할 수 있습니다.",신입·경력,"정규직, 계약직",경기 광명시,2026-09-25,https://www.jobkorea.co.kr/Recruit/GI_Read/49661175,,2026-09-07 20:34:34,제목엔 부산이나 근무지주소가 타지역
,잡코리아,49917034,코웨이㈜,코웨이,"(주)코웨이 홈케어 매트리스 케어서비스 담당자 모집 / 창원시,부산강서구","렌탈영업, 렌탈제품관리, 수면환경관리, 영업, 환경관리, 운전","렌탈영업,렌탈제품관리, 수면환경관리",,"매트리스 렌탈 케어서비스 ㆍ코웨이 제품 영업 스킬 ㆍ1종보통운전면허, 2종보통운전면허",경력 경력무관 학력 학력무관 스킬,"기본우대 인근거주자, 차량소지자, 장기근무 가능자",,,,,,,그 외 기타 달리 분류되지 않은 개인 서비스업,,협의,09:00,19:00,협의가능 09:00 ~ 19:00 탄력근무제,월급,300,,월급 300만원 ~ 0만원,1,명시,1,,무관,0,기타,,,경남,창원시,경남 창원시,"경남 창원시 진해구 석동로 51 (석동, 세븐코아) 405호",,2026-10-03,기한,"코웨이㈜에서 경력무관 채용을 진행합니다. 근무지는 경남 창원시 진해구 석동로 51 (석동, 세븐코아)이며, 자세한 조건은 공고를 통해 확인할 수 있습니다.",경력무관,기타,경남 창원시,2026-10-03,https://www.jobkorea.co.kr/Recruit/GI_Read/49917034,,2026-09-07 20:39:04,제목엔 부산이나 근무지주소가 타지역
,잡코리아,49767804,삼성생명㈜,삼성생명,(부산 전지점)삼성생명(주) GFC 사업부 및  SFP 지역단 금융영업 위촉직 채용,"GFC 사업부, SFP 지역단, 영업","GFC 사업부, SFP 지역단",,,경력 신입·경력 학력 학력무관,기본우대 모집요강 참조,,,,,,,증권·보험·카드,,협의,09:00,17:00,협의가능 09:00 ~ 17:00 면접후 결정,회사내규,,,"회사 내규에 따름 (면접 후 결정, 상세요강 참조)",1,명시,1,,경력,,기타,,,서울,서초구,서울 서초구,"서울 서초구 서초대로74길 11 (서초동, 삼성전자빌딩) 삼성생명㈜",,2026-10-11,기한,"삼성생명㈜에서 신입·경력 채용을 진행합니다. 근무지는 서울 서초구 서초대로74길 11 (서초동, 삼성전자빌딩)이며, 자세한 조건은 공고를 통해 확인할 수 있습니다.",신입·경력,기타,서울 서초구,2026-10-11,https://www.jobkorea.co.kr/Recruit/GI_Read/49767804,,2026-09-07 20:40:54,제목엔 부산이나 근무지주소가 타지역
,잡코리아,49919527,㈜위드정보시스템,위드정보시스템,부산 금융기관 Python 개발자 모집,"부산 금융기관 파이썬 개발자, 개발자, 플랫폼, 개발",부산 금융기관 파이썬 개발자 모집,,"AI플랫폼 활용 개발 스킬 ㆍ Python, JAVA, Javascript, RestAPI, Spring",경력 경력 (3년이상) 학력 학력무관 스킬,"기본우대 인근거주자, 지방근무 가능자",,,,,,,솔루션·SI·CRM·ERP,,주5일(월~금),09:00,18:00,주5일(월~금) 09:00 ~ 18:00,회사내규,,,회사 내규에 따름 (면접 후 결정),1,명시,1,,경력,,계약직,계약직,,경남,거제시,경남 거제시,"경남 거제시 능포로 32 (장승포동, 오션타워)",,2026-10-03,기한,"㈜위드정보시스템에서 경력 채용을 진행합니다. 근무지는 경남 거제시 능포로 32 (장승포동, 오션타워)이며, 자세한 조건은 공고를 통해 확인할 수 있습니다.",경력,계약직,경남 거제시,2026-10-03,https://www.jobkorea.co.kr/Recruit/GI_Read/49919527,,2026-09-07 20:48:39,제목엔 부산이나 근무지주소가 타지역
,잡코리아,49773537,㈜제이에스에이치케이,제이에스에이치케이,2026 JSHK 하반기 부산경상 배달의민족 영업관리직 프리랜서 채용 공고,"배달의민족 영업관리 부산경상 프리랜서, 배달, 영업관리",배달의민족 영업관리 부산경상 프리랜서 채용공고,,,경력 경력무관 학력 학력무관,기본우대 차량소지자,,,,,,,응용 소프트웨어 개발 및 공급업,,주5일(월~금),,,주5일(월~금) 탄력근무제,연봉,3000,,연봉 3000만원 ~ 0만원,2,명시,2,,무관,0,계약직,계약직,,대구,중구,대구 중구,대구 중구 동덕로 184-1 (동인동1가),,2026-10-11,기한,"㈜제이에스에이치케이에서 경력무관 채용을 진행합니다. 근무지는 대구 중구 동덕로 184-1 (동인동1가)이며, 자세한 조건은 공고를 통해 확인할 수 있습니다.",경력무관,계약직,대구 중구,2026-10-11,https://www.jobkorea.co.kr/Recruit/GI_Read/49773537,,2026-09-07 20:50:39,제목엔 부산이나 근무지주소가 타지역
,잡코리아,49776569,㈜건국물류,건국물류,[부산 5톤 화물차 운송]거주지 인근 출발/본사 직접 배차/꾸준한 물량,"대기업 공산품, 화물, 운송, 부산 5톤 화물차 운송",대기업 공산품,,,경력 신입·경력 학력 학력무관 스킬,"기본우대 인근거주자, 차량소지자, 운전가능자, 야간근무 가능자, 지방근무 가능자, 관련 자격증 보유자, 유관업무 경력자, 즉시출근 가능자, 장기근무 가능자, 중장년층, 외국인 자격증",,,,,,,물류·운송·배송,,협의,09:00,18:00,"협의가능 09:00 ~ 18:00 탄력근무제 출퇴근, 차숙 (협의 가능)",월급,500,800,월급 500만원 ~ 800만원,1,명시,1,,경력,,"정규직, 계약직","계약직, 정규직",,경기,광명시,경기 광명시,"경기 광명시 신기로 21 (일직동, 대호엠스퀘어) (GS스틸타워) 11층 1103호",,2026-10-12,기한,"㈜건국물류에서 정규직 신입·경력 채용을 진행합니다. 근무지는 경기 광명시 신기로 21 (일직동, 대호엠스퀘어)이며, 자세한 조건은 공고를 통해 확인할 수 있습니다.",신입·경력,"정규직, 계약직",경기 광명시,2026-10-12,https://www.jobkorea.co.kr/Recruit/GI_Read/49776569,,2026-09-07 21:01:11,제목엔 부산이나 근무지주소가 타지역
,잡코리아,49915914,㈜건국물류,건국물류,[부산/울산 택배간선]5톤 화물운전 일자리/고정노선/꾸준한 물량/매출제,"5톤 화물차 택배 간선 운송기사, 화물, 택배, 운송, 기사, 운송기사, 운전, 울산 택배간선",5톤 화물차 택배 간선 운송기사,,,경력 신입·경력 학력 학력무관 스킬,"기본우대 인근거주자, 차량소지자, 운전가능자, 관련 자격증 보유자, 유관업무 경력자(1년), 즉시출근 가능자, 장기근무 가능자 자격증",,,,,,,물류·운송·배송,,협의,07:00,07:00,"협의가능 07:00 ~ 07:00 탄력근무제 출퇴근, 차숙 (협의 가능)",월급,450,600,월급 450만원 ~ 600만원,1,명시,1,,경력,,"정규직, 계약직","계약직, 정규직",,경기,광명시,경기 광명시,"경기 광명시 신기로 21 (일직동, 대호엠스퀘어) (GS스틸타워) 11층 1103호",,2026-11-02,기한,"㈜건국물류에서 정규직 신입·경력 채용을 진행합니다. 근무지는 경기 광명시 신기로 21 (일직동, 대호엠스퀘어)이며, 자세한 조건은 공고를 통해 확인할 수 있습니다.",신입·경력,"정규직, 계약직",경기 광명시,2026-11-02,https://www.jobkorea.co.kr/Recruit/GI_Read/49915914,,2026-09-07 21:07:40,제목엔 부산이나 근무지주소가 타지역
,잡코리아,49852873,㈜건국물류,건국물류,"[부산/울산]5톤 화물차 운송기사/다수 노선 보유/본사 직접 배차/지입,임대","5톤 화물운송 일자리, 화물, 운송, 기사, 운송기사",5톤 화물운송 일자리,,,경력 신입·경력 학력 학력무관 스킬,"기본우대 인근거주자, 차량소지자, 운전가능자, 관련 자격증 보유자, 유관업무 경력자(1년), 즉시출근 가능자, 장기근무 가능자 자격증",,,,,,,물류·운송·배송,,협의,09:00,18:00,"협의가능 09:00 ~ 18:00 탄력근무제 출퇴근, 차숙 (협의 가능)",월급,450,700,월급 450만원 ~ 700만원,1,명시,1,,경력,,"정규직, 계약직","계약직, 정규직",,경기,광명시,경기 광명시,"경기 광명시 신기로 21 (일직동, 대호엠스퀘어) (GS스틸타워) 11층 1103호",,2026-10-24,기한,"㈜건국물류에서 정규직 신입·경력 채용을 진행합니다. 근무지는 경기 광명시 신기로 21 (일직동, 대호엠스퀘어)이며, 자세한 조건은 공고를 통해 확인할 수 있습니다.",신입·경력,"정규직, 계약직",경기 광명시,2026-10-24,https://www.jobkorea.co.kr/Recruit/GI_Read/49852873,,2026-09-07 21:13:04,제목엔 부산이나 근무지주소가 타지역
,잡코리아,49798313,㈜건국물류,건국물류,[롯데택배]부산 5톤 윙바디 화물운전직 기사/정년없는 평생직장/고정노선,"롯데 택배 5톤 화물운송기사, 택배, 화물, 운송, 기사, 화물운송기사, 운전, 롯데택배",롯데 택배 5톤 화물운송기사,,,경력 신입·경력 학력 학력무관 스킬,"기본우대 인근거주자, 차량소지자, 운전가능자, 야간근무 가능자, 지방근무 가능자, 관련 자격증 보유자, 유관업무 경력자(1년), 즉시출근 가능자, 장기근무 가능자 자격증",,,,,,,물류·운송·배송,,협의,09:00,18:00,"협의가능 09:00 ~ 18:00 탄력근무제 출퇴근, 차숙 (협의 가능)",월급,500,700,월급 500만원 ~ 700만원,1,명시,1,,경력,,"정규직, 계약직","계약직, 정규직",,경기,광명시,경기 광명시,"경기 광명시 신기로 21 (일직동, 대호엠스퀘어) (GS스틸타워) 11층 1103호",,2026-10-17,기한,"㈜건국물류에서 정규직 신입·경력 채용을 진행합니다. 근무지는 경기 광명시 신기로 21 (일직동, 대호엠스퀘어)이며, 자세한 조건은 공고를 통해 확인할 수 있습니다.",신입·경력,"정규직, 계약직",경기 광명시,2026-10-17,https://www.jobkorea.co.kr/Recruit/GI_Read/49798313,,2026-09-07 21:14:48,제목엔 부산이나 근무지주소가 타지역
,잡코리아,49928951,㈜아이메이그룹,아이메이그룹,[부산지역] 의료관광회사 사무행정직 구인,"사무행정보조, 사무행정, 직원, 사무, 사무직",사무행정보조,,는 다음과 같습니다. - 직원의 입/ 퇴사 및 근태 관리 - 사무실 비품 주문 및 관리 - 비용처리 영수증 정리 - 업무 지원 사무직,경력 경력무관 학력 학력무관,"중국어 가능자 ㆍ컴퓨터 활용 가능자 ㆍ성격이 활발하며, 의사소통이 원활한자 ㆍ책임감이 있으면, 함께 오래 일할 수 있는 자.",,026202,영업 기획·관리·지원 사무원,0,경영·사무·금융·보험,추정,여행사업,,주5일(월~금),09:00,18:00,주5일(월~금) 09:00 ~ 18:00,회사내규,,,회사 내규에 따름,1,명시,1,,무관,0,"정규직, 계약직","계약직, 정규직",,서울,강남구,서울 강남구,"서울 강남구 강남대로110길 49 (역삼동) 지하2층,지하1층,지상1층,지상2층(역삼동)",,2026-11-03,기한,"㈜아이메이그룹에서 정규직 경력무관 채용을 진행합니다. 근무지는 서울 강남구 강남대로110길 49 (역삼동)이며, 자세한 조건은 공고를 통해 확인할 수 있습니다.",경력무관,"정규직, 계약직",서울 강남구,2026-11-03,https://www.jobkorea.co.kr/Recruit/GI_Read/49928951,,2026-09-07 21:34:37,제목엔 부산이나 근무지주소가 타지역
,잡코리아,49767804,삼성생명㈜,삼성생명,(부산 전지점)삼성생명(주) GFC 사업부 및  SFP 지역단 금융영업 위촉직 채용,"GFC 사업부, SFP 지역단, 영업","GFC 사업부, SFP 지역단",,,경력 신입·경력 학력 학력무관,기본우대 모집요강 참조,,,,,,,증권·보험·카드,,협의,09:00,17:00,협의가능 09:00 ~ 17:00 면접후 결정,회사내규,,,"회사 내규에 따름 (면접 후 결정, 상세요강 참조)",1,명시,1,,경력,,기타,,,서울,서초구,서울 서초구,"서울 서초구 서초대로74길 11 (서초동, 삼성전자빌딩) 삼성생명㈜",,2026-10-11,기한,"삼성생명㈜에서 신입·경력 채용을 진행합니다. 근무지는 서울 서초구 서초대로74길 11 (서초동, 삼성전자빌딩)이며, 자세한 조건은 공고를 통해 확인할 수 있습니다.",신입·경력,기타,서울 서초구,2026-10-11,https://www.jobkorea.co.kr/Recruit/GI_Read/49767804,,2026-09-07 19:01:29,제목엔 부산이나 근무지주소가 타지역
,잡코리아,49928951,㈜아이메이그룹,아이메이그룹,[부산지역] 의료관광회사 사무행정직 구인,"사무행정보조, 사무행정, 직원, 사무, 사무직",사무행정보조,,는 다음과 같습니다. - 직원의 입/ 퇴사 및 근태 관리 - 사무실 비품 주문 및 관리 - 비용처리 영수증 정리 - 업무 지원 사무직,경력 경력무관 학력 학력무관,"중국어 가능자 ㆍ컴퓨터 활용 가능자 ㆍ성격이 활발하며, 의사소통이 원활한자 ㆍ책임감이 있으면, 함께 오래 일할 수 있는 자.",,026202,영업 기획·관리·지원 사무원,0,경영·사무·금융·보험,추정,여행사업,,주5일(월~금),09:00,18:00,주5일(월~금) 09:00 ~ 18:00,회사내규,,,회사 내규에 따름,1,명시,1,,무관,0,"정규직, 계약직","계약직, 정규직",,서울,강남구,서울 강남구,"서울 강남구 강남대로110길 49 (역삼동) 지하2층,지하1층,지상1층,지상2층(역삼동)",,2026-11-03,기한,"㈜아이메이그룹에서 정규직 경력무관 채용을 진행합니다. 근무지는 서울 강남구 강남대로110길 49 (역삼동)이며, 자세한 조건은 공고를 통해 확인할 수 있습니다.",경력무관,"정규직, 계약직",서울 강남구,2026-11-03,https://www.jobkorea.co.kr/Recruit/GI_Read/49928951,,2026-09-07 19:07:43,제목엔 부산이나 근무지주소가 타지역
,잡코리아,49907652,㈜원에이치알코퍼레이션,원에이치알코퍼레이션,[부산.경남지역] 외국계 가전브랜드 유통점 순회 영업관리직 모집,"영업관리, 유통, 판매, 영업, 사원, 교육, 판매사원",영업관리,,영업관리 및 지원 (Super-Visor) 부산.경남권 가전제품 유통점 순회 영업관리 진열점검 / 매출관리 / 판매협조영업 / 판매사원 관리 / 제품 교육 학력 : 고졸이상 경력 : 경력무관,경력 경력무관 학력 고졸이상,"기본우대 차량소지자, 운전가능자, 유관업무 경험자(인턴·알바), 유관업무 경력자(2년), 장기근무 가능자",,015100,영업 및 판매 관련 관리자,0,경영·사무·금융·보험,추정,백화점·유통·도소매,,주5일(월~금),10:00,19:00,주5일(월~금) 10:00 ~ 19:00,연봉,3000,3000,연봉 3000만원 ~ 3000만원,1,명시,1,,무관,0,정규직,정규직,,서울,영등포구,서울 영등포구,서울 영등포구 양평동3가 16 양평동우림 이 비지센타 511호,,2026-10-02,기한,"㈜원에이치알코퍼레이션에서 정규직 경력무관 채용을 진행합니다. 근무지는 서울 영등포구 양평동3가이며, 자세한 조건은 공고를 통해 확인할 수 있습니다.",경력무관,정규직,서울 영등포구,2026-10-02,https://www.jobkorea.co.kr/Recruit/GI_Read/49907652,,2026-09-07 19:21:05,제목엔 부산이나 근무지주소가 타지역
,잡코리아,49776569,㈜건국물류,건국물류,[부산 5톤 화물차 운송]거주지 인근 출발/본사 직접 배차/꾸준한 물량,"대기업 공산품, 화물, 운송, 부산 5톤 화물차 운송",대기업 공산품,,,경력 신입·경력 학력 학력무관 스킬,"기본우대 인근거주자, 차량소지자, 운전가능자, 야간근무 가능자, 지방근무 가능자, 관련 자격증 보유자, 유관업무 경력자, 즉시출근 가능자, 장기근무 가능자, 중장년층, 외국인 자격증",,,,,,,물류·운송·배송,,협의,09:00,18:00,"협의가능 09:00 ~ 18:00 탄력근무제 출퇴근, 차숙 (협의 가능)",월급,500,800,월급 500만원 ~ 800만원,1,명시,1,,경력,,"정규직, 계약직","계약직, 정규직",,경기,광명시,경기 광명시,"경기 광명시 신기로 21 (일직동, 대호엠스퀘어) (GS스틸타워) 11층 1103호",,2026-10-12,기한,"㈜건국물류에서 정규직 신입·경력 채용을 진행합니다. 근무지는 경기 광명시 신기로 21 (일직동, 대호엠스퀘어)이며, 자세한 조건은 공고를 통해 확인할 수 있습니다.",신입·경력,"정규직, 계약직",경기 광명시,2026-10-12,https://www.jobkorea.co.kr/Recruit/GI_Read/49776569,,2026-09-07 20:37:41,제목엔 부산이나 근무지주소가 타지역
,잡코리아,49917784,㈜한국백신,한국백신,"한국백신판매(주) 영업사원(MR) 대규모 채용(부산, 경남)","영업관리, 판매, 영업, 사원, 영업사원, 분석",영업관리,,백신 병/의원 영업 ㆍ영업 전략 운영 및 거래처 관리 ㆍ시장분석 및 전략 수립 ㆍ자사 제품 디테일링,경력 신입·경력 (1년이상) 학력 대졸이상 (졸업예정자 가능) 스킬,"기본우대 군전역간부(장교·부사관), 인근거주자, 컴퓨터활용능력 우수자, 운전가능자, 프리젠테이션 능력우수자, 리더쉽 소유자, 우수사원 수상자, 유관업무 경력자, 즉시출근 가능자, 장기근무 가능자",,015100,영업 및 판매 관련 관리자,0,경영·사무·금융·보험,추정,완제 의약품 제조업,,주5일(월~금),08:30,17:30,주5일(월~금) 08:30 ~ 17:30,회사내규,,,회사 내규에 따름 (면접 후 결정),1,명시,1,,경력,,정규직,정규직,,경남,김해시,경남 김해시,"경남 김해시 김해대로 2295 (봉황동, 제황빌딩) 3층",,2026-09-28,기한,"㈜한국백신에서 정규직 신입·경력 채용을 진행합니다. 근무지는 경남 김해시 김해대로 2295 (봉황동, 제황빌딩)이며, 자세한 조건은 공고를 통해 확인할 수 있습니다.",신입·경력,정규직,경남 김해시,2026-09-28,https://www.jobkorea.co.kr/Recruit/GI_Read/49917784,,2026-09-07 21:56:33,제목엔 부산이나 근무지주소가 타지역
,잡코리아,49917034,코웨이㈜,코웨이,"(주)코웨이 홈케어 매트리스 케어서비스 담당자 모집 / 창원시,부산강서구","렌탈영업, 렌탈제품관리, 수면환경관리, 영업, 환경관리, 운전","렌탈영업,렌탈제품관리, 수면환경관리",,"매트리스 렌탈 케어서비스 ㆍ코웨이 제품 영업 스킬 ㆍ1종보통운전면허, 2종보통운전면허",경력 경력무관 학력 학력무관 스킬,"기본우대 인근거주자, 차량소지자, 장기근무 가능자",,,,,,,그 외 기타 달리 분류되지 않은 개인 서비스업,,협의,09:00,19:00,협의가능 09:00 ~ 19:00 탄력근무제,월급,300,,월급 300만원 ~ 0만원,1,명시,1,,무관,0,기타,,,경남,창원시,경남 창원시,"경남 창원시 진해구 석동로 51 (석동, 세븐코아) 405호",,2026-10-03,기한,"코웨이㈜에서 경력무관 채용을 진행합니다. 근무지는 경남 창원시 진해구 석동로 51 (석동, 세븐코아)이며, 자세한 조건은 공고를 통해 확인할 수 있습니다.",경력무관,기타,경남 창원시,2026-10-03,https://www.jobkorea.co.kr/Recruit/GI_Read/49917034,,2026-09-07 21:57:57,제목엔 부산이나 근무지주소가 타지역
,잡코리아,49845536,건일제약㈜,건일제약,"건일제약 제약영업 부산(진구,강서구 외)담당자(MR) 채용(부산의약팀)",영업,건일제약 부산의약팀 MR 모집,,"부산 해운대구, 남구, 수영구, 기장군 MR 1명 ㆍ부산진구, 강서구,중구, 동구,영도구 MR 1명",경력 신입·경력 (1년이상) 학력 대졸이상 스킬,인근거주자 ㆍ제약영업 경력자,,,,,,,완제 의약품 제조업,,주5일(월~금),09:00,18:00,주5일(월~금) 09:00 ~ 18:00,회사내규,,,회사 내규에 따름 (면접 후 결정),2,명시,2,,경력,,"정규직, 계약직","계약직, 정규직",,경남,김해시,경남 김해시,경남 김해시 김해대로2492번길 5 (삼정동) 2층 (건일제약),,2027-08-23,기한,"건일제약㈜에서 정규직 신입·경력 채용을 진행합니다. 근무지는 경남 김해시 김해대로2492번길 5 (삼정동)이며, 자세한 조건은 공고를 통해 확인할 수 있습니다.",신입·경력,"정규직, 계약직",경남 김해시,2027-08-23,https://www.jobkorea.co.kr/Recruit/GI_Read/49845536,,2026-09-07 21:59:04,제목엔 부산이나 근무지주소가 타지역
,잡코리아,49888403,연정사,연정사,[부산 사무직 채용] 친구 연애상담 자주 해주는 분 / 월 350&인센,"영업관리, 사무직, 부산 사무직 채용",영업관리,,,경력 신입·경력 학력 학력무관,"기본우대 인근거주자, 차량소지자, 즉시출근 가능자, 장기근무 가능자",,,,,,,콜센터·아웃소싱·기타,,주5일(월~금),13:00,22:00,주5일(월~금) 13:00 ~ 22:00,월급,230,400,월급 230만원 ~ 400만원,1,명시,1,,경력,,정규직,정규직,,충북,청주시,충북 청주시,충북 청주시 서원구 사직대로 115 (사창동) 11층,,2026-09-30,기한,"연정사에서 정규직 신입·경력 채용을 진행합니다. 근무지는 충북 청주시 서원구 사직대로 115 (사창동)이며, 자세한 조건은 공고를 통해 확인할 수 있습니다.",신입·경력,정규직,충북 청주시,2026-09-30,https://www.jobkorea.co.kr/Recruit/GI_Read/49888403,,2026-09-07 22:15:25,제목엔 부산이나 근무지주소가 타지역
