토큰,직종코드,직종명,직종분류코드,직종분류명,출처,순도,건수,근거
생산,,,10,설치·정비·생산직,학습,71%,268,정답 268건 중 189건이 10 설치·정비·생산직 — 세세분류는 흩어진다
가공,,,10,설치·정비·생산직,학습,86%,214,정답 214건 중 183건이 10 설치·정비·생산직 — 세세분류는 흩어진다
기계,,,10,설치·정비·생산직,학습,59%,210,정답 210건 중 123건이 10 설치·정비·생산직 — 세세분류는 흩어진다
제조,,,10,설치·정비·생산직,학습,62%,197,정답 197건 중 122건이 10 설치·정비·생산직 — 세세분류는 흩어진다
청소,,,06,미용·여행·숙박·음식·경비·청소직,학습,85%,165,정답 165건 중 140건이 06 미용·여행·숙박·음식·경비·청소직 — 세세분류는 흩어진다
사무,,,01,경영·사무·금융·보험직,학습,82%,165,정답 165건 중 136건이 01 경영·사무·금융·보험직 — 세세분류는 흩어진다
포장,,,10,설치·정비·생산직,학습,80%,142,정답 142건 중 114건이 10 설치·정비·생산직 — 세세분류는 흩어진다
조리,,,06,미용·여행·숙박·음식·경비·청소직,학습,94%,127,정답 127건 중 119건이 06 미용·여행·숙박·음식·경비·청소직 — 세세분류는 흩어진다
조립,,,10,설치·정비·생산직,학습,87%,110,정답 110건 중 96건이 10 설치·정비·생산직 — 세세분류는 흩어진다
제작,,,10,설치·정비·생산직,학습,62%,104,정답 104건 중 65건이 10 설치·정비·생산직 — 세세분류는 흩어진다
설계,,,02,연구직 및 공학기술직,학습,77%,86,정답 86건 중 66건이 02 연구직 및 공학기술직 — 세세분류는 흩어진다
용접,,,10,설치·정비·생산직,학습,87%,75,정답 75건 중 65건이 10 설치·정비·생산직 — 세세분류는 흩어진다
설비,,,10,설치·정비·생산직,학습,54%,67,정답 67건 중 36건이 10 설치·정비·생산직 — 세세분류는 흩어진다
교사,232100,보육교사,03,교육·법률·사회복지·경찰·소방직 및 군인,학습,61%,67,정답 67건 중 41건이 232100 보육교사
조리사,,,06,미용·여행·숙박·음식·경비·청소직,학습,97%,67,정답 67건 중 65건이 06 미용·여행·숙박·음식·경비·청소직 — 세세분류는 흩어진다
선박,,,10,설치·정비·생산직,학습,54%,65,정답 65건 중 35건이 10 설치·정비·생산직 — 세세분류는 흩어진다
도면,,,02,연구직 및 공학기술직,학습,52%,61,정답 61건 중 32건이 02 연구직 및 공학기술직 — 세세분류는 흩어진다
회계,,,01,경영·사무·금융·보험직,학습,95%,59,정답 59건 중 56건이 01 경영·사무·금융·보험직 — 세세분류는 흩어진다
돌봄,,,06,미용·여행·숙박·음식·경비·청소직,학습,70%,57,정답 57건 중 40건이 06 미용·여행·숙박·음식·경비·청소직 — 세세분류는 흩어진다
경리,,,01,경영·사무·금융·보험직,학습,98%,57,정답 57건 중 56건이 01 경영·사무·금융·보험직 — 세세분류는 흩어진다
조선,,,10,설치·정비·생산직,학습,54%,54,정답 54건 중 29건이 10 설치·정비·생산직 — 세세분류는 흩어진다
품질관리,,,01,경영·사무·금융·보험직,학습,75%,52,정답 52건 중 39건이 01 경영·사무·금융·보험직 — 세세분류는 흩어진다
위생,,,06,미용·여행·숙박·음식·경비·청소직,학습,56%,50,정답 50건 중 28건이 06 미용·여행·숙박·음식·경비·청소직 — 세세분류는 흩어진다
세무,027102,회계 사무원(회계·세무 사무소),01,경영·사무·금융·보험직,학습,74%,42,정답 42건 중 31건이 027102 회계 사무원(회계·세무 사무소)
생산관리,,,01,경영·사무·금융·보험직,학습,83%,41,정답 41건 중 34건이 01 경영·사무·금융·보험직 — 세세분류는 흩어진다
시공,,,02,연구직 및 공학기술직,학습,62%,40,정답 40건 중 25건이 02 연구직 및 공학기술직 — 세세분류는 흩어진다
물류,,,01,경영·사무·금융·보험직,학습,62%,39,정답 39건 중 24건이 01 경영·사무·금융·보험직 — 세세분류는 흩어진다
금형,,,10,설치·정비·생산직,학습,81%,37,정답 37건 중 30건이 10 설치·정비·생산직 — 세세분류는 흩어진다
건축,,,02,연구직 및 공학기술직,학습,50%,36,정답 36건 중 18건이 02 연구직 및 공학기술직 — 세세분류는 흩어진다
간호,,,04,보건·의료직,학습,79%,34,정답 34건 중 27건이 04 보건·의료직 — 세세분류는 흩어진다
소방,,,02,연구직 및 공학기술직,학습,61%,33,정답 33건 중 20건이 02 연구직 및 공학기술직 — 세세분류는 흩어진다
설치,,,10,설치·정비·생산직,학습,55%,33,정답 33건 중 18건이 10 설치·정비·생산직 — 세세분류는 흩어진다
권선공,890000,기타 제조 관련 단순 종사원,10,설치·정비·생산직,학습,100%,29,정답 29건 중 29건이 890000 기타 제조 관련 단순 종사원
노인복지시설,231101,사회복지사(사회복지시설),03,교육·법률·사회복지·경찰·소방직 및 군인,학습,100%,29,정답 29건 중 29건이 231101 사회복지사(사회복지시설)
장애인복지시설등,231101,사회복지사(사회복지시설),03,교육·법률·사회복지·경찰·소방직 및 군인,학습,100%,29,정답 29건 중 29건이 231101 사회복지사(사회복지시설)
회계사무원(회계사무소),027102,회계 사무원(회계·세무 사무소),01,경영·사무·금융·보험직,학습,100%,29,정답 29건 중 29건이 027102 회계 사무원(회계·세무 사무소)
기자,,,10,설치·정비·생산직,학습,50%,28,정답 28건 중 14건이 10 설치·정비·생산직 — 세세분류는 흩어진다
총무,,,01,경영·사무·금융·보험직,학습,96%,27,정답 27건 중 26건이 01 경영·사무·금융·보험직 — 세세분류는 흩어진다
배관,,,10,설치·정비·생산직,학습,58%,26,정답 26건 중 15건이 10 설치·정비·생산직 — 세세분류는 흩어진다
보육,232100,보육교사,03,교육·법률·사회복지·경찰·소방직 및 군인,학습,73%,26,정답 26건 중 19건이 232100 보육교사
구매,,,01,경영·사무·금융·보험직,학습,92%,26,정답 26건 중 24건이 01 경영·사무·금융·보험직 — 세세분류는 흩어진다
사회복지,,,03,교육·법률·사회복지·경찰·소방직 및 군인,학습,71%,24,정답 24건 중 17건이 03 교육·법률·사회복지·경찰·소방직 및 군인 — 세세분류는 흩어진다
채용담당,550102,재가 요양보호사,06,미용·여행·숙박·음식·경비·청소직,학습,62%,24,정답 24건 중 15건이 550102 재가 요양보호사
채용담당자,550102,재가 요양보호사,06,미용·여행·숙박·음식·경비·청소직,학습,62%,24,정답 24건 중 15건이 550102 재가 요양보호사
도장,,,10,설치·정비·생산직,학습,67%,24,정답 24건 중 16건이 10 설치·정비·생산직 — 세세분류는 흩어진다
세척,,,06,미용·여행·숙박·음식·경비·청소직,학습,67%,24,정답 24건 중 16건이 06 미용·여행·숙박·음식·경비·청소직 — 세세분류는 흩어진다
수리,,,10,설치·정비·생산직,학습,58%,24,정답 24건 중 14건이 10 설치·정비·생산직 — 세세분류는 흩어진다
연구,,,02,연구직 및 공학기술직,학습,50%,24,정답 24건 중 12건이 02 연구직 및 공학기술직 — 세세분류는 흩어진다
토목,,,02,연구직 및 공학기술직,학습,88%,24,정답 24건 중 21건이 02 연구직 및 공학기술직 — 세세분류는 흩어진다
입고,,,01,경영·사무·금융·보험직,학습,57%,23,정답 23건 중 13건이 01 경영·사무·금융·보험직 — 세세분류는 흩어진다
식품분야단순노무자,890006,식품 분야 단순 종사원,10,설치·정비·생산직,학습,100%,23,정답 23건 중 23건이 890006 식품 분야 단순 종사원
재단,,,10,설치·정비·생산직,학습,57%,23,정답 23건 중 13건이 10 설치·정비·생산직 — 세세분류는 흩어진다
3d,,,02,연구직 및 공학기술직,학습,74%,23,정답 23건 중 17건이 02 연구직 및 공학기술직 — 세세분류는 흩어진다
어린이집교사,232100,보육교사,03,교육·법률·사회복지·경찰·소방직 및 군인,학습,100%,21,정답 21건 중 21건이 232100 보육교사
장애인활동지원사,232903,장애인 생활지도원(장애인활동보조원 포함),03,교육·법률·사회복지·경찰·소방직 및 군인,학습,100%,21,정답 21건 중 21건이 232903 장애인 생활지도원(장애인활동보조원 포함)
방문요양보호사,550102,재가 요양보호사,06,미용·여행·숙박·음식·경비·청소직,학습,90%,21,정답 21건 중 19건이 550102 재가 요양보호사
담임교사,232100,보육교사,03,교육·법률·사회복지·경찰·소방직 및 군인,학습,85%,20,정답 20건 중 17건이 232100 보육교사
강사,,,03,교육·법률·사회복지·경찰·소방직 및 군인,학습,75%,20,정답 20건 중 15건이 03 교육·법률·사회복지·경찰·소방직 및 군인 — 세세분류는 흩어진다
호텔,561102,"호텔·콘도·숙박시설 청소원(룸메이드,하우스키퍼)",06,미용·여행·숙박·음식·경비·청소직,학습,63%,19,"정답 19건 중 12건이 561102 호텔·콘도·숙박시설 청소원(룸메이드,하우스키퍼)"
영업관리,026202,영업 기획·관리·지원 사무원,01,경영·사무·금융·보험직,학습,72%,18,정답 18건 중 13건이 026202 영업 기획·관리·지원 사무원
cnclath가공원,813201,CNC 선반 조작원(NC 선반 조작원),10,설치·정비·생산직,학습,100%,18,정답 18건 중 18건이 813201 CNC 선반 조작원(NC 선반 조작원)
조리보조,,,06,미용·여행·숙박·음식·경비·청소직,학습,100%,17,정답 17건 중 17건이 06 미용·여행·숙박·음식·경비·청소직 — 세세분류는 흩어진다
자재관리,,,01,경영·사무·금융·보험직,학습,75%,16,정답 16건 중 12건이 01 경영·사무·금융·보험직 — 세세분류는 흩어진다
경비,,,06,미용·여행·숙박·음식·경비·청소직,학습,69%,16,정답 16건 중 11건이 06 미용·여행·숙박·음식·경비·청소직 — 세세분류는 흩어진다
재가노인요양사,550102,재가 요양보호사,06,미용·여행·숙박·음식·경비·청소직,학습,100%,16,정답 16건 중 16건이 550102 재가 요양보호사
사무보조,,,01,경영·사무·금융·보험직,학습,81%,16,정답 16건 중 13건이 01 경영·사무·금융·보험직 — 세세분류는 흩어진다
인사,,,01,경영·사무·금융·보험직,학습,81%,16,정답 16건 중 13건이 01 경영·사무·금융·보험직 — 세세분류는 흩어진다
문서작성,,,01,경영·사무·금융·보험직,학습,60%,15,정답 15건 중 9건이 01 경영·사무·금융·보험직 — 세세분류는 흩어진다
어린이집센터장,232100,보육교사,03,교육·법률·사회복지·경찰·소방직 및 군인,학습,100%,15,정답 15건 중 15건이 232100 보육교사
용접사,,,10,설치·정비·생산직,학습,93%,15,정답 15건 중 14건이 10 설치·정비·생산직 — 세세분류는 흩어진다
상담사,,,03,교육·법률·사회복지·경찰·소방직 및 군인,학습,87%,15,정답 15건 중 13건이 03 교육·법률·사회복지·경찰·소방직 및 군인 — 세세분류는 흩어진다
객실,561102,"호텔·콘도·숙박시설 청소원(룸메이드,하우스키퍼)",06,미용·여행·숙박·음식·경비·청소직,학습,93%,15,"정답 15건 중 14건이 561102 호텔·콘도·숙박시설 청소원(룸메이드,하우스키퍼)"
경비원,,,06,미용·여행·숙박·음식·경비·청소직,학습,100%,14,정답 14건 중 14건이 06 미용·여행·숙박·음식·경비·청소직 — 세세분류는 흩어진다
세탁,,,06,미용·여행·숙박·음식·경비·청소직,학습,86%,14,정답 14건 중 12건이 06 미용·여행·숙박·음식·경비·청소직 — 세세분류는 흩어진다
기계분야단순노무자,890001,기계·금속 분야 단순 종사원,10,설치·정비·생산직,학습,100%,14,정답 14건 중 14건이 890001 기계·금속 분야 단순 종사원
cnc터닝선반조작원,813201,CNC 선반 조작원(NC 선반 조작원),10,설치·정비·생산직,학습,100%,14,정답 14건 중 14건이 813201 CNC 선반 조작원(NC 선반 조작원)
홍보,,,01,경영·사무·금융·보험직,학습,50%,14,정답 14건 중 7건이 01 경영·사무·금융·보험직 — 세세분류는 흩어진다
시험,,,10,설치·정비·생산직,학습,50%,14,정답 14건 중 7건이 10 설치·정비·생산직 — 세세분류는 흩어진다
cnc선반기능원,813201,CNC 선반 조작원(NC 선반 조작원),10,설치·정비·생산직,학습,100%,13,정답 13건 중 13건이 813201 CNC 선반 조작원(NC 선반 조작원)
머시닝센터,813210,머시닝센터(MCT) 조작원,10,설치·정비·생산직,학습,92%,12,정답 12건 중 11건이 813210 머시닝센터(MCT) 조작원
마케팅,,,01,경영·사무·금융·보험직,학습,83%,12,정답 12건 중 10건이 01 경영·사무·금융·보험직 — 세세분류는 흩어진다
전기공,,,02,연구직 및 공학기술직,학습,92%,12,정답 12건 중 11건이 02 연구직 및 공학기술직 — 세세분류는 흩어진다
조리원,,,06,미용·여행·숙박·음식·경비·청소직,학습,100%,12,정답 12건 중 12건이 06 미용·여행·숙박·음식·경비·청소직 — 세세분류는 흩어진다
총무사무원,026501,총무 및 일반 사무원,01,경영·사무·금융·보험직,학습,100%,12,정답 12건 중 12건이 026501 총무 및 일반 사무원
디자이너,,,05,예술·디자인·방송·스포츠직,학습,92%,12,정답 12건 중 11건이 05 예술·디자인·방송·스포츠직 — 세세분류는 흩어진다
기계제도사,159103,기계·금속 제도사(캐드원),02,연구직 및 공학기술직,학습,100%,11,정답 11건 중 11건이 159103 기계·금속 제도사(캐드원)
경영,,,01,경영·사무·금융·보험직,학습,91%,11,정답 11건 중 10건이 01 경영·사무·금융·보험직 — 세세분류는 흩어진다
경영지원,,,01,경영·사무·금융·보험직,학습,91%,11,정답 11건 중 10건이 01 경영·사무·금융·보험직 — 세세분류는 흩어진다
요양보호,550102,재가 요양보호사,06,미용·여행·숙박·음식·경비·청소직,학습,70%,10,정답 10건 중 7건이 550102 재가 요양보호사
시설요양보호사,550101,요양보호사(노인요양사),06,미용·여행·숙박·음식·경비·청소직,학습,90%,10,정답 10건 중 9건이 550101 요양보호사(노인요양사)
기술영업,,,07,영업·판매직,학습,60%,10,정답 10건 중 6건이 07 영업·판매직 — 세세분류는 흩어진다
생산직원,,,10,설치·정비·생산직,학습,78%,9,정답 9건 중 7건이 10 설치·정비·생산직 — 세세분류는 흩어진다
공정관리기술자,028500,생산 및 품질관리 사무원,01,경영·사무·금융·보험직,학습,100%,9,정답 9건 중 9건이 028500 생산 및 품질관리 사무원
물리치료,306501,물리치료사,04,보건·의료직,학습,67%,9,정답 9건 중 6건이 306501 물리치료사
전기기사,,,02,연구직 및 공학기술직,학습,56%,9,정답 9건 중 5건이 02 연구직 및 공학기술직 — 세세분류는 흩어진다
요리,,,06,미용·여행·숙박·음식·경비·청소직,학습,100%,9,정답 9건 중 9건이 06 미용·여행·숙박·음식·경비·청소직 — 세세분류는 흩어진다
지게차운전,623004,지게차 운전원,08,운전·운송직,학습,67%,9,정답 9건 중 6건이 623004 지게차 운전원
축산,,,10,설치·정비·생산직,학습,67%,9,정답 9건 중 6건이 10 설치·정비·생산직 — 세세분류는 흩어진다
직업상담사,231400,직업 관련 상담사,03,교육·법률·사회복지·경찰·소방직 및 군인,학습,89%,9,정답 9건 중 8건이 231400 직업 관련 상담사
주간보호센터요양보호사,,,06,미용·여행·숙박·음식·경비·청소직,학습,100%,9,정답 9건 중 9건이 06 미용·여행·숙박·음식·경비·청소직 — 세세분류는 흩어진다
급식조리,,,06,미용·여행·숙박·음식·경비·청소직,학습,100%,9,정답 9건 중 9건이 06 미용·여행·숙박·음식·경비·청소직 — 세세분류는 흩어진다
단순조립원,890000,기타 제조 관련 단순 종사원,10,설치·정비·생산직,학습,100%,8,정답 8건 중 8건이 890000 기타 제조 관련 단순 종사원
해외영업,,,07,영업·판매직,학습,62%,8,정답 8건 중 5건이 07 영업·판매직 — 세세분류는 흩어진다
아파트미화원,561101,"건물 청소원(공공건물,아파트,사무실,병원,상가,공장 등)",06,미용·여행·숙박·음식·경비·청소직,학습,62%,8,"정답 8건 중 5건이 561101 건물 청소원(공공건물,아파트,사무실,병원,상가,공장 등)"
감사,,,01,경영·사무·금융·보험직,학습,75%,8,정답 8건 중 6건이 01 경영·사무·금융·보험직 — 세세분류는 흩어진다
어업,,,11,농림어업직,학습,50%,8,정답 8건 중 4건이 11 농림어업직 — 세세분류는 흩어진다
감리,,,02,연구직 및 공학기술직,학습,62%,8,정답 8건 중 5건이 02 연구직 및 공학기술직 — 세세분류는 흩어진다
erp,,,01,경영·사무·금융·보험직,학습,100%,8,정답 8건 중 8건이 01 경영·사무·금융·보험직 — 세세분류는 흩어진다
무역,,,01,경영·사무·금융·보험직,학습,62%,8,정답 8건 중 5건이 01 경영·사무·금융·보험직 — 세세분류는 흩어진다
영업기획사무원,026202,영업 기획·관리·지원 사무원,01,경영·사무·금융·보험직,학습,100%,8,정답 8건 중 8건이 026202 영업 기획·관리·지원 사무원
영업사원,,,07,영업·판매직,학습,75%,8,정답 8건 중 6건이 07 영업·판매직 — 세세분류는 흩어진다
연구원,,,02,연구직 및 공학기술직,학습,86%,7,정답 7건 중 6건이 02 연구직 및 공학기술직 — 세세분류는 흩어진다
금속관련품질관리사무원,028508,품질관리 사무원(기계·자동차·금속),01,경영·사무·금융·보험직,학습,100%,7,정답 7건 중 7건이 028508 품질관리 사무원(기계·자동차·금속)
공조,,,02,연구직 및 공학기술직,학습,57%,7,정답 7건 중 4건이 02 연구직 및 공학기술직 — 세세분류는 흩어진다
청소등,,,06,미용·여행·숙박·음식·경비·청소직,학습,100%,7,정답 7건 중 7건이 06 미용·여행·숙박·음식·경비·청소직 — 세세분류는 흩어진다
세무사무소,027102,회계 사무원(회계·세무 사무소),01,경영·사무·금융·보험직,학습,71%,7,정답 7건 중 5건이 027102 회계 사무원(회계·세무 사무소)
경리장부정리원,027200,경리 사무원,01,경영·사무·금융·보험직,학습,100%,7,정답 7건 중 7건이 027200 경리 사무원
호텔청소원,561102,"호텔·콘도·숙박시설 청소원(룸메이드,하우스키퍼)",06,미용·여행·숙박·음식·경비·청소직,학습,100%,7,"정답 7건 중 7건이 561102 호텔·콘도·숙박시설 청소원(룸메이드,하우스키퍼)"
플랜트,,,02,연구직 및 공학기술직,학습,57%,7,정답 7건 중 4건이 02 연구직 및 공학기술직 — 세세분류는 흩어진다
연구개발,,,02,연구직 및 공학기술직,학습,57%,7,정답 7건 중 4건이 02 연구직 및 공학기술직 — 세세분류는 흩어진다
머시닝가공원,813210,머시닝센터(MCT) 조작원,10,설치·정비·생산직,학습,100%,7,정답 7건 중 7건이 813210 머시닝센터(MCT) 조작원
일러스트,,,05,예술·디자인·방송·스포츠직,학습,57%,7,정답 7건 중 4건이 05 예술·디자인·방송·스포츠직 — 세세분류는 흩어진다
배달,,,06,미용·여행·숙박·음식·경비·청소직,학습,50%,6,정답 6건 중 3건이 06 미용·여행·숙박·음식·경비·청소직 — 세세분류는 흩어진다
mct,813210,머시닝센터(MCT) 조작원,10,설치·정비·생산직,학습,83%,6,정답 6건 중 5건이 813210 머시닝센터(MCT) 조작원
현장직,,,10,설치·정비·생산직,학습,50%,6,정답 6건 중 3건이 10 설치·정비·생산직 — 세세분류는 흩어진다
자동차부분품조립원,817200,자동차 부품 조립원(검사원 포함),10,설치·정비·생산직,학습,100%,6,정답 6건 중 6건이 817200 자동차 부품 조립원(검사원 포함)
사무직원,,,01,경영·사무·금융·보험직,학습,100%,6,정답 6건 중 6건이 01 경영·사무·금융·보험직 — 세세분류는 흩어진다
소방설비기술자,158102,소방시설·설비 시공 기술자,02,연구직 및 공학기술직,학습,100%,6,정답 6건 중 6건이 158102 소방시설·설비 시공 기술자
생산보조,890000,기타 제조 관련 단순 종사원,10,설치·정비·생산직,학습,67%,6,정답 6건 중 4건이 890000 기타 제조 관련 단순 종사원
현장보조,890000,기타 제조 관련 단순 종사원,10,설치·정비·생산직,학습,67%,6,정답 6건 중 4건이 890000 기타 제조 관련 단순 종사원
반장,,,06,미용·여행·숙박·음식·경비·청소직,학습,50%,6,정답 6건 중 3건이 06 미용·여행·숙박·음식·경비·청소직 — 세세분류는 흩어진다
범용선반기능원,813202,범용 선반 조작원,10,설치·정비·생산직,학습,100%,6,정답 6건 중 6건이 813202 범용 선반 조작원
지그마스타조작원,813210,머시닝센터(MCT) 조작원,10,설치·정비·생산직,학습,100%,6,정답 6건 중 6건이 813210 머시닝센터(MCT) 조작원
단순직,890000,기타 제조 관련 단순 종사원,10,설치·정비·생산직,학습,67%,6,정답 6건 중 4건이 890000 기타 제조 관련 단순 종사원
기계캐드원,159103,기계·금속 제도사(캐드원),02,연구직 및 공학기술직,학습,100%,6,정답 6건 중 6건이 159103 기계·금속 제도사(캐드원)
심리,,,03,교육·법률·사회복지·경찰·소방직 및 군인,학습,83%,6,정답 6건 중 5건이 03 교육·법률·사회복지·경찰·소방직 및 군인 — 세세분류는 흩어진다
방과후,,,03,교육·법률·사회복지·경찰·소방직 및 군인,학습,83%,6,정답 6건 중 5건이 03 교육·법률·사회복지·경찰·소방직 및 군인 — 세세분류는 흩어진다
(회사)구내식당조리사,531804,사업체 구내식당 급식 조리사,06,미용·여행·숙박·음식·경비·청소직,학습,100%,6,정답 6건 중 6건이 531804 사업체 구내식당 급식 조리사
3등급재가요양보호사,550102,재가 요양보호사,06,미용·여행·숙박·음식·경비·청소직,학습,100%,6,정답 6건 중 6건이 550102 재가 요양보호사
운송,,,01,경영·사무·금융·보험직,학습,83%,6,정답 6건 중 5건이 01 경영·사무·금융·보험직 — 세세분류는 흩어진다
공정관리,,,01,경영·사무·금융·보험직,학습,50%,6,정답 6건 중 3건이 01 경영·사무·금융·보험직 — 세세분류는 흩어진다
화학,,,10,설치·정비·생산직,학습,50%,6,정답 6건 중 3건이 10 설치·정비·생산직 — 세세분류는 흩어진다
그라인더조작원,813200,금속 공작기계 조작원,10,설치·정비·생산직,학습,100%,6,정답 6건 중 6건이 813200 금속 공작기계 조작원
요양보호사업무,550100,요양보호사,06,미용·여행·숙박·음식·경비·청소직,학습,83%,6,정답 6건 중 5건이 550100 요양보호사
생산직사원,,,10,설치·정비·생산직,학습,100%,6,정답 6건 중 6건이 10 설치·정비·생산직 — 세세분류는 흩어진다
급식실,,,06,미용·여행·숙박·음식·경비·청소직,학습,83%,6,정답 6건 중 5건이 06 미용·여행·숙박·음식·경비·청소직 — 세세분류는 흩어진다
품질검사,,,01,경영·사무·금융·보험직,학습,100%,5,정답 5건 중 5건이 01 경영·사무·금융·보험직 — 세세분류는 흩어진다
생산라인,,,10,설치·정비·생산직,학습,60%,5,정답 5건 중 3건이 10 설치·정비·생산직 — 세세분류는 흩어진다
자금,,,01,경영·사무·금융·보험직,학습,100%,5,정답 5건 중 5건이 01 경영·사무·금융·보험직 — 세세분류는 흩어진다
심사,,,01,경영·사무·금융·보험직,학습,80%,5,정답 5건 중 4건이 01 경영·사무·금융·보험직 — 세세분류는 흩어진다
일반사무원,026501,총무 및 일반 사무원,01,경영·사무·금융·보험직,학습,100%,5,정답 5건 중 5건이 026501 총무 및 일반 사무원
설비기사,158102,소방시설·설비 시공 기술자,02,연구직 및 공학기술직,학습,100%,5,정답 5건 중 5건이 158102 소방시설·설비 시공 기술자
소방설비기사,158102,소방시설·설비 시공 기술자,02,연구직 및 공학기술직,학습,100%,5,정답 5건 중 5건이 158102 소방시설·설비 시공 기술자
전기공사현장관리자,153105,전기공사 기술자(전기견적 포함),02,연구직 및 공학기술직,학습,100%,5,정답 5건 중 5건이 153105 전기공사 기술자(전기견적 포함)
순찰,,,06,미용·여행·숙박·음식·경비·청소직,학습,100%,5,정답 5건 중 5건이 06 미용·여행·숙박·음식·경비·청소직 — 세세분류는 흩어진다
밀링기조작원,813200,금속 공작기계 조작원,10,설치·정비·생산직,학습,100%,5,정답 5건 중 5건이 813200 금속 공작기계 조작원
기계조립원,816100,일반기계 조립원,10,설치·정비·생산직,학습,100%,5,정답 5건 중 5건이 816100 일반기계 조립원
운영관리,,,01,경영·사무·금융·보험직,학습,60%,5,정답 5건 중 3건이 01 경영·사무·금융·보험직 — 세세분류는 흩어진다
문서수발원(일반사업체),029904,사무 보조원(일반사업체),01,경영·사무·금융·보험직,학습,100%,5,정답 5건 중 5건이 029904 사무 보조원(일반사업체)
문서수발원,029904,사무 보조원(일반사업체),01,경영·사무·금융·보험직,학습,100%,5,정답 5건 중 5건이 029904 사무 보조원(일반사업체)
조무사,307500,간호조무사,04,보건·의료직,학습,80%,5,정답 5건 중 4건이 307500 간호조무사
서빙,,,06,미용·여행·숙박·음식·경비·청소직,학습,100%,5,정답 5건 중 5건이 06 미용·여행·숙박·음식·경비·청소직 — 세세분류는 흩어진다
담임선생,232100,보육교사,03,교육·법률·사회복지·경찰·소방직 및 군인,학습,100%,5,정답 5건 중 5건이 232100 보육교사
세무기장원,027205,경리 사무원(회계·세무 사무소),01,경영·사무·금융·보험직,학습,100%,5,정답 5건 중 5건이 027205 경리 사무원(회계·세무 사무소)
광고,,,01,경영·사무·금융·보험직,학습,60%,5,정답 5건 중 3건이 01 경영·사무·금융·보험직 — 세세분류는 흩어진다
콘텐츠,,,01,경영·사무·금융·보험직,학습,60%,5,정답 5건 중 3건이 01 경영·사무·금융·보험직 — 세세분류는 흩어진다
어린이집급식조리사,531802,유치원·어린이집 급식 조리사,06,미용·여행·숙박·음식·경비·청소직,학습,100%,5,정답 5건 중 5건이 531802 유치원·어린이집 급식 조리사
빌딩전기기계관리원,834002,빌딩 전기관리원,10,설치·정비·생산직,학습,100%,5,정답 5건 중 5건이 834002 빌딩 전기관리원
물류센터,,,01,경영·사무·금융·보험직,학습,60%,5,정답 5건 중 3건이 01 경영·사무·금융·보험직 — 세세분류는 흩어진다
방문요양보호사모집합니다,550102,재가 요양보호사,06,미용·여행·숙박·음식·경비·청소직,학습,100%,5,정답 5건 중 5건이 550102 재가 요양보호사
반도체,,,10,설치·정비·생산직,학습,60%,5,정답 5건 중 3건이 10 설치·정비·생산직 — 세세분류는 흩어진다
4등급재가요양보호사,550102,재가 요양보호사,06,미용·여행·숙박·음식·경비·청소직,학습,75%,4,정답 4건 중 3건이 550102 재가 요양보호사
네트워크,,,13,정보통신관련직,학습,50%,4,정답 4건 중 2건이 13 정보통신관련직 — 세세분류는 흩어진다
유압프레스조작원,813207,프레스기 및 절단기 조작원,10,설치·정비·생산직,학습,100%,4,정답 4건 중 4건이 813207 프레스기 및 절단기 조작원
아파트경비원,542001,아파트·빌라 경비원,06,미용·여행·숙박·음식·경비·청소직,학습,100%,4,정답 4건 중 4건이 542001 아파트·빌라 경비원
생산관리직,,,01,경영·사무·금융·보험직,학습,75%,4,정답 4건 중 3건이 01 경영·사무·금융·보험직 — 세세분류는 흩어진다
주차관리원,564300,주차 관리원 및 안내원,06,미용·여행·숙박·음식·경비·청소직,학습,100%,4,정답 4건 중 4건이 564300 주차 관리원 및 안내원
식품육안선별원,890006,식품 분야 단순 종사원,10,설치·정비·생산직,학습,100%,4,정답 4건 중 4건이 890006 식품 분야 단순 종사원
건설관련관리자,016100,건설 및 광업 관련 관리자(부서장),01,경영·사무·금융·보험직,학습,100%,4,정답 4건 중 4건이 016100 건설 및 광업 관련 관리자(부서장)
기업행정사무원,026501,총무 및 일반 사무원,01,경영·사무·금융·보험직,학습,100%,4,정답 4건 중 4건이 026501 총무 및 일반 사무원
고무유압프레스기조작원,852103,고무 프레스기 조작원,12,재료·화학·섬유·가스·에너지·환경관련직,학습,100%,4,정답 4건 중 4건이 852103 고무 프레스기 조작원
경리직원,,,01,경영·사무·금융·보험직,학습,100%,4,정답 4건 중 4건이 01 경영·사무·금융·보험직 — 세세분류는 흩어진다
cnc,,,10,설치·정비·생산직,학습,100%,4,정답 4건 중 4건이 10 설치·정비·생산직 — 세세분류는 흩어진다
조경,,,02,연구직 및 공학기술직,학습,75%,4,정답 4건 중 3건이 02 연구직 및 공학기술직 — 세세분류는 흩어진다
범용선반,813202,범용 선반 조작원,10,설치·정비·생산직,학습,100%,4,정답 4건 중 4건이 813202 범용 선반 조작원
작업치료,,,04,보건·의료직,학습,100%,4,정답 4건 중 4건이 04 보건·의료직 — 세세분류는 흩어진다
제조업장부정리원,027204,경리 사무원(제조),01,경영·사무·금융·보험직,학습,100%,4,정답 4건 중 4건이 027204 경리 사무원(제조)
경력직원,,,01,경영·사무·금융·보험직,학습,75%,4,정답 4건 중 3건이 01 경영·사무·금융·보험직 — 세세분류는 흩어진다
건축기사,,,02,연구직 및 공학기술직,학습,100%,4,정답 4건 중 4건이 02 연구직 및 공학기술직 — 세세분류는 흩어진다
요양보호사님,550102,재가 요양보호사,06,미용·여행·숙박·음식·경비·청소직,학습,100%,4,정답 4건 중 4건이 550102 재가 요양보호사
공업기계부품조립원,816200,기계 부품 조립원,10,설치·정비·생산직,학습,100%,4,정답 4건 중 4건이 816200 기계 부품 조립원
인프라,,,13,정보통신관련직,학습,50%,4,정답 4건 중 2건이 13 정보통신관련직 — 세세분류는 흩어진다
전기산업기사,,,10,설치·정비·생산직,학습,75%,4,정답 4건 중 3건이 10 설치·정비·생산직 — 세세분류는 흩어진다
제빵,,,10,설치·정비·생산직,학습,100%,4,정답 4건 중 4건이 10 설치·정비·생산직 — 세세분류는 흩어진다
급식조리사,531802,유치원·어린이집 급식 조리사,06,미용·여행·숙박·음식·경비·청소직,학습,75%,4,정답 4건 중 3건이 531802 유치원·어린이집 급식 조리사
생활지도원,232902,아동 생활지도원,03,교육·법률·사회복지·경찰·소방직 및 군인,학습,75%,4,정답 4건 중 3건이 232902 아동 생활지도원
환경관리,,,06,미용·여행·숙박·음식·경비·청소직,학습,50%,4,정답 4건 중 2건이 06 미용·여행·숙박·음식·경비·청소직 — 세세분류는 흩어진다
요양병원조리원,532302,단체 급식 보조원,06,미용·여행·숙박·음식·경비·청소직,학습,75%,4,정답 4건 중 3건이 532302 단체 급식 보조원
영어무역영업원,612201,해외 영업원(영어),07,영업·판매직,학습,100%,4,정답 4건 중 4건이 612201 해외 영업원(영어)
일상돌봄요양보호사,550100,요양보호사,06,미용·여행·숙박·음식·경비·청소직,학습,100%,4,정답 4건 중 4건이 550100 요양보호사
터미널관리사무원,028900,기타 운송 및 무역 사무원,01,경영·사무·금융·보험직,학습,100%,4,정답 4건 중 4건이 028900 기타 운송 및 무역 사무원
모델링,,,02,연구직 및 공학기술직,학습,75%,4,정답 4건 중 3건이 02 연구직 및 공학기술직 — 세세분류는 흩어진다
재무,,,01,경영·사무·금융·보험직,학습,100%,4,정답 4건 중 4건이 01 경영·사무·금융·보험직 — 세세분류는 흩어진다
cnc선반오퍼레이터,813201,CNC 선반 조작원(NC 선반 조작원),10,설치·정비·생산직,학습,75%,4,정답 4건 중 3건이 813201 CNC 선반 조작원(NC 선반 조작원)
산업기사,,,02,연구직 및 공학기술직,학습,75%,4,정답 4건 중 3건이 02 연구직 및 공학기술직 — 세세분류는 흩어진다
미싱,862301,재봉사(의류·직물),12,재료·화학·섬유·가스·에너지·환경관련직,학습,75%,4,정답 4건 중 3건이 862301 재봉사(의류·직물)
제과사(제과원),871100,제과원 및 제빵사,10,설치·정비·생산직,학습,100%,4,정답 4건 중 4건이 871100 제과원 및 제빵사
제과사,871100,제과원 및 제빵사,10,설치·정비·생산직,학습,100%,4,정답 4건 중 4건이 871100 제과원 및 제빵사
직업훈련교사,,,03,교육·법률·사회복지·경찰·소방직 및 군인,학습,75%,4,정답 4건 중 3건이 03 교육·법률·사회복지·경찰·소방직 및 군인 — 세세분류는 흩어진다
선반가공,,,10,설치·정비·생산직,학습,100%,4,정답 4건 중 4건이 10 설치·정비·생산직 — 세세분류는 흩어진다
4등급요양보호사,550102,재가 요양보호사,06,미용·여행·숙박·음식·경비·청소직,학습,75%,4,정답 4건 중 3건이 550102 재가 요양보호사
기계조작,,,10,설치·정비·생산직,학습,100%,3,정답 3건 중 3건이 10 설치·정비·생산직 — 세세분류는 흩어진다
플라스틱제품검사원,852402,플라스틱제품 조립원 및 검사원,12,재료·화학·섬유·가스·에너지·환경관련직,학습,100%,3,정답 3건 중 3건이 852402 플라스틱제품 조립원 및 검사원
특수경비원,541300,시설 및 특수 경비원,06,미용·여행·숙박·음식·경비·청소직,학습,67%,3,정답 3건 중 2건이 541300 시설 및 특수 경비원
식사보조,550101,요양보호사(노인요양사),06,미용·여행·숙박·음식·경비·청소직,학습,67%,3,정답 3건 중 2건이 550101 요양보호사(노인요양사)
품질계획사무원,028500,생산 및 품질관리 사무원,01,경영·사무·금융·보험직,학습,100%,3,정답 3건 중 3건이 028500 생산 및 품질관리 사무원
음식료품구매사무원,028405,자재·구매 사무원(음식료품),01,경영·사무·금융·보험직,학습,100%,3,정답 3건 중 3건이 028405 자재·구매 사무원(음식료품)
mct(머시닝센터)프로그래머,813210,머시닝센터(MCT) 조작원,10,설치·정비·생산직,학습,100%,3,정답 3건 중 3건이 813210 머시닝센터(MCT) 조작원
생산부사원,890000,기타 제조 관련 단순 종사원,10,설치·정비·생산직,학습,67%,3,정답 3건 중 2건이 890000 기타 제조 관련 단순 종사원
apt청소원,561101,"건물 청소원(공공건물,아파트,사무실,병원,상가,공장 등)",06,미용·여행·숙박·음식·경비·청소직,학습,100%,3,"정답 3건 중 3건이 561101 건물 청소원(공공건물,아파트,사무실,병원,상가,공장 등)"
사무원,026501,총무 및 일반 사무원,01,경영·사무·금융·보험직,학습,67%,3,정답 3건 중 2건이 026501 총무 및 일반 사무원
보육센터장,232100,보육교사,03,교육·법률·사회복지·경찰·소방직 및 군인,학습,100%,3,정답 3건 중 3건이 232100 보육교사
고정기관정비원,811206,기타 공업기계 설치·정비원,10,설치·정비·생산직,학습,100%,3,정답 3건 중 3건이 811206 기타 공업기계 설치·정비원
금속관련생산관리원,028502,생산관리 사무원(기계·자동차·금속),01,경영·사무·금융·보험직,학습,100%,3,정답 3건 중 3건이 028502 생산관리 사무원(기계·자동차·금속)
고무사출기조작원,852101,고무 사출성형기 조작원,12,재료·화학·섬유·가스·에너지·환경관련직,학습,100%,3,정답 3건 중 3건이 852101 고무 사출성형기 조작원
건축자재영업원,613202,건설자재 영업원,07,영업·판매직,학습,100%,3,정답 3건 중 3건이 613202 건설자재 영업원
공무직원,,,02,연구직 및 공학기술직,학습,67%,3,정답 3건 중 2건이 02 연구직 및 공학기술직 — 세세분류는 흩어진다
플라스틱제품조립원,852402,플라스틱제품 조립원 및 검사원,12,재료·화학·섬유·가스·에너지·환경관련직,학습,100%,3,정답 3건 중 3건이 852402 플라스틱제품 조립원 및 검사원
병동간호사,304002,일반 간호사,04,보건·의료직,학습,100%,3,정답 3건 중 3건이 304002 일반 간호사
방문목욕요양보호사,550100,요양보호사,06,미용·여행·숙박·음식·경비·청소직,학습,67%,3,정답 3건 중 2건이 550100 요양보호사
유치원급식조리사,531802,유치원·어린이집 급식 조리사,06,미용·여행·숙박·음식·경비·청소직,학습,100%,3,정답 3건 중 3건이 531802 유치원·어린이집 급식 조리사
아크용접원,824102,"전기용접원(아크,알곤,티그용접원)",10,설치·정비·생산직,학습,100%,3,"정답 3건 중 3건이 824102 전기용접원(아크,알곤,티그용접원)"
건설현장안전관리자,140206,건축안전·환경·품질·에너지관리 기술자,02,연구직 및 공학기술직,학습,100%,3,정답 3건 중 3건이 140206 건축안전·환경·품질·에너지관리 기술자
발달장애인주간활동서비스제공인력,231100,사회복지사,03,교육·법률·사회복지·경찰·소방직 및 군인,학습,67%,3,정답 3건 중 2건이 231100 사회복지사
금속,028402,자재·구매 사무원(기계·자동차·금속),01,경영·사무·금융·보험직,학습,67%,3,정답 3건 중 2건이 028402 자재·구매 사무원(기계·자동차·금속)
회계사무장,027102,회계 사무원(회계·세무 사무소),01,경영·사무·금융·보험직,학습,100%,3,정답 3건 중 3건이 027102 회계 사무원(회계·세무 사무소)
경력직,,,01,경영·사무·금융·보험직,학습,67%,3,정답 3건 중 2건이 01 경영·사무·금융·보험직 — 세세분류는 흩어진다
병원급식영양사,305000,영양사,04,보건·의료직,학습,100%,3,정답 3건 중 3건이 305000 영양사
선반원,813200,금속 공작기계 조작원,10,설치·정비·생산직,학습,100%,3,정답 3건 중 3건이 813200 금속 공작기계 조작원
cnc밀링기보조원,813213,기타 금속공작기계 조작원 및 보조원,10,설치·정비·생산직,학습,100%,3,정답 3건 중 3건이 813213 기타 금속공작기계 조작원 및 보조원
연근해어부고용,905300,어업 관련 단순 종사원,11,농림어업직,학습,100%,3,정답 3건 중 3건이 905300 어업 관련 단순 종사원
물류관리사무원,028408,물류 사무원(물류 관리사),01,경영·사무·금융·보험직,학습,100%,3,정답 3건 중 3건이 028408 물류 사무원(물류 관리사)
공무팀,,,10,설치·정비·생산직,학습,67%,3,정답 3건 중 2건이 10 설치·정비·생산직 — 세세분류는 흩어진다
운전면허필수,,,10,설치·정비·생산직,학습,100%,3,정답 3건 중 3건이 10 설치·정비·생산직 — 세세분류는 흩어진다
전기공사견적기술자,153105,전기공사 기술자(전기견적 포함),02,연구직 및 공학기술직,학습,100%,3,정답 3건 중 3건이 153105 전기공사 기술자(전기견적 포함)
대체교사,232100,보육교사,03,교육·법률·사회복지·경찰·소방직 및 군인,학습,100%,3,정답 3건 중 3건이 232100 보육교사
영업관리사무원,026202,영업 기획·관리·지원 사무원,01,경영·사무·금융·보험직,학습,100%,3,정답 3건 중 3건이 026202 영업 기획·관리·지원 사무원
영아반담임교사,232100,보육교사,03,교육·법률·사회복지·경찰·소방직 및 군인,학습,100%,3,정답 3건 중 3건이 232100 보육교사
원장,,,01,경영·사무·금융·보험직,학습,67%,3,정답 3건 중 2건이 01 경영·사무·금융·보험직 — 세세분류는 흩어진다
보육교직원,232100,보육교사,03,교육·법률·사회복지·경찰·소방직 및 군인,학습,100%,3,정답 3건 중 3건이 232100 보육교사
기계제도기능사,159103,기계·금속 제도사(캐드원),02,연구직 및 공학기술직,학습,100%,3,정답 3건 중 3건이 159103 기계·금속 제도사(캐드원)
유압자동선반조작원,813202,범용 선반 조작원,10,설치·정비·생산직,학습,100%,3,정답 3건 중 3건이 813202 범용 선반 조작원
품질팀,,,01,경영·사무·금융·보험직,학습,67%,3,정답 3건 중 2건이 01 경영·사무·금융·보험직 — 세세분류는 흩어진다
통조림생산보조원,890006,식품 분야 단순 종사원,10,설치·정비·생산직,학습,100%,3,정답 3건 중 3건이 890006 식품 분야 단순 종사원
배관공,703100,건설 배관공,09,건설·채굴직,학습,67%,3,정답 3건 중 2건이 703100 건설 배관공
제과,871100,제과원 및 제빵사,10,설치·정비·생산직,학습,100%,3,정답 3건 중 3건이 871100 제과원 및 제빵사
재활용품분리수거원,561400,재활용품 및 쓰레기 수거원,06,미용·여행·숙박·음식·경비·청소직,학습,100%,3,정답 3건 중 3건이 561400 재활용품 및 쓰레기 수거원
우수사원,612201,해외 영업원(영어),07,영업·판매직,학습,67%,3,정답 3건 중 2건이 612201 해외 영업원(영어)
전기전자제도사,159104,전기·전자 장비 제도사(캐드원),02,연구직 및 공학기술직,학습,100%,3,정답 3건 중 3건이 159104 전기·전자 장비 제도사(캐드원)
훈련교사,,,03,교육·법률·사회복지·경찰·소방직 및 군인,학습,67%,3,정답 3건 중 2건이 03 교육·법률·사회복지·경찰·소방직 및 군인 — 세세분류는 흩어진다
배전계획원,028504,생산관리 사무원(전기·전자·컴퓨터),01,경영·사무·금융·보험직,학습,100%,3,정답 3건 중 3건이 028504 생산관리 사무원(전기·전자·컴퓨터)
포장원,,,10,설치·정비·생산직,학습,67%,3,정답 3건 중 2건이 10 설치·정비·생산직 — 세세분류는 흩어진다
상하차원,624501,하역·적재 종사원,08,운전·운송직,학습,100%,3,정답 3건 중 3건이 624501 하역·적재 종사원
프레스절단가공원,813207,프레스기 및 절단기 조작원,10,설치·정비·생산직,학습,100%,3,정답 3건 중 3건이 813207 프레스기 및 절단기 조작원
물류입고원,028407,창고 관리원(자재 검수원 포함),01,경영·사무·금융·보험직,학습,100%,3,정답 3건 중 3건이 028407 창고 관리원(자재 검수원 포함)
오전주6일3등급여자어르신재가요,550101,요양보호사(노인요양사),06,미용·여행·숙박·음식·경비·청소직,학습,67%,3,정답 3건 중 2건이 550101 요양보호사(노인요양사)
아드,550102,재가 요양보호사,06,미용·여행·숙박·음식·경비·청소직,학습,67%,3,정답 3건 중 2건이 550102 재가 요양보호사
현장업무,,,01,경영·사무·금융·보험직,학습,50%,2,정답 2건 중 1건이 01 경영·사무·금융·보험직 — 세세분류는 흩어진다
생산제조,,,10,설치·정비·생산직,학습,100%,2,정답 2건 중 2건이 10 설치·정비·생산직 — 세세분류는 흩어진다
식품가공,,,10,설치·정비·생산직,학습,100%,2,정답 2건 중 2건이 10 설치·정비·생산직 — 세세분류는 흩어진다
세무사무원,,,01,경영·사무·금융·보험직,학습,100%,2,정답 2건 중 2건이 01 경영·사무·금융·보험직 — 세세분류는 흩어진다
장비,,,06,미용·여행·숙박·음식·경비·청소직,학습,100%,2,정답 2건 중 2건이 06 미용·여행·숙박·음식·경비·청소직 — 세세분류는 흩어진다
밀링,,,10,설치·정비·생산직,학습,100%,2,정답 2건 중 2건이 10 설치·정비·생산직 — 세세분류는 흩어진다
정밀가공,,,10,설치·정비·생산직,학습,100%,2,정답 2건 중 2건이 10 설치·정비·생산직 — 세세분류는 흩어진다
수신,,,09,건설·채굴직,학습,50%,2,정답 2건 중 1건이 09 건설·채굴직 — 세세분류는 흩어진다
가산사회복지사,,,03,교육·법률·사회복지·경찰·소방직 및 군인,학습,100%,2,정답 2건 중 2건이 03 교육·법률·사회복지·경찰·소방직 및 군인 — 세세분류는 흩어진다
수산물염장원,,,10,설치·정비·생산직,학습,100%,2,정답 2건 중 2건이 10 설치·정비·생산직 — 세세분류는 흩어진다
생산관리보조,,,01,경영·사무·금융·보험직,학습,100%,2,정답 2건 중 2건이 01 경영·사무·금융·보험직 — 세세분류는 흩어진다
3등급,,,06,미용·여행·숙박·음식·경비·청소직,학습,100%,2,정답 2건 중 2건이 06 미용·여행·숙박·음식·경비·청소직 — 세세분류는 흩어진다
보조교사,,,03,교육·법률·사회복지·경찰·소방직 및 군인,학습,100%,2,정답 2건 중 2건이 03 교육·법률·사회복지·경찰·소방직 및 군인 — 세세분류는 흩어진다
교사보조,,,03,교육·법률·사회복지·경찰·소방직 및 군인,학습,100%,2,정답 2건 중 2건이 03 교육·법률·사회복지·경찰·소방직 및 군인 — 세세분류는 흩어진다
전기기계관리원,,,10,설치·정비·생산직,학습,100%,2,정답 2건 중 2건이 10 설치·정비·생산직 — 세세분류는 흩어진다
건설업장부정리원,,,01,경영·사무·금융·보험직,학습,100%,2,정답 2건 중 2건이 01 경영·사무·금융·보험직 — 세세분류는 흩어진다
육아휴직대체인력,,,03,교육·법률·사회복지·경찰·소방직 및 군인,학습,100%,2,정답 2건 중 2건이 03 교육·법률·사회복지·경찰·소방직 및 군인 — 세세분류는 흩어진다
경리사무원구합니다,,,01,경영·사무·금융·보험직,학습,100%,2,정답 2건 중 2건이 01 경영·사무·금융·보험직 — 세세분류는 흩어진다
음식료품관련품질관리원,,,01,경영·사무·금융·보험직,학습,100%,2,정답 2건 중 2건이 01 경영·사무·금융·보험직 — 세세분류는 흩어진다
운전필수,,,03,교육·법률·사회복지·경찰·소방직 및 군인,학습,50%,2,정답 2건 중 1건이 03 교육·법률·사회복지·경찰·소방직 및 군인 — 세세분류는 흩어진다
모형원,,,10,설치·정비·생산직,학습,100%,2,정답 2건 중 2건이 10 설치·정비·생산직 — 세세분류는 흩어진다
단순경리,,,01,경영·사무·금융·보험직,학습,100%,2,정답 2건 중 2건이 01 경영·사무·금융·보험직 — 세세분류는 흩어진다
수영강사,,,05,예술·디자인·방송·스포츠직,학습,100%,2,정답 2건 중 2건이 05 예술·디자인·방송·스포츠직 — 세세분류는 흩어진다
전문소방업체공무보실분,,,02,연구직 및 공학기술직,학습,100%,2,정답 2건 중 2건이 02 연구직 및 공학기술직 — 세세분류는 흩어진다
전기분야,,,02,연구직 및 공학기술직,학습,100%,2,정답 2건 중 2건이 02 연구직 및 공학기술직 — 세세분류는 흩어진다
전기공사기사,,,02,연구직 및 공학기술직,학습,100%,2,정답 2건 중 2건이 02 연구직 및 공학기술직 — 세세분류는 흩어진다
용접사상원,,,10,설치·정비·생산직,학습,100%,2,정답 2건 중 2건이 10 설치·정비·생산직 — 세세분류는 흩어진다
주간보호센터사무원,,,01,경영·사무·금융·보험직,학습,100%,2,정답 2건 중 2건이 01 경영·사무·금융·보험직 — 세세분류는 흩어진다
생산관리경력직,,,01,경영·사무·금융·보험직,학습,100%,2,정답 2건 중 2건이 01 경영·사무·금융·보험직 — 세세분류는 흩어진다
cnc단순생산직,,,10,설치·정비·생산직,학습,100%,2,정답 2건 중 2건이 10 설치·정비·생산직 — 세세분류는 흩어진다
코디네이터,,,06,미용·여행·숙박·음식·경비·청소직,학습,50%,2,정답 2건 중 1건이 06 미용·여행·숙박·음식·경비·청소직 — 세세분류는 흩어진다
연구직,,,02,연구직 및 공학기술직,학습,50%,2,정답 2건 중 1건이 02 연구직 및 공학기술직 — 세세분류는 흩어진다
철강,,,07,영업·판매직,학습,50%,2,정답 2건 중 1건이 07 영업·판매직 — 세세분류는 흩어진다
프라즈마,,,10,설치·정비·생산직,학습,100%,2,정답 2건 중 2건이 10 설치·정비·생산직 — 세세분류는 흩어진다
사상공,,,10,설치·정비·생산직,학습,100%,2,정답 2건 중 2건이 10 설치·정비·생산직 — 세세분류는 흩어진다
재가요양보호사선생님,,,06,미용·여행·숙박·음식·경비·청소직,학습,100%,2,정답 2건 중 2건이 06 미용·여행·숙박·음식·경비·청소직 — 세세분류는 흩어진다
재가요양보호사선생,,,06,미용·여행·숙박·음식·경비·청소직,학습,100%,2,정답 2건 중 2건이 06 미용·여행·숙박·음식·경비·청소직 — 세세분류는 흩어진다
고무제품사상원,,,10,설치·정비·생산직,학습,100%,2,정답 2건 중 2건이 10 설치·정비·생산직 — 세세분류는 흩어진다
사진첨부,,,03,교육·법률·사회복지·경찰·소방직 및 군인,학습,100%,2,정답 2건 중 2건이 03 교육·법률·사회복지·경찰·소방직 및 군인 — 세세분류는 흩어진다
장애인재활상담사,,,03,교육·법률·사회복지·경찰·소방직 및 군인,학습,100%,2,정답 2건 중 2건이 03 교육·법률·사회복지·경찰·소방직 및 군인 — 세세분류는 흩어진다
대기환경측정분석기술자,,,02,연구직 및 공학기술직,학습,100%,2,정답 2건 중 2건이 02 연구직 및 공학기술직 — 세세분류는 흩어진다
수작업가구제조원,,,10,설치·정비·생산직,학습,100%,2,정답 2건 중 2건이 10 설치·정비·생산직 — 세세분류는 흩어진다
생선해체원,,,10,설치·정비·생산직,학습,100%,2,정답 2건 중 2건이 10 설치·정비·생산직 — 세세분류는 흩어진다
조선기자재제조업,,,08,운전·운송직,학습,50%,2,정답 2건 중 1건이 08 운전·운송직 — 세세분류는 흩어진다
케어복지사,,,03,교육·법률·사회복지·경찰·소방직 및 군인,학습,100%,2,정답 2건 중 2건이 03 교육·법률·사회복지·경찰·소방직 및 군인 — 세세분류는 흩어진다
미술치료사,,,03,교육·법률·사회복지·경찰·소방직 및 군인,학습,100%,2,정답 2건 중 2건이 03 교육·법률·사회복지·경찰·소방직 및 군인 — 세세분류는 흩어진다
캐드가능자,,,02,연구직 및 공학기술직,학습,50%,2,정답 2건 중 1건이 02 연구직 및 공학기술직 — 세세분류는 흩어진다
여자요양보호사,,,06,미용·여행·숙박·음식·경비·청소직,학습,100%,2,정답 2건 중 2건이 06 미용·여행·숙박·음식·경비·청소직 — 세세분류는 흩어진다
어린이집0,,,04,보건·의료직,학습,50%,2,정답 2건 중 1건이 04 보건·의료직 — 세세분류는 흩어진다
현장관리자,,,01,경영·사무·금융·보험직,학습,50%,2,정답 2건 중 1건이 01 경영·사무·금융·보험직 — 세세분류는 흩어진다
긴급,,,06,미용·여행·숙박·음식·경비·청소직,학습,100%,2,정답 2건 중 2건이 06 미용·여행·숙박·음식·경비·청소직 — 세세분류는 흩어진다
cnc선반,,,10,설치·정비·생산직,학습,100%,2,정답 2건 중 2건이 10 설치·정비·생산직 — 세세분류는 흩어진다
cnc선반사원모집합니다,,,10,설치·정비·생산직,학습,100%,2,정답 2건 중 2건이 10 설치·정비·생산직 — 세세분류는 흩어진다
생산직cnc,,,10,설치·정비·생산직,학습,100%,2,정답 2건 중 2건이 10 설치·정비·생산직 — 세세분류는 흩어진다
향신료제조원,,,10,설치·정비·생산직,학습,100%,2,정답 2건 중 2건이 10 설치·정비·생산직 — 세세분류는 흩어진다
측량,,,02,연구직 및 공학기술직,학습,100%,2,정답 2건 중 2건이 02 연구직 및 공학기술직 — 세세분류는 흩어진다
cam,,,02,연구직 및 공학기술직,학습,50%,2,정답 2건 중 1건이 02 연구직 및 공학기술직 — 세세분류는 흩어진다
단순종사원,,,10,설치·정비·생산직,학습,100%,2,정답 2건 중 2건이 10 설치·정비·생산직 — 세세분류는 흩어진다
관리사무원,,,01,경영·사무·금융·보험직,학습,100%,2,정답 2건 중 2건이 01 경영·사무·금융·보험직 — 세세분류는 흩어진다
여자어르신케어,,,06,미용·여행·숙박·음식·경비·청소직,학습,100%,2,정답 2건 중 2건이 06 미용·여행·숙박·음식·경비·청소직 — 세세분류는 흩어진다
초보가능,,,10,설치·정비·생산직,학습,100%,2,정답 2건 중 2건이 10 설치·정비·생산직 — 세세분류는 흩어진다
그라비아윤전기조작원,,,10,설치·정비·생산직,학습,100%,2,정답 2건 중 2건이 10 설치·정비·생산직 — 세세분류는 흩어진다
시설경비,,,06,미용·여행·숙박·음식·경비·청소직,학습,50%,2,정답 2건 중 1건이 06 미용·여행·숙박·음식·경비·청소직 — 세세분류는 흩어진다
어머,,,06,미용·여행·숙박·음식·경비·청소직,학습,50%,2,정답 2건 중 1건이 06 미용·여행·숙박·음식·경비·청소직 — 세세분류는 흩어진다
아버,,,06,미용·여행·숙박·음식·경비·청소직,학습,100%,2,정답 2건 중 2건이 06 미용·여행·숙박·음식·경비·청소직 — 세세분류는 흩어진다
기계조작원,,,12,재료·화학·섬유·가스·에너지·환경관련직,학습,50%,2,정답 2건 중 1건이 12 재료·화학·섬유·가스·에너지·환경관련직 — 세세분류는 흩어진다
생산부,,,10,설치·정비·생산직,학습,100%,2,정답 2건 중 2건이 10 설치·정비·생산직 — 세세분류는 흩어진다
개발팀,,,02,연구직 및 공학기술직,학습,100%,2,정답 2건 중 2건이 02 연구직 및 공학기술직 — 세세분류는 흩어진다
밸브가공원,,,10,설치·정비·생산직,학습,100%,2,정답 2건 중 2건이 10 설치·정비·생산직 — 세세분류는 흩어진다
생산직cnc조작원,,,10,설치·정비·생산직,학습,100%,2,정답 2건 중 2건이 10 설치·정비·생산직 — 세세분류는 흩어진다
치매교육이수자,,,03,교육·법률·사회복지·경찰·소방직 및 군인,학습,50%,2,정답 2건 중 1건이 03 교육·법률·사회복지·경찰·소방직 및 군인 — 세세분류는 흩어진다
운전수당별도지급,,,06,미용·여행·숙박·음식·경비·청소직,학습,100%,2,정답 2건 중 2건이 06 미용·여행·숙박·음식·경비·청소직 — 세세분류는 흩어진다
전표정리원,,,01,경영·사무·금융·보험직,학습,100%,2,정답 2건 중 2건이 01 경영·사무·금융·보험직 — 세세분류는 흩어진다
주간보호센터요양보호사선생님,,,06,미용·여행·숙박·음식·경비·청소직,학습,100%,2,정답 2건 중 2건이 06 미용·여행·숙박·음식·경비·청소직 — 세세분류는 흩어진다
소방시설관리사,,,02,연구직 및 공학기술직,학습,100%,2,정답 2건 중 2건이 02 연구직 및 공학기술직 — 세세분류는 흩어진다
설계직원,,,02,연구직 및 공학기술직,학습,100%,2,정답 2건 중 2건이 02 연구직 및 공학기술직 — 세세분류는 흩어진다
재가요양보호사채용합니다,,,06,미용·여행·숙박·음식·경비·청소직,학습,100%,2,정답 2건 중 2건이 06 미용·여행·숙박·음식·경비·청소직 — 세세분류는 흩어진다
방문요양,,,03,교육·법률·사회복지·경찰·소방직 및 군인,학습,50%,2,정답 2건 중 1건이 03 교육·법률·사회복지·경찰·소방직 및 군인 — 세세분류는 흩어진다
회계사무소경력,,,01,경영·사무·금융·보험직,학습,100%,2,정답 2건 중 2건이 01 경영·사무·금융·보험직 — 세세분류는 흩어진다
표류물채집자,,,11,농림어업직,학습,100%,2,정답 2건 중 2건이 11 농림어업직 — 세세분류는 흩어진다
산소아세틸렌용접원,,,10,설치·정비·생산직,학습,100%,2,정답 2건 중 2건이 10 설치·정비·생산직 — 세세분류는 흩어진다
토목감리,,,02,연구직 및 공학기술직,학습,100%,2,정답 2건 중 2건이 02 연구직 및 공학기술직 — 세세분류는 흩어진다
청소년상담사,,,03,교육·법률·사회복지·경찰·소방직 및 군인,학습,100%,2,정답 2건 중 2건이 03 교육·법률·사회복지·경찰·소방직 및 군인 — 세세분류는 흩어진다
단순작업자,,,10,설치·정비·생산직,학습,50%,2,정답 2건 중 1건이 10 설치·정비·생산직 — 세세분류는 흩어진다
철강회사철판제품생산원,,,10,설치·정비·생산직,학습,100%,2,정답 2건 중 2건이 10 설치·정비·생산직 — 세세분류는 흩어진다
언어치료사,,,04,보건·의료직,학습,100%,2,정답 2건 중 2건이 04 보건·의료직 — 세세분류는 흩어진다
검수원,,,01,경영·사무·금융·보험직,학습,50%,2,정답 2건 중 1건이 01 경영·사무·금융·보험직 — 세세분류는 흩어진다
요양병원조리사,,,06,미용·여행·숙박·음식·경비·청소직,학습,100%,2,정답 2건 중 2건이 06 미용·여행·숙박·음식·경비·청소직 — 세세분류는 흩어진다
노인요양보호사,,,06,미용·여행·숙박·음식·경비·청소직,학습,100%,2,정답 2건 중 2건이 06 미용·여행·숙박·음식·경비·청소직 — 세세분류는 흩어진다
주스병내용물선별원,,,10,설치·정비·생산직,학습,100%,2,정답 2건 중 2건이 10 설치·정비·생산직 — 세세분류는 흩어진다
수산물가공생산직,,,10,설치·정비·생산직,학습,100%,2,정답 2건 중 2건이 10 설치·정비·생산직 — 세세분류는 흩어진다
화물하역원,,,08,운전·운송직,학습,100%,2,정답 2건 중 2건이 08 운전·운송직 — 세세분류는 흩어진다
제조단순생산직,,,10,설치·정비·생산직,학습,100%,2,정답 2건 중 2건이 10 설치·정비·생산직 — 세세분류는 흩어진다
식품,,,10,설치·정비·생산직,학습,100%,2,정답 2건 중 2건이 10 설치·정비·생산직 — 세세분류는 흩어진다
절곡기사,,,10,설치·정비·생산직,학습,100%,2,정답 2건 중 2건이 10 설치·정비·생산직 — 세세분류는 흩어진다
조경관리,,,01,경영·사무·금융·보험직,학습,50%,2,정답 2건 중 1건이 01 경영·사무·금융·보험직 — 세세분류는 흩어진다
제조단순종사원,,,10,설치·정비·생산직,학습,100%,2,정답 2건 중 2건이 10 설치·정비·생산직 — 세세분류는 흩어진다
co2용접가능자,,,10,설치·정비·생산직,학습,100%,2,정답 2건 중 2건이 10 설치·정비·생산직 — 세세분류는 흩어진다
납품,,,01,경영·사무·금융·보험직,학습,50%,2,정답 2건 중 1건이 01 경영·사무·금융·보험직 — 세세분류는 흩어진다
제조업경리,,,01,경영·사무·금융·보험직,학습,100%,2,정답 2건 중 2건이 01 경영·사무·금융·보험직 — 세세분류는 흩어진다
가스산업기사,,,02,연구직 및 공학기술직,학습,100%,2,정답 2건 중 2건이 02 연구직 및 공학기술직 — 세세분류는 흩어진다
판매관리,,,11,농림어업직,학습,50%,2,정답 2건 중 1건이 11 농림어업직 — 세세분류는 흩어진다
정직원,,,01,경영·사무·금융·보험직,학습,50%,2,정답 2건 중 1건이 01 경영·사무·금융·보험직 — 세세분류는 흩어진다
실내건축기사,,,03,교육·법률·사회복지·경찰·소방직 및 군인,학습,100%,2,정답 2건 중 2건이 03 교육·법률·사회복지·경찰·소방직 및 군인 — 세세분류는 흩어진다
섬유분야단순노무자,,,10,설치·정비·생산직,학습,100%,2,정답 2건 중 2건이 10 설치·정비·생산직 — 세세분류는 흩어진다
운전가능자,,,06,미용·여행·숙박·음식·경비·청소직,학습,50%,2,정답 2건 중 1건이 06 미용·여행·숙박·음식·경비·청소직 — 세세분류는 흩어진다
생산현장직구인(금속가공업),,,10,설치·정비·생산직,학습,100%,2,정답 2건 중 2건이 10 설치·정비·생산직 — 세세분류는 흩어진다
생산현장직,,,10,설치·정비·생산직,학습,100%,2,정답 2건 중 2건이 10 설치·정비·생산직 — 세세분류는 흩어진다
금속가공업,,,10,설치·정비·생산직,학습,100%,2,정답 2건 중 2건이 10 설치·정비·생산직 — 세세분류는 흩어진다
편집디자이너,,,05,예술·디자인·방송·스포츠직,학습,100%,2,정답 2건 중 2건이 05 예술·디자인·방송·스포츠직 — 세세분류는 흩어진다
음식료품관련생산관리원,,,01,경영·사무·금융·보험직,학습,100%,2,정답 2건 중 2건이 01 경영·사무·금융·보험직 — 세세분류는 흩어진다
물류기획사무원,,,01,경영·사무·금융·보험직,학습,100%,2,정답 2건 중 2건이 01 경영·사무·금융·보험직 — 세세분류는 흩어진다
선반조작원,,,10,설치·정비·생산직,학습,100%,2,정답 2건 중 2건이 10 설치·정비·생산직 — 세세분류는 흩어진다
공작기계cncmct,,,10,설치·정비·생산직,학습,50%,2,정답 2건 중 1건이 10 설치·정비·생산직 — 세세분류는 흩어진다
경력정규직,,,10,설치·정비·생산직,학습,100%,2,정답 2건 중 2건이 10 설치·정비·생산직 — 세세분류는 흩어진다
기계가공,,,01,경영·사무·금융·보험직,학습,50%,2,정답 2건 중 1건이 01 경영·사무·금융·보험직 — 세세분류는 흩어진다
인공지능엔지니어,,,13,정보통신관련직,학습,100%,2,정답 2건 중 2건이 13 정보통신관련직 — 세세분류는 흩어진다
팀장급,,,01,경영·사무·금융·보험직,학습,100%,2,정답 2건 중 2건이 01 경영·사무·금융·보험직 — 세세분류는 흩어진다
사원급,,,01,경영·사무·금융·보험직,학습,50%,2,정답 2건 중 1건이 01 경영·사무·금융·보험직 — 세세분류는 흩어진다
제조공장,,,10,설치·정비·생산직,학습,100%,2,정답 2건 중 2건이 10 설치·정비·생산직 — 세세분류는 흩어진다
사업기획사무원,,,01,경영·사무·금융·보험직,학습,100%,2,정답 2건 중 2건이 01 경영·사무·금융·보험직 — 세세분류는 흩어진다
autocad,,,02,연구직 및 공학기술직,학습,100%,2,정답 2건 중 2건이 02 연구직 및 공학기술직 — 세세분류는 흩어진다
cnc오퍼레이터,,,10,설치·정비·생산직,학습,100%,2,정답 2건 중 2건이 10 설치·정비·생산직 — 세세분류는 흩어진다
위탁급식학교로외근영양사선생님,,,04,보건·의료직,학습,100%,2,정답 2건 중 2건이 04 보건·의료직 — 세세분류는 흩어진다
영양사선생,,,04,보건·의료직,학습,100%,2,정답 2건 중 2건이 04 보건·의료직 — 세세분류는 흩어진다
자동차부품구매사무원,,,01,경영·사무·금융·보험직,학습,100%,2,정답 2건 중 2건이 01 경영·사무·금융·보험직 — 세세분류는 흩어진다
산모신생아건강관리사,,,04,보건·의료직,학습,100%,2,정답 2건 중 2건이 04 보건·의료직 — 세세분류는 흩어진다
건강관리사,,,04,보건·의료직,학습,100%,2,정답 2건 중 2건이 04 보건·의료직 — 세세분류는 흩어진다
어린이집조리사,,,06,미용·여행·숙박·음식·경비·청소직,학습,100%,2,정답 2건 중 2건이 06 미용·여행·숙박·음식·경비·청소직 — 세세분류는 흩어진다
수산물단순포장생산직,,,10,설치·정비·생산직,학습,100%,2,정답 2건 중 2건이 10 설치·정비·생산직 — 세세분류는 흩어진다
연장반교사,,,03,교육·법률·사회복지·경찰·소방직 및 군인,학습,100%,2,정답 2건 중 2건이 03 교육·법률·사회복지·경찰·소방직 및 군인 — 세세분류는 흩어진다
cnc가공,,,10,설치·정비·생산직,학습,100%,2,정답 2건 중 2건이 10 설치·정비·생산직 — 세세분류는 흩어진다
금형설계,,,10,설치·정비·생산직,학습,100%,2,정답 2건 중 2건이 10 설치·정비·생산직 — 세세분류는 흩어진다
차량목욕요양보호사,,,06,미용·여행·숙박·음식·경비·청소직,학습,100%,2,정답 2건 중 2건이 06 미용·여행·숙박·음식·경비·청소직 — 세세분류는 흩어진다
생활복지사,,,03,교육·법률·사회복지·경찰·소방직 및 군인,학습,100%,2,정답 2건 중 2건이 03 교육·법률·사회복지·경찰·소방직 및 군인 — 세세분류는 흩어진다
알곤용접원,,,10,설치·정비·생산직,학습,100%,2,정답 2건 중 2건이 10 설치·정비·생산직 — 세세분류는 흩어진다
긴급돌봄요양보호사,,,06,미용·여행·숙박·음식·경비·청소직,학습,100%,2,정답 2건 중 2건이 06 미용·여행·숙박·음식·경비·청소직 — 세세분류는 흩어진다
일반기계기사,,,02,연구직 및 공학기술직,학습,50%,2,정답 2건 중 1건이 02 연구직 및 공학기술직 — 세세분류는 흩어진다
물류입출고원,,,01,경영·사무·금융·보험직,학습,100%,2,정답 2건 중 2건이 01 경영·사무·금융·보험직 — 세세분류는 흩어진다
창고관리,,,01,경영·사무·금융·보험직,학습,50%,2,정답 2건 중 1건이 01 경영·사무·금융·보험직 — 세세분류는 흩어진다
생산직(현장단순직),,,10,설치·정비·생산직,학습,100%,2,정답 2건 중 2건이 10 설치·정비·생산직 — 세세분류는 흩어진다
현장단순직,,,10,설치·정비·생산직,학습,100%,2,정답 2건 중 2건이 10 설치·정비·생산직 — 세세분류는 흩어진다
현장근로자,,,10,설치·정비·생산직,학습,100%,2,정답 2건 중 2건이 10 설치·정비·생산직 — 세세분류는 흩어진다
전기결선및판넬조립,,,10,설치·정비·생산직,학습,100%,2,정답 2건 중 2건이 10 설치·정비·생산직 — 세세분류는 흩어진다
대기환경기사,,,02,연구직 및 공학기술직,학습,100%,2,정답 2건 중 2건이 02 연구직 및 공학기술직 — 세세분류는 흩어진다
단순가공,,,10,설치·정비·생산직,학습,50%,2,정답 2건 중 1건이 10 설치·정비·생산직 — 세세분류는 흩어진다
통영해물밥상,,,06,미용·여행·숙박·음식·경비·청소직,학습,100%,2,정답 2건 중 2건이 06 미용·여행·숙박·음식·경비·청소직 — 세세분류는 흩어진다
요양보호사선생,,,06,미용·여행·숙박·음식·경비·청소직,학습,100%,2,정답 2건 중 2건이 06 미용·여행·숙박·음식·경비·청소직 — 세세분류는 흩어진다
사회복지보조원,,,03,교육·법률·사회복지·경찰·소방직 및 군인,학습,100%,2,정답 2건 중 2건이 03 교육·법률·사회복지·경찰·소방직 및 군인 — 세세분류는 흩어진다
현장생산직,,,10,설치·정비·생산직,학습,100%,2,정답 2건 중 2건이 10 설치·정비·생산직 — 세세분류는 흩어진다
에너지관리산업기사,,,02,연구직 및 공학기술직,학습,50%,2,정답 2건 중 1건이 02 연구직 및 공학기술직 — 세세분류는 흩어진다
과장,,,06,미용·여행·숙박·음식·경비·청소직,학습,50%,2,정답 2건 중 1건이 06 미용·여행·숙박·음식·경비·청소직 — 세세분류는 흩어진다
방사선,,,04,보건·의료직,학습,50%,2,정답 2건 중 1건이 04 보건·의료직 — 세세분류는 흩어진다
qa,,,01,경영·사무·금융·보험직,학습,100%,2,정답 2건 중 2건이 01 경영·사무·금융·보험직 — 세세분류는 흩어진다
건강원종사자,,,10,설치·정비·생산직,학습,100%,2,정답 2건 중 2건이 10 설치·정비·생산직 — 세세분류는 흩어진다
기술영업팀,,,02,연구직 및 공학기술직,학습,100%,2,정답 2건 중 2건이 02 연구직 및 공학기술직 — 세세분류는 흩어진다
영어수출입영업원,,,07,영업·판매직,학습,100%,2,정답 2건 중 2건이 07 영업·판매직 — 세세분류는 흩어진다
3d프린터조작원,,,10,설치·정비·생산직,학습,100%,2,정답 2건 중 2건이 10 설치·정비·생산직 — 세세분류는 흩어진다
건축시공기사,,,02,연구직 및 공학기술직,학습,100%,2,정답 2건 중 2건이 02 연구직 및 공학기술직 — 세세분류는 흩어진다
영업및경리직원모집합니다,,,01,경영·사무·금융·보험직,학습,100%,2,정답 2건 중 2건이 01 경영·사무·금융·보험직 — 세세분류는 흩어진다
회계사무실넘기기전,,,01,경영·사무·금융·보험직,학습,100%,2,정답 2건 중 2건이 01 경영·사무·금융·보험직 — 세세분류는 흩어진다
알곤-steel,,,10,설치·정비·생산직,학습,100%,2,정답 2건 중 2건이 10 설치·정비·생산직 — 세세분류는 흩어진다
유통업체식품영업원,,,07,영업·판매직,학습,100%,2,정답 2건 중 2건이 07 영업·판매직 — 세세분류는 흩어진다
정육가공원,,,10,설치·정비·생산직,학습,100%,2,정답 2건 중 2건이 10 설치·정비·생산직 — 세세분류는 흩어진다
미싱사,,,12,재료·화학·섬유·가스·에너지·환경관련직,학습,50%,2,정답 2건 중 1건이 12 재료·화학·섬유·가스·에너지·환경관련직 — 세세분류는 흩어진다
요양원요양보호사,,,06,미용·여행·숙박·음식·경비·청소직,학습,100%,2,정답 2건 중 2건이 06 미용·여행·숙박·음식·경비·청소직 — 세세분류는 흩어진다
건축안전기술자,,,02,연구직 및 공학기술직,학습,100%,2,정답 2건 중 2건이 02 연구직 및 공학기술직 — 세세분류는 흩어진다
빌딩관리사무소장,,,01,경영·사무·금융·보험직,학습,100%,2,정답 2건 중 2건이 01 경영·사무·금융·보험직 — 세세분류는 흩어진다
학교급식보조원,,,06,미용·여행·숙박·음식·경비·청소직,학습,100%,2,정답 2건 중 2건이 06 미용·여행·숙박·음식·경비·청소직 — 세세분류는 흩어진다
범용밀링기보조원,,,10,설치·정비·생산직,학습,100%,2,정답 2건 중 2건이 10 설치·정비·생산직 — 세세분류는 흩어진다
서류정리원(일반사업체),,,01,경영·사무·금융·보험직,학습,100%,2,정답 2건 중 2건이 01 경영·사무·금융·보험직 — 세세분류는 흩어진다
서류정리원,,,01,경영·사무·금융·보험직,학습,100%,2,정답 2건 중 2건이 01 경영·사무·금융·보험직 — 세세분류는 흩어진다
객실관리,,,06,미용·여행·숙박·음식·경비·청소직,학습,100%,2,정답 2건 중 2건이 06 미용·여행·숙박·음식·경비·청소직 — 세세분류는 흩어진다
woodenbox제작원,,,10,설치·정비·생산직,학습,100%,2,정답 2건 중 2건이 10 설치·정비·생산직 — 세세분류는 흩어진다
제빵사,,,10,설치·정비·생산직,학습,100%,2,정답 2건 중 2건이 10 설치·정비·생산직 — 세세분류는 흩어진다
수산물생산직,,,10,설치·정비·생산직,학습,100%,2,정답 2건 중 2건이 10 설치·정비·생산직 — 세세분류는 흩어진다
도장공,,,10,설치·정비·생산직,학습,100%,2,정답 2건 중 2건이 10 설치·정비·생산직 — 세세분류는 흩어진다
설거지,,,06,미용·여행·숙박·음식·경비·청소직,학습,100%,2,정답 2건 중 2건이 06 미용·여행·숙박·음식·경비·청소직 — 세세분류는 흩어진다
레이저가공,,,10,설치·정비·생산직,학습,50%,2,정답 2건 중 1건이 10 설치·정비·생산직 — 세세분류는 흩어진다
레이저가공설계,,,10,설치·정비·생산직,학습,50%,2,정답 2건 중 1건이 10 설치·정비·생산직 — 세세분류는 흩어진다
급식조리원,,,06,미용·여행·숙박·음식·경비·청소직,학습,100%,2,정답 2건 중 2건이 06 미용·여행·숙박·음식·경비·청소직 — 세세분류는 흩어진다
필수아,,,06,미용·여행·숙박·음식·경비·청소직,학습,50%,2,정답 2건 중 1건이 06 미용·여행·숙박·음식·경비·청소직 — 세세분류는 흩어진다
토목견적포함,,,02,연구직 및 공학기술직,학습,50%,2,정답 2건 중 1건이 02 연구직 및 공학기술직 — 세세분류는 흩어진다
지게차기사,,,08,운전·운송직,학습,100%,2,정답 2건 중 2건이 08 운전·운송직 — 세세분류는 흩어진다
에어백제조업체,,,12,재료·화학·섬유·가스·에너지·환경관련직,학습,100%,2,정답 2건 중 2건이 12 재료·화학·섬유·가스·에너지·환경관련직 — 세세분류는 흩어진다
재가노인복지센터사회복지사,,,03,교육·법률·사회복지·경찰·소방직 및 군인,학습,100%,2,정답 2건 중 2건이 03 교육·법률·사회복지·경찰·소방직 및 군인 — 세세분류는 흩어진다
방문요양보호사선생님,,,06,미용·여행·숙박·음식·경비·청소직,학습,100%,2,정답 2건 중 2건이 06 미용·여행·숙박·음식·경비·청소직 — 세세분류는 흩어진다
재가요양보호사채용정보,,,06,미용·여행·숙박·음식·경비·청소직,학습,100%,2,정답 2건 중 2건이 06 미용·여행·숙박·음식·경비·청소직 — 세세분류는 흩어진다
차트운반원,,,04,보건·의료직,학습,100%,2,정답 2건 중 2건이 04 보건·의료직 — 세세분류는 흩어진다
영업지원사무원,,,01,경영·사무·금융·보험직,학습,100%,2,정답 2건 중 2건이 01 경영·사무·금융·보험직 — 세세분류는 흩어진다
요양보호사를,,,06,미용·여행·숙박·음식·경비·청소직,학습,100%,2,정답 2건 중 2건이 06 미용·여행·숙박·음식·경비·청소직 — 세세분류는 흩어진다
mct가공,,,10,설치·정비·생산직,학습,100%,2,정답 2건 중 2건이 10 설치·정비·생산직 — 세세분류는 흩어진다
신규직원,,,06,미용·여행·숙박·음식·경비·청소직,학습,50%,2,정답 2건 중 1건이 06 미용·여행·숙박·음식·경비·청소직 — 세세분류는 흩어진다
5등급,,,06,미용·여행·숙박·음식·경비·청소직,학습,100%,2,정답 2건 중 2건이 06 미용·여행·숙박·음식·경비·청소직 — 세세분류는 흩어진다
환경기사,,,09,건설·채굴직,학습,50%,2,정답 2건 중 1건이 09 건설·채굴직 — 세세분류는 흩어진다
건축현장안전담당자,,,02,연구직 및 공학기술직,학습,100%,2,정답 2건 중 2건이 02 연구직 및 공학기술직 — 세세분류는 흩어진다
영진,,,10,설치·정비·생산직,학습,100%,2,정답 2건 중 2건이 10 설치·정비·생산직 — 세세분류는 흩어진다
주5일,,,06,미용·여행·숙박·음식·경비·청소직,학습,100%,2,정답 2건 중 2건이 06 미용·여행·숙박·음식·경비·청소직 — 세세분류는 흩어진다
주차장관리원,,,06,미용·여행·숙박·음식·경비·청소직,학습,100%,2,정답 2건 중 2건이 06 미용·여행·숙박·음식·경비·청소직 — 세세분류는 흩어진다
독거,,,06,미용·여행·숙박·음식·경비·청소직,학습,100%,2,정답 2건 중 2건이 06 미용·여행·숙박·음식·경비·청소직 — 세세분류는 흩어진다
가공등업무,,,10,설치·정비·생산직,학습,100%,2,정답 2건 중 2건이 10 설치·정비·생산직 — 세세분류는 흩어진다
생산직,,,10,설치·정비·생산직,수동,,,생산 현장직. 공정은 특정 불가 → 설치·정비·생산직
단순생산직,890000,기타 제조 관련 단순 종사원,10,설치·정비·생산직,수동,,,기타 제조 관련 단순 종사원
제조가공,,,10,설치·정비·생산직,수동,,,제조 현장직
사무직,029904,사무 보조원(일반사업체),01,경영·사무·금융·보험직,수동,,,사무 보조원(일반사업체). KECO 명칭은 `사무원`
사무행정,029904,사무 보조원(일반사업체),01,경영·사무·금융·보험직,수동,,,사무 보조원(일반사업체)
영업직,,,07,영업·판매직,수동,,,영업원. 상품·분야 특정 불가
판매직,,,07,영업·판매직,수동,,,판매 종사원
관리직,,,01,경영·사무·금융·보험직,수동,,,관리자. 부문 특정 불가
병동,304000,간호사,04,보건·의료직,수동,,,병동은 근무부서. 부산 공고는 간호사 모집이 대다수
외래,304000,간호사,04,보건·의료직,수동,,,외래 진료실 간호 인력
원무과,026502,병원행정 사무원(원무),01,경영·사무·금융·보험직,수동,,,병원행정 사무원(원무). 진료가 아니라 사무다
수술실,304000,간호사,04,보건·의료직,수동,,,수술실 간호사
주방,532300,주방 보조원,06,미용·여행·숙박·음식·경비·청소직,수동,,,주방 보조원
주방보조,532300,주방 보조원,06,미용·여행·숙박·음식·경비·청소직,수동,,,주방 보조원
홀,531200,한식 조리사,06,미용·여행·숙박·음식·경비·청소직,수동,,,홀 서빙. 음식 서비스 종사원
홀서빙,531200,한식 조리사,06,미용·여행·숙박·음식·경비·청소직,수동,,,음식 서비스 종사원
매장,,,07,영업·판매직,수동,,,매장 판매 종사원
매장관리,,,07,영업·판매직,수동,,,매장 판매 종사원
현장관리,,,10,설치·정비·생산직,수동,,,생산·건설 현장 관리
피부관리사,511400,피부 및 체형 관리사,06,미용·여행·숙박·음식·경비·청소직,수동,,,피부 및 체형 관리사
상담실장,511400,피부 및 체형 관리사,06,미용·여행·숙박·음식·경비·청소직,수동,,,미용·피부 상담실장. 피부 및 체형 관리사 계열
수의테크니션,,,04,보건·의료직,수동,,,동물병원 보조. 세세분류에 항목이 없다
테라피스트,511400,피부 및 체형 관리사,06,미용·여행·숙박·음식·경비·청소직,수동,,,피부 및 체형 관리사 계열
당직전담사,541300,시설 및 특수 경비원,06,미용·여행·숙박·음식·경비·청소직,수동,,,학교 당직 경비 → 시설 및 특수 경비원
통학차량안전도우미,,,06,미용·여행·숙박·음식·경비·청소직,수동,,,돌봄 서비스. 세세분류 항목 없음
미화원,561100,건물 청소원,06,미용·여행·숙박·음식·경비·청소직,수동,,,건물 청소원
미화,561100,건물 청소원,06,미용·여행·숙박·음식·경비·청소직,수동,,,건물 청소원
간병,550201,간병인,06,미용·여행·숙박·음식·경비·청소직,수동,,,간병인
급식,532300,주방 보조원,06,미용·여행·숙박·음식·경비·청소직,수동,,,급식 조리·배식. 주방 보조원
보안,541300,시설 및 특수 경비원,06,미용·여행·숙박·음식·경비·청소직,수동,,,시설 및 특수 경비원
캐셔,,,07,영업·판매직,수동,,,판매 종사원(계산원)
고객응대,029202,콜센터 상담원(콜센터·고객센터·CS센터),01,경영·사무·금융·보험직,수동,,,콜센터·고객센터 상담원
인바운드,029202,콜센터 상담원(콜센터·고객센터·CS센터),01,경영·사무·금융·보험직,수동,,,인바운드 상담. 콜센터 상담원
콜센터,029202,콜센터 상담원(콜센터·고객센터·CS센터),01,경영·사무·금융·보험직,수동,,,콜센터 상담원
택배기사,,,08,운전·운송직,수동,,,택배원 — 운전·운송직
배송기사,,,08,운전·운송직,수동,,,배송 운전원
물류관리,,,01,경영·사무·금융·보험직,수동,,,자재·물류 사무원
출고,,,08,운전·운송직,수동,,,하역·적재 — 운송 관련
유지보수,,,10,설치·정비·생산직,수동,,,설비 정비. 분야 특정 불가
시설관리,834002,빌딩 전기관리원,10,설치·정비·생산직,수동,,,빌딩 전기관리원
공무,,,10,설치·정비·생산직,수동,,,제조업 공무팀(설비 관리)
노무,890000,기타 제조 관련 단순 종사원,10,설치·정비·생산직,수동,,,제조 단순 종사원
작업자,890000,기타 제조 관련 단순 종사원,10,설치·정비·생산직,수동,,,제조 단순 종사원
md,024302,머천다이저(MD),01,경영·사무·금융·보험직,수동,,,머천다이저(MD)
cs,029202,콜센터 상담원(콜센터·고객센터·CS센터),01,경영·사무·금융·보험직,수동,,,CS센터 상담원
pm,,,01,경영·사무·금융·보험직,수동,,,프로젝트 관리자. 부문 특정 불가
r&d,,,02,연구직 및 공학기술직,수동,,,연구개발. 분야 특정 불가
cad,,,02,연구직 및 공학기술직,수동,,,제도·설계 — 공학기술직
캐드,,,02,연구직 및 공학기술직,수동,,,제도·설계 — 공학기술직
치과,307200,위생사,04,보건·의료직,수동,,,치과 진료 보조. 치과위생사 계열
치위생,307200,위생사,04,보건·의료직,수동,,,치과위생사
피부과,307500,간호조무사,04,보건·의료직,수동,,,피부과 의원. 간호조무사 계열
실장,,,,,수동,,,직급이라 직업을 특정할 수 없다
팀장,,,,,수동,,,직급이라 직업을 특정할 수 없다
부장,,,,,수동,,,직급이라 직업을 특정할 수 없다
엔지니어,,,,,수동,,,분야 없이는 특정 불가
매니저,,,,,수동,,,분야 없이는 특정 불가 — 마케팅·영업·HR 어디에도 붙는다
