대분류코드,대분류명,중분류코드,소분류코드,직종코드,직종명,부산공고수(자동분류분)
0,경영·사무·금융·보험,01,011,011100,의회 의원,
0,경영·사무·금융·보험,01,011,011200,고위 공무원 및 정당‧특수 단체 임원,
0,경영·사무·금융·보험,01,011,011300,기업 대표 및 기업 고위 임원,
0,경영·사무·금융·보험,01,012,012100,정부 행정 관리자,
0,경영·사무·금융·보험,01,012,012200,경영지원 관리자,1
0,경영·사무·금융·보험,01,012,012201,경영기획 부서장,
0,경영·사무·금융·보험,01,012,012202,인사·노무·교육·총무·감사 부서장,
0,경영·사무·금융·보험,01,012,012203,자재·구매 부서장,
0,경영·사무·금융·보험,01,012,012204,재무·회계·경리 부서장,
0,경영·사무·금융·보험,01,012,012205,기타 경영지원 서비스 관리자,
0,경영·사무·금융·보험,01,012,012300,마케팅 및 광고‧홍보 관리자(부서장),1
0,경영·사무·금융·보험,01,012,012400,금융 및 보험 관리자(부서장),
0,경영·사무·금융·보험,01,013,013100,연구 관리자(부서장),1
0,경영·사무·금융·보험,01,013,013200,교육 관리자(부서장),
0,경영·사무·금융·보험,01,013,013300,법률‧경찰‧소방 및 교도 관리자,
0,경영·사무·금융·보험,01,013,013400,보건 의료 관련 관리자(부서장),
0,경영·사무·금융·보험,01,013,013500,사회복지 관련 관리자(부서장),3
0,경영·사무·금융·보험,01,013,013600,문화‧예술 관련 관리자(부서장),
0,경영·사무·금융·보험,01,013,013700,정보 통신 관련 관리자(부서장),
0,경영·사무·금융·보험,01,013,013900,기타 전문 서비스 관리자,
0,경영·사무·금융·보험,01,013,013901,부동산·임대업 관리자,
0,경영·사무·금융·보험,01,013,013902,아파트 관리소장,
0,경영·사무·금융·보험,01,013,013903,빌딩 관리소장,12
0,경영·사무·금융·보험,01,013,013904,"조사, 인력공급·알선 및 기타 전문서비스 관리자(부서장)",
0,경영·사무·금융·보험,01,014,014100,숙박·여행·오락 및 스포츠 관련 관리자,
0,경영·사무·금융·보험,01,014,014101,미용·여행·숙박·오락 서비스 관리자,
0,경영·사무·금융·보험,01,014,014102,스포츠 관리자,
0,경영·사무·금융·보험,01,014,014200,음식 서비스 관련 관리자,1
0,경영·사무·금융·보험,01,014,014300,환경·청소 및 경비 관련 관리자,4
0,경영·사무·금융·보험,01,014,014301,경비 관리자,
0,경영·사무·금융·보험,01,014,014302,환경·청소 관리자,2
0,경영·사무·금융·보험,01,015,015100,영업 및 판매 관련 관리자,3
0,경영·사무·금융·보험,01,015,015101,영업 관리자(영업소장·지점장),8
0,경영·사무·금융·보험,01,015,015102,판매 관리자(소규모 판매점장 제외),
0,경영·사무·금융·보험,01,015,015200,운송 관련 관리자(부서장),1
0,경영·사무·금융·보험,01,015,015900,기타 판매 및 고객 서비스 관리자,1
0,경영·사무·금융·보험,01,016,016100,건설 및 광업 관련 관리자(부서장),5
0,경영·사무·금융·보험,01,016,016200,전기·가스 및 수도 관련 관리자(부서장),
0,경영·사무·금융·보험,01,016,016300,제품 생산 관련 관리자,11
0,경영·사무·금융·보험,01,016,016301,기계·금속·비금속 제조 관리자(공장장),8
0,경영·사무·금융·보험,01,016,016302,화학 제조 관리자(공장장),
0,경영·사무·금융·보험,01,016,016303,섬유·의류 제조 관리자(공장장),
0,경영·사무·금융·보험,01,016,016304,전기·전자 제조 관리자(공장장),
0,경영·사무·금융·보험,01,016,016305,식품가공 제조 관리자(공장장),1
0,경영·사무·금융·보험,01,016,016306,기타 제품 제조 관리자(공장장),
0,경영·사무·금융·보험,01,016,016900,기타 건설·전기 및 생산 관련 관리자,2
0,경영·사무·금융·보험,01,016,016901,수리·정비 관리자(부서장),
0,경영·사무·금융·보험,01,016,016902,농림어업 및 기타 생산 관리자,1
0,경영·사무·금융·보험,02,021,021100,정부 행정 전문가,
0,경영·사무·금융·보험,02,021,021200,행정사,1
0,경영·사무·금융·보험,02,022,022100,"경영 및 진단 전문가(경영 컨설턴트, M&A·창업·인증심사·FTA)",7
0,경영·사무·금융·보험,02,022,022201,인사·노무 전문가,
0,경영·사무·금융·보험,02,022,022202,HRD·교육·훈련 전문가,
0,경영·사무·금융·보험,02,023,023100,회계사,64
0,경영·사무·금융·보험,02,023,023200,세무사,3
0,경영·사무·금융·보험,02,023,023301,관세사,3
0,경영·사무·금융·보험,02,023,023302,FTA 원산지관리사,
0,경영·사무·금융·보험,02,023,023400,감정 관련 전문가,
0,경영·사무·금융·보험,02,023,023401,감정평가사,3
0,경영·사무·금융·보험,02,023,023402,감정사(문화재·보석·문서·음식료품 및 조향사),
0,경영·사무·금융·보험,02,024,024101,광고·홍보 전문가,1
0,경영·사무·금융·보험,02,024,024102,마케팅 전문가,1
0,경영·사무·금융·보험,02,024,024200,조사 전문가,1
0,경영·사무·금융·보험,02,024,024301,상품 기획자,
0,경영·사무·금융·보험,02,024,024302,머천다이저(MD),44
0,경영·사무·금융·보험,02,024,024400,행사·전시 및 회의 기획자,
0,경영·사무·금융·보험,02,024,024401,행사·이벤트 기획자,2
0,경영·사무·금융·보험,02,024,024402,전시·회의 기획자,
0,경영·사무·금융·보험,02,025,025100,조세 행정 사무원,
0,경영·사무·금융·보험,02,025,025200,관세 행정 사무원,
0,경영·사무·금융·보험,02,025,025300,병무 행정 사무원,
0,경영·사무·금융·보험,02,025,025900,기타 정부 행정 사무원,1
0,경영·사무·금융·보험,02,025,025901,국가·지방행정 사무원,
0,경영·사무·금융·보험,02,025,025902,군무원,
0,경영·사무·금융·보험,02,026,026100,경영 기획 사무원,12
0,경영·사무·금융·보험,02,026,026200,영업 및 마케팅 사무원,7
0,경영·사무·금융·보험,02,026,026201,마케팅·광고·홍보·상품기획 사무원,13
0,경영·사무·금융·보험,02,026,026202,영업 기획·관리·지원 사무원,27
0,경영·사무·금융·보험,02,026,026203,분양·임대 사무원,
0,경영·사무·금융·보험,02,026,026300,인사 및 노무 사무원,4
0,경영·사무·금융·보험,02,026,026301,인사 사무원,1
0,경영·사무·금융·보험,02,026,026302,노무 사무원,
0,경영·사무·금융·보험,02,026,026400,교육 및 훈련 사무원,1
0,경영·사무·금융·보험,02,026,026500,총무 사무원 및 대학 행정조교,
0,경영·사무·금융·보험,02,026,026501,총무 및 일반 사무원,39
0,경영·사무·금융·보험,02,026,026502,병원행정 사무원(원무),59
0,경영·사무·금융·보험,02,026,026503,학교행정 사무원(교무),1
0,경영·사무·금융·보험,02,026,026504,대학 행정조교,1
0,경영·사무·금융·보험,02,026,026505,협회·회원단체 사무원,
0,경영·사무·금융·보험,02,026,026506,기숙사사감 및 독서실·고시원 총무,1
0,경영·사무·금융·보험,02,026,026600,감사 사무원,
0,경영·사무·금융·보험,02,027,027100,회계 사무원,20
0,경영·사무·금융·보험,02,027,027101,재무 사무원,1
0,경영·사무·금융·보험,02,027,027102,회계 사무원(회계·세무 사무소),47
0,경영·사무·금융·보험,02,027,027103,회계 사무원(일반 사업체),5
0,경영·사무·금융·보험,02,027,027200,경리 사무원,80
0,경영·사무·금융·보험,02,027,027201,경리 사무원(무역),2
0,경영·사무·금융·보험,02,027,027202,경리 사무원(운수),1
0,경영·사무·금융·보험,02,027,027203,경리 사무원(건설),5
0,경영·사무·금융·보험,02,027,027204,경리 사무원(제조),8
0,경영·사무·금융·보험,02,027,027205,경리 사무원(회계·세무 사무소),8
0,경영·사무·금융·보험,02,027,027206,경리 사무원(일반사업체),5
0,경영·사무·금융·보험,02,027,027207,경리 사무원(아파트·빌딩),1
0,경영·사무·금융·보험,02,027,027208,단순 경리 사무원,4
0,경영·사무·금융·보험,02,028,028100,무역 사무원,57
0,경영·사무·금융·보험,02,028,028101,무역 사무원(영어),
0,경영·사무·금융·보험,02,028,028102,무역 사무원(중국어),
0,경영·사무·금융·보험,02,028,028103,무역 사무원(일본어),
0,경영·사무·금융·보험,02,028,028104,무역 사무원(기타 언어),
0,경영·사무·금융·보험,02,028,028105,관세 사무원,3
0,경영·사무·금융·보험,02,028,028106,FTA 관리 사무원,
0,경영·사무·금융·보험,02,028,028200,도로 및 철도운송 사무원,
0,경영·사무·금융·보험,02,028,028201,도로 운송 사무원(배차사무 포함),3
0,경영·사무·금융·보험,02,028,028202,철도·지하철 운송 사무원,
0,경영·사무·금융·보험,02,028,028300,수상 및 항공운송 사무원,2
0,경영·사무·금융·보험,02,028,028301,항공 운송 사무원,1
0,경영·사무·금융·보험,02,028,028302,수상 운송 사무원(해상 운송),28
0,경영·사무·금융·보험,02,028,028400,자재관리 사무원,10
0,경영·사무·금융·보험,02,028,028401,자재·구매 사무원(건설),1
0,경영·사무·금융·보험,02,028,028402,자재·구매 사무원(기계·자동차·금속),9
0,경영·사무·금융·보험,02,028,028403,자재·구매 사무원(화학·섬유·의류),
0,경영·사무·금융·보험,02,028,028404,자재·구매 사무원(전기·전자·컴퓨터),
0,경영·사무·금융·보험,02,028,028405,자재·구매 사무원(음식료품),4
0,경영·사무·금융·보험,02,028,028406,자재·구매 사무원(일반 사업체),6
0,경영·사무·금융·보험,02,028,028407,창고 관리원(자재 검수원 포함),21
0,경영·사무·금융·보험,02,028,028408,물류 사무원(물류 관리사),33
0,경영·사무·금융·보험,02,028,028500,생산 및 품질관리 사무원,19
0,경영·사무·금융·보험,02,028,028501,생산관리 사무원(건설),1
0,경영·사무·금융·보험,02,028,028502,생산관리 사무원(기계·자동차·금속),13
0,경영·사무·금융·보험,02,028,028503,생산관리 사무원(화학·섬유·의료),
0,경영·사무·금융·보험,02,028,028504,생산관리 사무원(전기·전자·컴퓨터),4
0,경영·사무·금융·보험,02,028,028505,생산관리 사무원(음식료품),4
0,경영·사무·금융·보험,02,028,028506,생산관리 사무원(그 외 분야),4
0,경영·사무·금융·보험,02,028,028507,품질관리 사무원(건설),3
0,경영·사무·금융·보험,02,028,028508,품질관리 사무원(기계·자동차·금속),19
0,경영·사무·금융·보험,02,028,028509,품질관리 사무원(화학·섬유·의료),2
0,경영·사무·금융·보험,02,028,028510,품질관리 사무원(전기·전자·컴퓨터),1
0,경영·사무·금융·보험,02,028,028511,품질관리 사무원(음식료품),2
0,경영·사무·금융·보험,02,028,028512,품질관리 사무원(그 외 분야),1
0,경영·사무·금융·보험,02,028,028900,기타 운송 및 무역 사무원,7
0,경영·사무·금융·보험,02,029,029100,안내·접수원 및 전화교환원,5
0,경영·사무·금융·보험,02,029,029101,"일반 예약·접수 사무원(AS,고장,가입 및 호텔,콘도 등 제외)",4
0,경영·사무·금융·보험,02,029,029102,예약·접수 사무원(A/S·고장·가입·신규발급·이전),
0,경영·사무·금융·보험,02,029,029103,호텔·콘도·숙박시설 프론트 사무원,14
0,경영·사무·금융·보험,02,029,029104,데스크 안내원,21
0,경영·사무·금융·보험,02,029,029105,방송 안내원,
0,경영·사무·금융·보험,02,029,029200,고객 상담 및 모니터 요원,
0,경영·사무·금융·보험,02,029,029201,콜센터 매니저,
0,경영·사무·금융·보험,02,029,029202,콜센터 상담원(콜센터·고객센터·CS센터),171
0,경영·사무·금융·보험,02,029,029203,고객 상담원(학원·학습지·유학·이민),17
0,경영·사무·금융·보험,02,029,029204,고객 상담원(금융·보험·부동산),6
0,경영·사무·금융·보험,02,029,029205,고객 상담원(스포츠·예식·항공·여행·숙박·오락),
0,경영·사무·금융·보험,02,029,029206,고객 상담원(홈 및 인터넷쇼핑몰·택배·운송),
0,경영·사무·금융·보험,02,029,029207,고객 상담원(백화점·마트),
0,경영·사무·금융·보험,02,029,029208,고객 상담원(인터넷·통신),
0,경영·사무·금융·보험,02,029,029209,고객 상담원(A/S·고장·제품사용),
0,경영·사무·금융·보험,02,029,029210,병원 코디네이터,57
0,경영·사무·금융·보험,02,029,029211,모니터 요원,
0,경영·사무·금융·보험,02,029,029212,취업 알선원,1
0,경영·사무·금융·보험,02,029,029213,부동산 중개 보조 사무원,9
0,경영·사무·금융·보험,02,029,029300,통계‧데이터 관련 사무원,
0,경영·사무·금융·보험,02,029,029301,통계 사무원,
0,경영·사무·금융·보험,02,029,029302,통계·설문 조사원(슈퍼바이저 포함),11
0,경영·사무·금융·보험,02,029,029400,비서,47
0,경영·사무·금융·보험,02,029,029500,전산 자료 입력원,
0,경영·사무·금융·보험,02,029,029501,전산자료 입력원(DB·단순자료),
0,경영·사무·금융·보험,02,029,029502,전산자료 입력원(약국·판매·대리점),
0,경영·사무·금융·보험,02,029,029503,홈페이지 자료관리원(정보검색 포함),
0,경영·사무·금융·보험,02,029,029504,HTML 코더,
0,경영·사무·금융·보험,02,029,029600,속기사,
0,경영·사무·금융·보험,02,029,029700,자원봉사 관리원,
0,경영·사무·금융·보험,02,029,029900,기타 사무 지원 종사원,1
0,경영·사무·금융·보험,02,029,029901,도서 정리원,
0,경영·사무·금융·보험,02,029,029902,출판·자료 편집 사무원,
0,경영·사무·금융·보험,02,029,029903,사무 보조원(공공기관),2
0,경영·사무·금융·보험,02,029,029904,사무 보조원(일반사업체),10
0,경영·사무·금융·보험,03,031,031100,투자 및 신용 분석가(애널리스트),
0,경영·사무·금융·보험,03,031,031200,자산 운용가(펀드매니저),3
0,경영·사무·금융·보험,03,031,031300,금융 및 보험 상품 개발자,
0,경영·사무·금융·보험,03,031,031400,증권 및 외환 딜러,
0,경영·사무·금융·보험,03,031,031500,손해 사정사,19
0,경영·사무·금융·보험,03,031,031900,"기타 금융 및 보험 관련 전문가(금융 컨설턴트, PB 등)",10
0,경영·사무·금융·보험,03,032,032100,은행 사무원(출납창구 제외),1
0,경영·사무·금융·보험,03,032,032200,증권 사무원(출납창구 제외),
0,경영·사무·금융·보험,03,032,032300,보험 심사원 및 사무원,10
0,경영·사무·금융·보험,03,032,032400,출납 창구 사무원,
0,경영·사무·금융·보험,03,032,032401,출납창구 사무원(은행·농협·수협·축협),
0,경영·사무·금융·보험,03,032,032402,출납창구 사무원(우체국·새마을금고),
0,경영·사무·금융·보험,03,032,032403,출납창구 사무원(증권 및 기타 금융기관),
0,경영·사무·금융·보험,03,032,032500,수금원 및 신용 추심원,
0,경영·사무·금융·보험,03,032,032501,수금원,
0,경영·사무·금융·보험,03,032,032502,신용 추심원(채권 관리원),3
0,경영·사무·금융·보험,03,032,032503,연체 안내원(체납 고지원),
0,경영·사무·금융·보험,03,032,032900,"기타 금융 사무원(카드사·신협·새마을금고·할부사, 우체국(금융부문) 등)",
0,경영·사무·금융·보험,03,033,033100,대출 및 신용카드 모집인,
0,경영·사무·금융·보험,03,033,033200,보험 모집인 및 투자 권유 대행인,
0,경영·사무·금융·보험,03,033,033201,보험 대리인 및 중개인,16
0,경영·사무·금융·보험,03,033,033203,투자 권유 대행인,
1,연구·공학기술,11,110,110100,인문과학 연구원,1
1,연구·공학기술,11,110,110200,사회과학 연구원,1
1,연구·공학기술,12,121,121100,자연과학 연구원,
1,연구·공학기술,12,121,121200,자연과학 시험원,1
1,연구·공학기술,12,122,122101,생명과학 연구원,
1,연구·공학기술,12,122,122102,농어업 연구원 및 기술자,
1,연구·공학기술,12,122,122103,임업 및 산림 연구원 및 기술자,
1,연구·공학기술,12,122,122200,생명과학 시험원,
1,연구·공학기술,12,122,122300,농림어업 관련 시험원,
1,연구·공학기술,13,131,131100,컴퓨터 하드웨어 기술자 및 연구원,
1,연구·공학기술,13,131,131200,통신공학 기술자 및 연구원,
1,연구·공학기술,13,131,131201,통신기기·장비 개발자 및 연구원,
1,연구·공학기술,13,131,131202,통신기술 개발자 및 통신망 운영 기술자,
1,연구·공학기술,13,131,131203,통신공사 감리 기술자,
1,연구·공학기술,13,132,132000,컴퓨터시스템 전문가,
1,연구·공학기술,13,132,132001,IT 컨설턴트,
1,연구·공학기술,13,132,132002,컴퓨터시스템 설계 및 분석가,1
1,연구·공학기술,13,132,132003,IT 감리 전문가(시스템 감리),
1,연구·공학기술,13,133,133100,시스템 소프트웨어 개발자,2
1,연구·공학기술,13,133,133101,시스템 소프트웨어 개발자(프로그래머),26
1,연구·공학기술,13,133,133102,펌웨어 및 임베디드 소프트웨어 프로그래머,
1,연구·공학기술,13,133,133200,응용 소프트웨어 개발자,6
1,연구·공학기술,13,133,133201,JAVA 프로그래밍 언어 전문가,
1,연구·공학기술,13,133,133202,C언어 및 그 외 프로그래밍 언어 전문가,
1,연구·공학기술,13,133,133203,"범용 응용 소프트웨어 프로그래머(ERP,정보처리,재무관리 등)",
1,연구·공학기술,13,133,133204,"산업특화 응용 소프트웨어 프로그래머(국방,항공,교통,에너지,금융,자동차 등)",1
1,연구·공학기술,13,133,133205,네트워크 프로그래머,
1,연구·공학기술,13,133,133206,게임 프로그래머,1
1,연구·공학기술,13,133,133207,모바일 애플리케이션 프로그래머(앱·어플 개발),
1,연구·공학기술,13,133,133300,웹 개발자,4
1,연구·공학기술,13,133,133301,웹 개발자(웹 엔지니어·웹 프로그래머),2
1,연구·공학기술,13,133,133302,웹 기획자,
1,연구·공학기술,13,133,133900,기타 컴퓨터 시스템 및 소프트웨어 전문가(IT 테스터 및 IT QA 전문가 등),
1,연구·공학기술,13,134,134100,네트워크 시스템 개발자,2
1,연구·공학기술,13,134,134200,정보보안 전문가,
1,연구·공학기술,13,134,134201,정보보호 전문가,
1,연구·공학기술,13,134,134202,침해사고 대응 전문가,
1,연구·공학기술,13,134,134900,기타 네트워크 및 정보 보안 전문가(디지털 포렌식 전문가 등),
1,연구·공학기술,13,135,135100,데이터 시스템 전문가,
1,연구·공학기술,13,135,135101,데이터 설계 및 프로그래머,4
1,연구·공학기술,13,135,135102,데이터베이스 운영·관리자,2
1,연구·공학기술,13,135,135200,데이터 분석가(빅데이터 분석가),11
1,연구·공학기술,13,136,136101,정보시스템 운영자,2
1,연구·공학기술,13,136,136102,네트워크 관리자(클라우딩컴퓨터운영관리자),4
1,연구·공학기술,13,136,136103,IT 기술지원 전문가,
1,연구·공학기술,13,136,136200,웹 운영자(홈페이지 관리자),26
1,연구·공학기술,13,137,137000,통신 및 방송 송출 장비 기사,
1,연구·공학기술,14,140,140100,건축가(건축설계 포함),7
1,연구·공학기술,14,140,140200,건축공학 기술자,1
1,연구·공학기술,14,140,140201,건축 현장소장,6
1,연구·공학기술,14,140,140202,건축구조 기술자,2
1,연구·공학기술,14,140,140203,건축시공 기술자(건축견적 포함),11
1,연구·공학기술,14,140,140204,건축설비 기술자,2
1,연구·공학기술,14,140,140205,건축감리 기술자,
1,연구·공학기술,14,140,140206,건축안전·환경·품질·에너지관리 기술자,10
1,연구·공학기술,14,140,140300,토목공학 기술자,4
1,연구·공학기술,14,140,140301,토목 현장소장,1
1,연구·공학기술,14,140,140302,토목구조 설계 기술자,1
1,연구·공학기술,14,140,140303,토목시공 기술자(토목견적 포함),10
1,연구·공학기술,14,140,140304,토목감리 기술자,2
1,연구·공학기술,14,140,140305,토목안전·환경·품질 기술자,2
1,연구·공학기술,14,140,140400,조경 기술자,6
1,연구·공학기술,14,140,140500,도시 및 교통 관련 전문가,
1,연구·공학기술,14,140,140501,도시 계획·설계가,1
1,연구·공학기술,14,140,140502,교통 계획·설계·안전·영향평가 전문가,
1,연구·공학기술,14,140,140600,측량 및 공간정보 전문가,
1,연구·공학기술,14,140,140601,측량사,
1,연구·공학기술,14,140,140602,지도제작 및 공간정보시스템 전문가,
1,연구·공학기술,14,140,140700,건설자재 시험원,2
1,연구·공학기술,15,151,151100,기계공학 기술자 및 연구원,11
1,연구·공학기술,15,151,151101,산업기계공학 기술자 및 연구원,2
1,연구·공학기술,15,151,151102,건설기계공학 기술자 및 연구원,
1,연구·공학기술,15,151,151103,금형공학 기술자 및 연구원,
1,연구·공학기술,15,151,151104,플랜트공학 기술자 및 연구원,1
1,연구·공학기술,15,151,151105,냉난방·공조공학 기술자 및 연구원,1
1,연구·공학기술,15,151,151106,조선·해양공학 기술자 및 연구원,7
1,연구·공학기술,15,151,151107,항공기·철도차량 공학 기술자 및 연구원,
1,연구·공학기술,15,151,151108,자동차공학 기술자 및 연구원,
1,연구·공학기술,15,151,151109,기타 기계공학 기술자 및 연구원,
1,연구·공학기술,15,151,151110,기계감리 기술자,
1,연구·공학기술,15,151,151200,로봇공학 기술자 및 연구원,2
1,연구·공학기술,15,151,151300,기계 및 로봇공학 시험원,2
1,연구·공학기술,15,152,152100,금속·재료공학 기술자 및 연구원,
1,연구·공학기술,15,152,152200,금속 및 재료공학 시험원,
1,연구·공학기술,15,153,153100,전기공학 기술자 및 연구원,2
1,연구·공학기술,15,153,153101,전기기기·제품 개발 기술자 및 연구원,1
1,연구·공학기술,15,153,153102,"전기계측 제어 기술자(전기패널, 계장, 공정자동화전기 등)",2
1,연구·공학기술,15,153,153103,발전설비 기술자,1
1,연구·공학기술,15,153,153104,송·배전설비 기술자,
1,연구·공학기술,15,153,153105,전기공사 기술자(전기견적 포함),12
1,연구·공학기술,15,153,153106,전기감리 기술자,1
1,연구·공학기술,15,153,153107,전기안전 기술자,1
1,연구·공학기술,15,153,153200,반도체공학 기술자 및 연구원,
1,연구·공학기술,15,153,153300,전자공학 기술자 및 연구원,7
1,연구·공학기술,15,153,153301,전자부품 개발 기술자 및 연구원,1
1,연구·공학기술,15,153,153302,산업용 전자제품 개발 기술자 및 연구원,
1,연구·공학기술,15,153,153303,가전제품 개발 기술자 및 연구원,
1,연구·공학기술,15,153,153304,전자의료기기 개발 기술자 및 연구원,
1,연구·공학기술,15,153,153305,전자제어계측 기술자 및 연구원,2
1,연구·공학기술,15,153,153400,전기 및 전자공학 시험원,
1,연구·공학기술,15,154,154100,화학공학 기술자 및 연구원,1
1,연구·공학기술,15,154,154101,석유화학 기술자 및 연구원,
1,연구·공학기술,15,154,154102,고무·플라스틱 기술자 및 연구원,
1,연구·공학기술,15,154,154103,도료제품 기술자 및 연구원,
1,연구·공학기술,15,154,154104,화장품·비누제품 기술자 및 연구원,
1,연구·공학기술,15,154,154105,"의약품, 농약, 비료 등 기타 석유화학 기술자 및 연구원",
1,연구·공학기술,15,154,154200,화학공학 시험원,
1,연구·공학기술,15,155,155100,가스·에너지 기술자 및 연구원,
1,연구·공학기술,15,155,155101,가스 기술자 및 연구원,2
1,연구·공학기술,15,155,155102,"에너지공학 기술자 및 연구원(에너지, 탐사, 시추)",1
1,연구·공학기술,15,155,155200,가스 및 에너지 시험원,
1,연구·공학기술,15,155,155300,신재생에너지 기술자 및 연구원,1
1,연구·공학기술,15,155,155400,신재생에너지 시험원,
1,연구·공학기술,15,155,155500,환경공학 기술자 및 연구원,2
1,연구·공학기술,15,155,155501,대기 환경 기술자 및 연구원,3
1,연구·공학기술,15,155,155502,수질 환경 기술자 및 연구원,
1,연구·공학기술,15,155,155503,폐기물처리 기술자 및 연구원,
1,연구·공학기술,15,155,155504,환경영향 평가원,
1,연구·공학기술,15,155,155505,"소음진동, 토양 등 기타 환경 기술자 및 연구원",
1,연구·공학기술,15,155,155600,환경공학 시험원,
1,연구·공학기술,15,155,155700,산업보건 및 산업환경 관리 기술자,9
1,연구·공학기술,15,156,156100,섬유공학 기술자 및 연구원,
1,연구·공학기술,15,156,156200,섬유공학 시험원(섬유·염료),
1,연구·공학기술,15,157,157100,식품공학 기술자 및 연구원,1
1,연구·공학기술,15,157,157200,식품공학 시험원,
1,연구·공학기술,15,158,158100,소방공학 기술자 및 연구원,1
1,연구·공학기술,15,158,158101,소방설계 기술자,2
1,연구·공학기술,15,158,158102,소방시설·설비 시공 기술자,27
1,연구·공학기술,15,158,158103,소방공사 감리 기술자,1
1,연구·공학기술,15,158,158200,방재 기술자 및 연구원,1
1,연구·공학기술,15,158,158300,소방‧방재 및 산업안전 시험원,
1,연구·공학기술,15,158,158301,소방공학 시험원,
1,연구·공학기술,15,158,158302,비파괴 검사원,7
1,연구·공학기술,15,158,158400,산업안전 및 산업위험 관리 기술자,2
1,연구·공학기술,15,159,159100,제도사,10
1,연구·공학기술,15,159,159101,건축 제도사(캐드원),20
1,연구·공학기술,15,159,159102,토목 제도사(캐드원),
1,연구·공학기술,15,159,159103,기계·금속 제도사(캐드원),52
1,연구·공학기술,15,159,159104,전기·전자 장비 제도사(캐드원),6
1,연구·공학기술,15,159,159105,3D 프린팅 제도사,1
1,연구·공학기술,15,159,159106,기타 제도사(캐드원),2
1,연구·공학기술,15,159,159900,"기타 공학 관련 기술자 및 시험원(인쇄, 목재 등)",
2,교육·법률·사회복지·경찰·소방·군인,21,211,211100,대학 교수,
2,교육·법률·사회복지·경찰·소방·군인,21,211,211200,"대학 강사(초빙,겸임,BK,강의전담 교수 등 비전임교원 포함)",2
2,교육·법률·사회복지·경찰·소방·군인,21,212,212100,중·고등학교 교사,
2,교육·법률·사회복지·경찰·소방·군인,21,212,212101,국어 교사,1
2,교육·법률·사회복지·경찰·소방·군인,21,212,212102,수학 교사,3
2,교육·법률·사회복지·경찰·소방·군인,21,212,212103,사회 교사,
2,교육·법률·사회복지·경찰·소방·군인,21,212,212104,과학 교사,3
2,교육·법률·사회복지·경찰·소방·군인,21,212,212105,예체능 교사,
2,교육·법률·사회복지·경찰·소방·군인,21,212,212106,실업 교사,
2,교육·법률·사회복지·경찰·소방·군인,21,212,212107,외국어 교사,
2,교육·법률·사회복지·경찰·소방·군인,21,212,212108,진로·교양·기타 교사,
2,교육·법률·사회복지·경찰·소방·군인,21,212,212109,기타 중·고등학교 교사,
2,교육·법률·사회복지·경찰·소방·군인,21,212,212200,초등학교 교사,
2,교육·법률·사회복지·경찰·소방·군인,21,212,212300,특수교육 교사,2
2,교육·법률·사회복지·경찰·소방·군인,21,212,212900,기타 교사,
2,교육·법률·사회복지·경찰·소방·군인,21,213,213000,유치원 교사,7
2,교육·법률·사회복지·경찰·소방·군인,21,214,214100,외국어 강사,1
2,교육·법률·사회복지·경찰·소방·군인,21,214,214101,영어 강사,79
2,교육·법률·사회복지·경찰·소방·군인,21,214,214102,중국어 강사,5
2,교육·법률·사회복지·경찰·소방·군인,21,214,214103,일본어 강사,6
2,교육·법률·사회복지·경찰·소방·군인,21,214,214104,한국어 강사(다문화 언어지도사 포함),2
2,교육·법률·사회복지·경찰·소방·군인,21,214,214105,그 외 외국어 강사,
2,교육·법률·사회복지·경찰·소방·군인,21,214,214200,문리 강사,
2,교육·법률·사회복지·경찰·소방·군인,21,214,214201,국어 강사,15
2,교육·법률·사회복지·경찰·소방·군인,21,214,214202,수학 강사,73
2,교육·법률·사회복지·경찰·소방·군인,21,214,214203,사회 강사,
2,교육·법률·사회복지·경찰·소방·군인,21,214,214204,과학 강사,7
2,교육·법률·사회복지·경찰·소방·군인,21,214,214205,성인고시·입사시험 학원 강사,
2,교육·법률·사회복지·경찰·소방·군인,21,214,214206,독서·논술 강사,
2,교육·법률·사회복지·경찰·소방·군인,21,214,214300,정보통신기술 강사,1
2,교육·법률·사회복지·경찰·소방·군인,21,214,214301,"컴퓨터 기초 강사(OA, 워드, 엑셀, 컴퓨터활용능력 등)",
2,교육·법률·사회복지·경찰·소방·군인,21,214,214302,프로그래밍·웹·웹디자인·DB 강사,
2,교육·법률·사회복지·경찰·소방·군인,21,214,214400,기술 및 기능계 강사,4
2,교육·법률·사회복지·경찰·소방·군인,21,214,214401,디자인·캐드 강사,2
2,교육·법률·사회복지·경찰·소방·군인,21,214,214402,이미용·예식 강사,1
2,교육·법률·사회복지·경찰·소방·군인,21,214,214403,요리 강사,
2,교육·법률·사회복지·경찰·소방·군인,21,214,214404,기계·금속·전기·전자 강사,2
2,교육·법률·사회복지·경찰·소방·군인,21,214,214405,건설토목강사,1
2,교육·법률·사회복지·경찰·소방·군인,21,214,214406,기타 기술·기능 강사,
2,교육·법률·사회복지·경찰·소방·군인,21,214,214500,간호조무 및 요양보호 강사,1
2,교육·법률·사회복지·경찰·소방·군인,21,214,214600,자동차 운전 강사,2
2,교육·법률·사회복지·경찰·소방·군인,21,214,214700,예능 강사,
2,교육·법률·사회복지·경찰·소방·군인,21,214,214701,미술 강사,8
2,교육·법률·사회복지·경찰·소방·군인,21,214,214702,음악 강사,1
2,교육·법률·사회복지·경찰·소방·군인,21,214,214703,무용 강사,
2,교육·법률·사회복지·경찰·소방·군인,21,214,214704,기타 예능 강사(바둑·웅변·연기·꽃꽂이·종이접기 등),
2,교육·법률·사회복지·경찰·소방·군인,21,214,214900,기타 문리·기술 및 예능 강사(교육연수기관 및 기업체내 강사 포함),
2,교육·법률·사회복지·경찰·소방·군인,21,215,215100,장학관·연구관 및 교육 관련 전문가,
2,교육·법률·사회복지·경찰·소방·군인,21,215,215101,장학관·연구관·입학사정관,
2,교육·법률·사회복지·경찰·소방·군인,21,215,215102,교재·교구 및 e-learning 교육 전문가,1
2,교육·법률·사회복지·경찰·소방·군인,21,215,215200,대학 교육 조교(연구 조교 포함),1
2,교육·법률·사회복지·경찰·소방·군인,21,215,215300,교사보조 및 관련 종사원,2
2,교육·법률·사회복지·경찰·소방·군인,21,215,215900,기타 교사보조 및 아동돌봄 종사원,
2,교육·법률·사회복지·경찰·소방·군인,22,221,221100,판사 및 검사,
2,교육·법률·사회복지·경찰·소방·군인,22,221,221200,변호사,5
2,교육·법률·사회복지·경찰·소방·군인,22,221,221300,법무사 및 집행관,
2,교육·법률·사회복지·경찰·소방·군인,22,221,221400,변리사,1
2,교육·법률·사회복지·경찰·소방·군인,22,221,221900,기타 법률 전문가(외국 변호사 등),
2,교육·법률·사회복지·경찰·소방·군인,22,222,222000,법률 관련 사무원,
2,교육·법률·사회복지·경찰·소방·군인,22,222,222001,"법률 사무원(법원, 로펌, 법무사무소 등)",20
2,교육·법률·사회복지·경찰·소방·군인,22,222,222002,특허·저작권 사무원,
2,교육·법률·사회복지·경찰·소방·군인,22,222,222003,법무 사무원(일반 기업체),1
2,교육·법률·사회복지·경찰·소방·군인,23,231,231100,사회복지사,126
2,교육·법률·사회복지·경찰·소방·군인,23,231,231101,사회복지사(사회복지시설),45
2,교육·법률·사회복지·경찰·소방·군인,23,231,231102,사회복지사(공공행정),
2,교육·법률·사회복지·경찰·소방·군인,23,231,231103,사회복지프로그램 운영자,
2,교육·법률·사회복지·경찰·소방·군인,23,231,231104,방과후 교사 및 지도사,
2,교육·법률·사회복지·경찰·소방·군인,23,231,231200,상담 전문가,
2,교육·법률·사회복지·경찰·소방·군인,23,231,231201,심리상담 전문가,3
2,교육·법률·사회복지·경찰·소방·군인,23,231,231202,가족·학교·아동·청소년·노인·중독 등 상담 전문가,
2,교육·법률·사회복지·경찰·소방·군인,23,231,231300,청소년 지도사,1
2,교육·법률·사회복지·경찰·소방·군인,23,231,231400,직업 관련 상담사,26
2,교육·법률·사회복지·경찰·소방·군인,23,231,231500,시민사회 활동가,
2,교육·법률·사회복지·경찰·소방·군인,23,232,232100,보육교사,93
2,교육·법률·사회복지·경찰·소방·군인,23,232,232200,보육 관련 시설 돌봄 종사원,5
2,교육·법률·사회복지·경찰·소방·군인,23,232,232900,기타 사회복지 전문가 및 관련 종사원,4
2,교육·법률·사회복지·경찰·소방·군인,23,232,232901,노인 생활지도원,
2,교육·법률·사회복지·경찰·소방·군인,23,232,232902,아동 생활지도원,7
2,교육·법률·사회복지·경찰·소방·군인,23,232,232903,장애인 생활지도원(장애인활동보조원 포함),43
2,교육·법률·사회복지·경찰·소방·군인,23,232,232904,그 외 사회복지 종사원,7
2,교육·법률·사회복지·경찰·소방·군인,23,233,233100,성직자,
2,교육·법률·사회복지·경찰·소방·군인,23,233,233900,기타 종교 관련 종사원,
2,교육·법률·사회복지·경찰·소방·군인,24,240,240100,경찰관 및 수사관,
2,교육·법률·사회복지·경찰·소방·군인,24,240,240200,소방관,
2,교육·법률·사회복지·경찰·소방·군인,24,240,240300,소년원 학교 교사 및 교도관,
2,교육·법률·사회복지·경찰·소방·군인,25,250,250100,영관급 이상 장교,
2,교육·법률·사회복지·경찰·소방·군인,25,250,250200,위관급 장교,
2,교육·법률·사회복지·경찰·소방·군인,25,250,250300,준사관,
2,교육·법률·사회복지·경찰·소방·군인,25,250,250400,부사관,
2,교육·법률·사회복지·경찰·소방·군인,25,250,250900,기타 군인,
3,보건·의료,30,301,301100,전문 의사,1
3,보건·의료,30,301,301200,일반 의사,
3,보건·의료,30,301,301300,한의사,2
3,보건·의료,30,301,301400,치과의사,
3,보건·의료,30,302,302000,수의사,1
3,보건·의료,30,303,303100,약사,20
3,보건·의료,30,303,303200,한약사,1
3,보건·의료,30,304,304000,간호사,227
3,보건·의료,30,304,304001,전문 간호사,1
3,보건·의료,30,304,304002,일반 간호사,42
3,보건·의료,30,304,304003,보건교사,
3,보건·의료,30,305,305000,영양사,68
3,보건·의료,30,306,306100,임상병리사,69
3,보건·의료,30,306,306200,방사선사,110
3,보건·의료,30,306,306300,치과기공사,1
3,보건·의료,30,306,306400,치과위생사,280
3,보건·의료,30,306,306500,물리 및 작업치료사,3
3,보건·의료,30,306,306501,물리치료사,139
3,보건·의료,30,306,306502,작업치료사,17
3,보건·의료,30,306,306600,임상심리사(심리치료사),2
3,보건·의료,30,306,306700,재활공학 기사(의지보조기기사),
3,보건·의료,30,306,306800,언어 및 청각능력 재활사,7
3,보건·의료,30,306,306900,기타 치료·재활사 및 의료기사,
3,보건·의료,30,306,306901,놀이·음악·미술·독서 등 치료사,1
3,보건·의료,30,306,306902,운동처방사,3
3,보건·의료,30,307,307100,"응급 구조사(인명구조원, 119구조대원 포함)",19
3,보건·의료,30,307,307200,위생사,2
3,보건·의료,30,307,307300,안경사,28
3,보건·의료,30,307,307400,보건의료정보 관리사(의무기록사),4
3,보건·의료,30,307,307500,간호조무사,1148
3,보건·의료,30,307,307501,간호조무사(요양병원 제외),9
3,보건·의료,30,307,307502,요양병원 간호조무사,1
3,보건·의료,30,307,307600,환자안전 관리사,1
3,보건·의료,30,307,307700,수의사 보조원,16
3,보건·의료,30,307,307800,안마사,
3,보건·의료,30,307,307900,기타 돌봄 및 보건 서비스 종사원,2
3,보건·의료,30,307,307901,의료 보조원,
3,보건·의료,30,307,307902,산후조리 종사원(산모 도우미),7
3,보건·의료,30,307,307903,기타 보건·의료 서비스 종사원,6
4,예술·디자인·방송·스포츠,41,411,411100,작가,23
4,예술·디자인·방송·스포츠,41,411,411200,번역가 및 통역가,
4,예술·디자인·방송·스포츠,41,411,411201,번역가(영어),2
4,예술·디자인·방송·스포츠,41,411,411202,번역가(중국어),
4,예술·디자인·방송·스포츠,41,411,411203,번역가(일본어),
4,예술·디자인·방송·스포츠,41,411,411204,번역가(기타 언어),
4,예술·디자인·방송·스포츠,41,411,411205,통역가(영어),
4,예술·디자인·방송·스포츠,41,411,411206,통역가(중국어),
4,예술·디자인·방송·스포츠,41,411,411207,통역가(일본어),
4,예술·디자인·방송·스포츠,41,411,411208,통역가(기타 언어),
4,예술·디자인·방송·스포츠,41,411,411209,수화 및 의료 통역가,
4,예술·디자인·방송·스포츠,41,411,411300,출판물 전문가,
4,예술·디자인·방송·스포츠,41,412,412000,기자 및 언론 관련 전문가,
4,예술·디자인·방송·스포츠,41,412,412001,신문·방송 기자,
4,예술·디자인·방송·스포츠,41,412,412002,잡지·생활정보지 및 기타 기자,
4,예술·디자인·방송·스포츠,41,413,413100,학예사 및 문화재 보존원,
4,예술·디자인·방송·스포츠,41,413,413101,학예사(큐레이터),1
4,예술·디자인·방송·스포츠,41,413,413102,문화재보존원(컨서베이터),
4,예술·디자인·방송·스포츠,41,413,413200,사서 및 기록물관리사,
4,예술·디자인·방송·스포츠,41,413,413201,사서,2
4,예술·디자인·방송·스포츠,41,413,413202,기록물 관리사(기록물관리전문요원),
4,예술·디자인·방송·스포츠,41,414,414100,화가 및 조각가,
4,예술·디자인·방송·스포츠,41,414,414200,사진기자 및 사진사,
4,예술·디자인·방송·스포츠,41,414,414300,만화가 및 만화영화 작가,
4,예술·디자인·방송·스포츠,41,414,414301,만화가,
4,예술·디자인·방송·스포츠,41,414,414302,만화영화 작가(애니메이터),
4,예술·디자인·방송·스포츠,41,414,414400,국악 및 전통 예능인,
4,예술·디자인·방송·스포츠,41,414,414500,지휘자‧작곡가 및 연주가,
4,예술·디자인·방송·스포츠,41,414,414600,가수 및 성악가,
4,예술·디자인·방송·스포츠,41,414,414700,무용가 및 안무가,
4,예술·디자인·방송·스포츠,41,414,414900,기타 시각 및 공연 예술가,
4,예술·디자인·방송·스포츠,41,414,414901,조련사(공연)·마술사 등 기타 시각 및 공연 예술가,
4,예술·디자인·방송·스포츠,41,414,414902,동화구연사,
4,예술·디자인·방송·스포츠,41,415,415100,제품 디자이너,7
4,예술·디자인·방송·스포츠,41,415,415101,기계·자동차·금속 제품 디자이너,
4,예술·디자인·방송·스포츠,41,415,415102,조명·전기·전자·통신 기기 디자이너,
4,예술·디자인·방송·스포츠,41,415,415103,가구 디자이너,1
4,예술·디자인·방송·스포츠,41,415,415104,"팬시, 귀금속, 생활잡화 등 기타 제품 디자이너",
4,예술·디자인·방송·스포츠,41,415,415200,패션 디자이너,3
4,예술·디자인·방송·스포츠,41,415,415201,의상 디자이너,2
4,예술·디자인·방송·스포츠,41,415,415202,직물(텍스타일) 디자이너,
4,예술·디자인·방송·스포츠,41,415,415203,가방·신발·엑세서리 디자이너,
4,예술·디자인·방송·스포츠,41,415,415300,실내장식 디자이너,
4,예술·디자인·방송·스포츠,41,415,415301,인테리어 디자이너,13
4,예술·디자인·방송·스포츠,41,415,415302,무대·세트·디스플레이 디자이너,
4,예술·디자인·방송·스포츠,41,415,415400,시각 디자이너,22
4,예술·디자인·방송·스포츠,41,415,415401,광고디자이너,6
4,예술·디자인·방송·스포츠,41,415,415402,책·인쇄물·출판 디자이너,15
4,예술·디자인·방송·스포츠,41,415,415403,포장디자이너,
4,예술·디자인·방송·스포츠,41,415,415404,일러스트레이터·삽화가,
4,예술·디자인·방송·스포츠,41,415,415405,색채전문가(컬러리스트),
4,예술·디자인·방송·스포츠,41,415,415406,기타 시각 디자이너,2
4,예술·디자인·방송·스포츠,41,415,415500,미디어 콘텐츠 디자이너,1
4,예술·디자인·방송·스포츠,41,415,415501,웹 디자이너,25
4,예술·디자인·방송·스포츠,41,415,415502,게임 디자이너,2
4,예술·디자인·방송·스포츠,41,415,415503,그래픽아트 기술자,
4,예술·디자인·방송·스포츠,41,415,415504,UX/UI 디자이너,1
4,예술·디자인·방송·스포츠,41,415,415505,기타 미디어 콘텐츠 디자이너,
4,예술·디자인·방송·스포츠,41,416,416100,감독 및 기술 감독,3
4,예술·디자인·방송·스포츠,41,416,416200,배우 및 모델,
4,예술·디자인·방송·스포츠,41,416,416301,아나운서 및 리포터,
4,예술·디자인·방송·스포츠,41,416,416302,쇼핑호스트,
4,예술·디자인·방송·스포츠,41,416,416303,사내(장내) 방송 아나운서,
4,예술·디자인·방송·스포츠,41,416,416400,촬영기사,
4,예술·디자인·방송·스포츠,41,416,416500,음향 및 녹음 기사,
4,예술·디자인·방송·스포츠,41,416,416600,영상·녹화 및 편집 기사,6
4,예술·디자인·방송·스포츠,41,416,416700,조명기사 및 영사기사,
4,예술·디자인·방송·스포츠,41,416,416800,미디어 콘텐츠 창작자,
4,예술·디자인·방송·스포츠,41,416,416900,기타 연극·영화 및 영상 관련 종사원,
4,예술·디자인·방송·스포츠,41,416,416901,"방송연출 보조(AD, FD)",
4,예술·디자인·방송·스포츠,41,416,416902,"엑스트라,소품·무대의상 관리 등 기타 연극·영화·방송 종사원",
4,예술·디자인·방송·스포츠,41,417,417100,공연 및 시각예술 기획자,
4,예술·디자인·방송·스포츠,41,417,417200,영화 및 음반 기획자,
4,예술·디자인·방송·스포츠,41,417,417300,연예인 및 스포츠 매니저,
4,예술·디자인·방송·스포츠,42,420,420100,스포츠 감독 및 코치,2
4,예술·디자인·방송·스포츠,42,420,420200,직업 운동선수,1
4,예술·디자인·방송·스포츠,42,420,420300,경기 심판 및 경기 기록원,
4,예술·디자인·방송·스포츠,42,420,420400,스포츠 강사 및 트레이너,4
4,예술·디자인·방송·스포츠,42,420,420401,태권도·검도·합기도 등 무술사범,
4,예술·디자인·방송·스포츠,42,420,420402,수영·골프·테니스·배드민턴·탁구 등 스포츠 강사,6
4,예술·디자인·방송·스포츠,42,420,420403,헬스 트레이너,14
4,예술·디자인·방송·스포츠,42,420,420404,"에어로빅, 요가 등 기타 스포츠 강사",
4,예술·디자인·방송·스포츠,42,420,420500,기타 스포츠 및 레크리에이션 관련 전문가,
4,예술·디자인·방송·스포츠,42,420,420501,레크리에이션 전문가,
4,예술·디자인·방송·스포츠,42,420,420502,"프로모터, 경주마 조련사 등 기타 스포츠 관련 전문가",
4,예술·디자인·방송·스포츠,42,420,420900,기타 여가 서비스 종사원,
4,예술·디자인·방송·스포츠,42,420,420901,골프장 캐디,
4,예술·디자인·방송·스포츠,42,420,420902,카지노 딜러,1
4,예술·디자인·방송·스포츠,42,420,420903,응원단원 및 기타 스포츠·오락 관련 도우미,
5,미용·여행·숙박·음식·경비·돌봄·청소,51,511,511100,이용사,
5,미용·여행·숙박·음식·경비·돌봄·청소,51,511,511200,미용사,12
5,미용·여행·숙박·음식·경비·돌봄·청소,51,511,511300,네일 관리사(손톱 관리사),6
5,미용·여행·숙박·음식·경비·돌봄·청소,51,511,511400,피부 및 체형 관리사,158
5,미용·여행·숙박·음식·경비·돌봄·청소,51,511,511401,피부 및 체형 관리사(발관리사 포함),1
5,미용·여행·숙박·음식·경비·돌봄·청소,51,511,511402,목욕관리 및 기타 피부미용 종사원,
5,미용·여행·숙박·음식·경비·돌봄·청소,51,511,511500,메이크업 아티스트 및 분장사,
5,미용·여행·숙박·음식·경비·돌봄·청소,51,511,511501,메이크업아티스트 및 뷰티매니저,
5,미용·여행·숙박·음식·경비·돌봄·청소,51,511,511502,분장사·특수분장사,
5,미용·여행·숙박·음식·경비·돌봄·청소,51,511,511900,"기타 미용 관련 서비스 종사원(패션코디, 이미지컨설턴트 등)",18
5,미용·여행·숙박·음식·경비·돌봄·청소,51,512,512100,결혼 상담원 및 웨딩플래너,3
5,미용·여행·숙박·음식·경비·돌봄·청소,51,512,512101,결혼 상담원,
5,미용·여행·숙박·음식·경비·돌봄·청소,51,512,512102,웨딩 플래너,7
5,미용·여행·숙박·음식·경비·돌봄·청소,51,512,512200,혼례 종사원,
5,미용·여행·숙박·음식·경비·돌봄·청소,51,512,512300,장례 상담원 및 장례 지도사,
5,미용·여행·숙박·음식·경비·돌봄·청소,51,512,512400,점술가 및 민속신앙 종사원,
5,미용·여행·숙박·음식·경비·돌봄·청소,51,512,512900,"기타 개인 생활 서비스 종사원(말벗, 노년플래너 등)",2
5,미용·여행·숙박·음식·경비·돌봄·청소,51,513,513100,반려동물 훈련사 및 행동 상담사,
5,미용·여행·숙박·음식·경비·돌봄·청소,51,513,513200,반려동물 관리 종사원,2
5,미용·여행·숙박·음식·경비·돌봄·청소,51,513,513201,반려동물 미용사,
5,미용·여행·숙박·음식·경비·돌봄·청소,51,513,513202,반려동물 장의사,
5,미용·여행·숙박·음식·경비·돌봄·청소,52,521,521100,여행 상품 개발자,
5,미용·여행·숙박·음식·경비·돌봄·청소,52,521,521200,여행 사무원,4
5,미용·여행·숙박·음식·경비·돌봄·청소,52,521,521300,관광 서비스 종사원,
5,미용·여행·숙박·음식·경비·돌봄·청소,52,521,521301,관광통역 안내원,
5,미용·여행·숙박·음식·경비·돌봄·청소,52,521,521302,여행 안내원,
5,미용·여행·숙박·음식·경비·돌봄·청소,52,521,521303,"박물관,미술관,문화,역사,자연환경 등 각종 해설사",1
5,미용·여행·숙박·음식·경비·돌봄·청소,52,522,522100,항공기 객실 승무원,
5,미용·여행·숙박·음식·경비·돌봄·청소,52,522,522200,선박 및 열차 객실 승무원,
5,미용·여행·숙박·음식·경비·돌봄·청소,52,523,523000,숙박시설 서비스 종사원,1
5,미용·여행·숙박·음식·경비·돌봄·청소,52,524,524000,오락시설 서비스 종사원,
5,미용·여행·숙박·음식·경비·돌봄·청소,52,524,524001,"오락시설 서비스원(노래방, PC방 등)",
5,미용·여행·숙박·음식·경비·돌봄·청소,52,524,524002,테마파크 서비스원,1
5,미용·여행·숙박·음식·경비·돌봄·청소,53,531,531100,주방장 및 요리 연구가(푸드코디네이터 포함),6
5,미용·여행·숙박·음식·경비·돌봄·청소,53,531,531200,한식 조리사,9
5,미용·여행·숙박·음식·경비·돌봄·청소,53,531,531300,중식 조리사,2
5,미용·여행·숙박·음식·경비·돌봄·청소,53,531,531400,양식 조리사,
5,미용·여행·숙박·음식·경비·돌봄·청소,53,531,531500,일식 조리사,4
5,미용·여행·숙박·음식·경비·돌봄·청소,53,531,531600,바텐터(조주사),
5,미용·여행·숙박·음식·경비·돌봄·청소,53,531,531700,음료 조리원(바리스타 포함),254
5,미용·여행·숙박·음식·경비·돌봄·청소,53,531,531800,단체급식 조리사,23
5,미용·여행·숙박·음식·경비·돌봄·청소,53,531,531801,학교 급식 조리사,2
5,미용·여행·숙박·음식·경비·돌봄·청소,53,531,531802,유치원·어린이집 급식 조리사,17
5,미용·여행·숙박·음식·경비·돌봄·청소,53,531,531803,병원 급식 조리사,37
5,미용·여행·숙박·음식·경비·돌봄·청소,53,531,531804,사업체 구내식당 급식 조리사,11
5,미용·여행·숙박·음식·경비·돌봄·청소,53,531,531900,기타 조리사,5
5,미용·여행·숙박·음식·경비·돌봄·청소,53,531,531901,분식 조리사,1
5,미용·여행·숙박·음식·경비·돌봄·청소,53,531,531902,포장마차·주점 조리사,
5,미용·여행·숙박·음식·경비·돌봄·청소,53,531,531903,동남아·남미음식 조리사,
5,미용·여행·숙박·음식·경비·돌봄·청소,53,532,532100,패스트푸드 준비원,
5,미용·여행·숙박·음식·경비·돌봄·청소,53,532,532200,식음료 서비스 종사원,3
5,미용·여행·숙박·음식·경비·돌봄·청소,53,532,532201,호텔·레스토랑 웨이터·웨이트리스,9
5,미용·여행·숙박·음식·경비·돌봄·청소,53,532,532202,일반 음식점 접객서빙원,30
5,미용·여행·숙박·음식·경비·돌봄·청소,53,532,532203,주점·커피숍 접객서빙원,1
5,미용·여행·숙박·음식·경비·돌봄·청소,53,532,532300,주방 보조원,16
5,미용·여행·숙박·음식·경비·돌봄·청소,53,532,532301,주방 보조원(일반 음식점),13
5,미용·여행·숙박·음식·경비·돌봄·청소,53,532,532302,단체 급식 보조원,26
5,미용·여행·숙박·음식·경비·돌봄·청소,53,532,532900,기타 식음료 서비스 종사원(병원 배식원),3
5,미용·여행·숙박·음식·경비·돌봄·청소,54,541,541100,경호원,6
5,미용·여행·숙박·음식·경비·돌봄·청소,54,541,541200,청원경찰,
5,미용·여행·숙박·음식·경비·돌봄·청소,54,541,541300,시설 및 특수 경비원,29
5,미용·여행·숙박·음식·경비·돌봄·청소,54,541,541301,기계·무인 경비원(해당 경비지도사 포함),1
5,미용·여행·숙박·음식·경비·돌봄·청소,54,541,541302,시설·호송·특수 경비원(해당 경비지도사 포함),
5,미용·여행·숙박·음식·경비·돌봄·청소,54,541,541400,보안 관제원,1
5,미용·여행·숙박·음식·경비·돌봄·청소,54,541,541900,기타 경호 및 보안 관련 종사원,3
5,미용·여행·숙박·음식·경비·돌봄·청소,54,541,541901,유통·매장·창고 감시원,
5,미용·여행·숙박·음식·경비·돌봄·청소,54,541,541902,주차 단속원 및 안전 순찰원,
5,미용·여행·숙박·음식·경비·돌봄·청소,54,541,541903,레저·테마파크 안전요원,1
5,미용·여행·숙박·음식·경비·돌봄·청소,54,541,541904,수학여행 안전요원,
5,미용·여행·숙박·음식·경비·돌봄·청소,54,542,542000,건물 관리원,2
5,미용·여행·숙박·음식·경비·돌봄·청소,54,542,542001,아파트·빌라 경비원,19
5,미용·여행·숙박·음식·경비·돌봄·청소,54,542,542002,"건물 경비원(청사,학교,병원,상가,빌딩,공장 등)",7
5,미용·여행·숙박·음식·경비·돌봄·청소,54,542,542003,공사현장 경비원,1
5,미용·여행·숙박·음식·경비·돌봄·청소,54,542,542004,"기타 건물 관리원(공원, 종교시설 등)",
5,미용·여행·숙박·음식·경비·돌봄·청소,55,550,550100,요양보호사,609
5,미용·여행·숙박·음식·경비·돌봄·청소,55,550,550101,요양보호사(노인요양사),81
5,미용·여행·숙박·음식·경비·돌봄·청소,55,550,550102,재가 요양보호사,530
5,미용·여행·숙박·음식·경비·돌봄·청소,55,550,550201,간병인,4
5,미용·여행·숙박·음식·경비·돌봄·청소,55,550,550202,재가 간병인,
5,미용·여행·숙박·음식·경비·돌봄·청소,55,550,550300,노인 돌봄 종사원,
5,미용·여행·숙박·음식·경비·돌봄·청소,55,550,550400,장애인 돌봄 종사원,2
5,미용·여행·숙박·음식·경비·돌봄·청소,55,550,550500,육아 도우미(베이비시터),
5,미용·여행·숙박·음식·경비·돌봄·청소,56,561,561100,건물 청소원,30
5,미용·여행·숙박·음식·경비·돌봄·청소,56,561,561101,"건물 청소원(공공건물,아파트,사무실,병원,상가,공장 등)",50
5,미용·여행·숙박·음식·경비·돌봄·청소,56,561,561102,"호텔·콘도·숙박시설 청소원(룸메이드,하우스키퍼)",148
5,미용·여행·숙박·음식·경비·돌봄·청소,56,561,561103,외벽 및 창문 청소원,
5,미용·여행·숙박·음식·경비·돌봄·청소,56,561,561200,운송 및 시설장비 청소원,
5,미용·여행·숙박·음식·경비·돌봄·청소,56,561,561201,특수 크리닝장비 청소원,1
5,미용·여행·숙박·음식·경비·돌봄·청소,56,561,561202,세차원 및 운송장비 청소원,
5,미용·여행·숙박·음식·경비·돌봄·청소,56,561,561300,거리 및 공공장소 청소원(환경 미화원),5
5,미용·여행·숙박·음식·경비·돌봄·청소,56,561,561400,재활용품 및 쓰레기 수거원,8
5,미용·여행·숙박·음식·경비·돌봄·청소,56,561,561900,기타 청소 관련 종사원(놀이공원 등),4
5,미용·여행·숙박·음식·경비·돌봄·청소,56,562,562100,세정원(물탱크 청소 포함),
5,미용·여행·숙박·음식·경비·돌봄·청소,56,562,562200,방역원(해충퇴치원 포함),2
5,미용·여행·숙박·음식·경비·돌봄·청소,56,563,563100,구두 미화원,
5,미용·여행·숙박·음식·경비·돌봄·청소,56,563,563200,세탁원 및 다림질원,3
5,미용·여행·숙박·음식·경비·돌봄·청소,56,563,563301,가사 도우미,2
5,미용·여행·숙박·음식·경비·돌봄·청소,56,563,563302,입주 가사도우미,
5,미용·여행·숙박·음식·경비·돌봄·청소,56,564,564100,계기 검침원 및 가스 점검원,1
5,미용·여행·숙박·음식·경비·돌봄·청소,56,564,564200,자동판매기 관리원,
5,미용·여행·숙박·음식·경비·돌봄·청소,56,564,564300,주차 관리원 및 안내원,16
5,미용·여행·숙박·음식·경비·돌봄·청소,56,564,564400,검표원,
5,미용·여행·숙박·음식·경비·돌봄·청소,56,564,564500,대여 제품 방문 점검원,1
5,미용·여행·숙박·음식·경비·돌봄·청소,56,564,564900,기타 서비스 관련 단순 종사원,3
5,미용·여행·숙박·음식·경비·돌봄·청소,56,564,564901,환경 감시원,
5,미용·여행·숙박·음식·경비·돌봄·청소,56,564,564902,정리수납원,
5,미용·여행·숙박·음식·경비·돌봄·청소,56,564,564903,기타 서비스 단순종사원(사우나·찜질방 등),1
6,영업·판매·운전·운송,61,611,611000,부동산 컨설턴트 및 중개사,32
6,영업·판매·운전·운송,61,612,612100,기술 영업원,10
6,영업·판매·운전·운송,61,612,612101,자동차부품 및 운송장비 기술영업원,2
6,영업·판매·운전·운송,61,612,612102,기계장비 기술영업원,2
6,영업·판매·운전·운송,61,612,612103,화학제품 기술영업원,
6,영업·판매·운전·운송,61,612,612104,전기·전자장비 기술영업원,3
6,영업·판매·운전·운송,61,612,612105,의료장비 기술영업원,1
6,영업·판매·운전·운송,61,612,612106,"IT 기술영업원(전산장비,소프트웨어)",49
6,영업·판매·운전·운송,61,612,612107,의약품 영업원(제약 영업원),1
6,영업·판매·운전·운송,61,612,612108,기타 기술영업원,1
6,영업·판매·운전·운송,61,612,612200,해외 영업원,2
6,영업·판매·운전·운송,61,612,612201,해외 영업원(영어),6
6,영업·판매·운전·운송,61,612,612202,해외 영업원(중국어),
6,영업·판매·운전·운송,61,612,612203,해외 영업원(일본어),
6,영업·판매·운전·운송,61,612,612204,해외 영업원(기타 언어권),
6,영업·판매·운전·운송,61,612,612300,상품중개인 및 경매사,
6,영업·판매·운전·운송,61,612,612900,기타 기술 영업 및 중개 관련 종사원,
6,영업·판매·운전·운송,61,613,613100,자동차 영업원,
6,영업·판매·운전·운송,61,613,613101,자동차 영업원(자동차 딜러),12
6,영업·판매·운전·운송,61,613,613102,중고차 영업원,
6,영업·판매·운전·운송,61,613,613200,제품 영업원,3
6,영업·판매·운전·운송,61,613,613201,식품·주류 영업원,2
6,영업·판매·운전·운송,61,613,613202,건설자재 영업원,4
6,영업·판매·운전·운송,61,613,613203,건설수주 영업원,1
6,영업·판매·운전·운송,61,613,613204,일반 제품 영업원,1
6,영업·판매·운전·운송,61,613,613900,기타 영업원,3
6,영업·판매·운전·운송,61,613,613901,광고·출판 영업원,
6,영업·판매·운전·운송,61,613,613902,체인점 영업원,
6,영업·판매·운전·운송,61,613,613903,상조·렌탈·회원모집 영업원,
6,영업·판매·운전·운송,61,613,613904,기타 영업원,
6,영업·판매·운전·운송,61,614,614000,텔레마케터,26
6,영업·판매·운전·운송,61,614,614001,텔레마케터(콜센터),
6,영업·판매·운전·운송,61,614,614002,"텔레마케터(학원, 학습지, 유학)",
6,영업·판매·운전·운송,61,614,614003,텔레마케터(금융·보험·대출·부동산),
6,영업·판매·운전·운송,61,614,614004,"텔레마케터(쇼핑몰, 백화점, 마트)",1
6,영업·판매·운전·운송,61,614,614005,"텔레마케터(인터넷, 통신)",
6,영업·판매·운전·운송,61,614,614006,기타 텔레마케터,
6,영업·판매·운전·운송,61,615,615100,소규모 상점 경영 및 일선 관리 종사원(매장매니저·매장슈퍼바이저 등),73
6,영업·판매·운전·운송,61,615,615200,상점 판매원,
6,영업·판매·운전·운송,61,615,615201,백화점 판매원,
6,영업·판매·운전·운송,61,615,615202,대형마트 판매원,
6,영업·판매·운전·운송,61,615,615203,편의점 판매원,
6,영업·판매·운전·운송,61,615,615204,면세점 판매원,
6,영업·판매·운전·운송,61,615,615205,일반상점(슈퍼) 판매원,1
6,영업·판매·운전·운송,61,615,615206,의류 판매원,
6,영업·판매·운전·운송,61,615,615207,화장품 판매원,
6,영업·판매·운전·운송,61,615,615208,가구 판매원,1
6,영업·판매·운전·운송,61,615,615209,가전 판매원(컴퓨터 포함),
6,영업·판매·운전·운송,61,615,615210,음식료품 판매원,4
6,영업·판매·운전·운송,61,615,615211,"꽃 판매원(플로리스트, 토피어리어 포함)",2
6,영업·판매·운전·운송,61,615,615212,"기타 판매원(사무용품,도서,음반 포함 잡화 등)",
6,영업·판매·운전·운송,61,615,615300,단말기 및 통신 서비스 판매원,
6,영업·판매·운전·운송,61,615,615301,통신기기 판매원(핸드폰 판매 및 가입),
6,영업·판매·운전·운송,61,615,615302,"통신서비스 판매원(인터넷,IPTV 가입)",
6,영업·판매·운전·운송,61,615,615400,온라인 쇼핑 판매원,
6,영업·판매·운전·운송,61,615,615500,상품 대여원,1
6,영업·판매·운전·운송,61,615,615501,자동차 대여원(렌터카),
6,영업·판매·운전·운송,61,615,615502,"생활용품 대여원(정수기,가전제품,의복,어린이 용품)",
6,영업·판매·운전·운송,61,615,615503,"기타 대여원(기계장비,오락·스포츠 용품,도서,영상)",
6,영업·판매·운전·운송,61,615,615600,노점 및 이동 판매원,
6,영업·판매·운전·운송,61,615,615800,주유원,2
6,영업·판매·운전·운송,61,615,615801,주유원(주유판매원),
6,영업·판매·운전·운송,61,615,615802,가스 충전원,
6,영업·판매·운전·운송,61,616,616100,매장 계산원 및 요금 정산원,
6,영업·판매·운전·운송,61,616,616101,매장 계산원,1
6,영업·판매·운전·운송,61,616,616102,"요금 정산원(주차요금,통행료)",
6,영업·판매·운전·운송,61,616,616200,매표원 및 복권 판매원,
6,영업·판매·운전·운송,61,617,617100,홍보 도우미 및 판촉원,
6,영업·판매·운전·운송,61,617,617101,홍보 도우미 및 판촉원(나레이터 모델 포함),
6,영업·판매·운전·운송,61,617,617102,이벤트·행사 진행원,
6,영업·판매·운전·운송,61,617,617900,기타 판매 관련 단순 종사원,
6,영업·판매·운전·운송,61,617,617901,매장 정리원(매장 보조원),5
6,영업·판매·운전·운송,61,617,617902,상품 진열원,
6,영업·판매·운전·운송,61,617,617903,쇼핑몰택배 준비원,
6,영업·판매·운전·운송,61,617,617904,"기타 판매 단순 종사원(전단지배포, 벽보원, 물품 보관원)",
6,영업·판매·운전·운송,62,621,621100,항공기 조종사,
6,영업·판매·운전·운송,62,621,621200,선장 및 항해사·도선사,3
6,영업·판매·운전·운송,62,621,621300,철도 및 전동차 기관사,
6,영업·판매·운전·운송,62,621,621400,"관제사(항공,선박,철도 등)",
6,영업·판매·운전·운송,62,621,621900,철도운송 관련 종사원,1
6,영업·판매·운전·운송,62,622,622100,택시 운전원,1
6,영업·판매·운전·운송,62,622,622200,버스 운전원,1
6,영업·판매·운전·운송,62,622,622201,"노선버스 운전원(시내, 마을, 시외, 고속)",
6,영업·판매·운전·운송,62,622,622202,관광 및 통근·통학·학원 및 기타 버스 운전원,
6,영업·판매·운전·운송,62,622,622300,화물차 및 특수차 운전원,5
6,영업·판매·운전·운송,62,622,622301,경·소형 화물차 운전원,
6,영업·판매·운전·운송,62,622,622302,중·대형 화물차 운전원(트레일러 포함),2
6,영업·판매·운전·운송,62,622,622303,견인차·유조차·구난차·청소차 등 특수차 운전원,
6,영업·판매·운전·운송,62,622,622900,기타 자동차 운전원,
6,영업·판매·운전·운송,62,622,622901,승용차 운전원(자가용 운전원),1
6,영업·판매·운전·운송,62,622,622902,승합차 운전원,
6,영업·판매·운전·운송,62,622,622903,대리 운전원,
6,영업·판매·운전·운송,62,622,622904,주차 운전원,
6,영업·판매·운전·운송,62,622,622905,호송차량 운전원,
6,영업·판매·운전·운송,62,622,622906,"기타 자동차 운전원(렌터카,구급차,우편차,자동차선적 등)",
6,영업·판매·운전·운송,62,623,623000,물품 이동 장비 조작원,1
6,영업·판매·운전·운송,62,623,623001,"크레인 운전원(천정,타워 제외)",
6,영업·판매·운전·운송,62,623,623002,천장·타워 크레인 운전원,
6,영업·판매·운전·운송,62,623,623003,호이스트 운전원,2
6,영업·판매·운전·운송,62,623,623004,지게차 운전원,35
6,영업·판매·운전·운송,62,623,623005,리프트·케이블카 조작원,
6,영업·판매·운전·운송,62,624,624100,택배원,
6,영업·판매·운전·운송,62,624,624101,일반 택배원(퀵서비스 제외),3
6,영업·판매·운전·운송,62,624,624102,배송·납품 운전원(납품영업 포함),9
6,영업·판매·운전·운송,62,624,624200,늘찬배달원,
6,영업·판매·운전·운송,62,624,624201,퀵서비스 배달원,
6,영업·판매·운전·운송,62,624,624202,배달대행업체 배달원,
6,영업·판매·운전·운송,62,624,624300,우편집배원,
6,영업·판매·운전·운송,62,624,624400,선박 승무원 및 관련 종사원,1
6,영업·판매·운전·운송,62,624,624500,하역 및 적재 단순 종사원,6
6,영업·판매·운전·운송,62,624,624501,하역·적재 종사원,8
6,영업·판매·운전·운송,62,624,624502,물건·이삿짐 운반원,1
6,영업·판매·운전·운송,62,624,624600,화물 분류원,1
6,영업·판매·운전·운송,62,624,624700,정기배달원(신문·음료 등),
6,영업·판매·운전·운송,62,624,624900,기타 배달원,
6,영업·판매·운전·운송,62,624,624901,음식점 배달원,
6,영업·판매·운전·운송,62,624,624902,패스트푸드 배달원,
6,영업·판매·운전·운송,62,624,624903,지하철 배달원,
6,영업·판매·운전·운송,62,624,624904,기타 배달원(비정기 배달원),1
7,건설·채굴,70,701,701100,강구조물 가공원 및 건립원(철골공),1
7,건설·채굴,70,701,701200,"경량 철골공(석고보드공,텍스공,조립주택 건립원)",
7,건설·채굴,70,701,701300,철근공,
7,건설·채굴,70,701,701401,콘크리트공,
7,건설·채굴,70,701,701402,콘크리트건물·피시 조립원,
7,건설·채굴,70,701,701500,건축 석공,
7,건설·채굴,70,701,701600,건축 목공,
7,건설·채굴,70,701,701601,형틀 목공(거푸집 설치공),
7,건설·채굴,70,701,701602,외장 목공(목조주택 건립),
7,건설·채굴,70,701,701603,"내장 목공(인테리어 목공 - 나무창호, 주방가구, 싱크대, 인테리어 치장)",
7,건설·채굴,70,701,701604,전통 건축원,
7,건설·채굴,70,701,701700,조적공 및 석재 부설원,
7,건설·채굴,70,701,701900,기타 건설 관련 기능 종사원,3
7,건설·채굴,70,701,701901,건설현장반장,
7,건설·채굴,70,701,701902,비계공,
7,건설·채굴,70,701,701903,건물칸막이 설치원,
7,건설·채굴,70,701,701904,"기타 건설 기능원(건물해체,정화조설치,방음벽설치 등)",
7,건설·채굴,70,702,702100,미장공,
7,건설·채굴,70,702,702200,방수공,3
7,건설·채굴,70,702,702300,단열공,
7,건설·채굴,70,702,702400,바닥재 시공원,
7,건설·채굴,70,702,702401,타일·대리석 시공원,
7,건설·채굴,70,702,702402,장판·카펫 시공원,
7,건설·채굴,70,702,702500,도배공 및 유리 부착원,
7,건설·채굴,70,702,702501,도배공,
7,건설·채굴,70,702,702502,유리 부착원(유리공),
7,건설·채굴,70,702,702600,건축 도장공,
7,건설·채굴,70,702,702700,새시 조립 및 설치원,
7,건설·채굴,70,702,702701,새시 조립·설치원,
7,건설·채굴,70,702,702702,새시 보조원(견습공),
7,건설·채굴,70,702,702900,기타 건축 마감 관련 기능 종사원,6
7,건설·채굴,70,702,702901,건물 보수원 및 영선원(아파트 기계·전기 시설관리 제외),
7,건설·채굴,70,702,702902,지붕잇기원 등 기타 건축 마감 기능원,
7,건설·채굴,70,703,703100,건설 배관공,2
7,건설·채굴,70,703,703101,"건축 배관공(옥내급수관,상하수배관,위생 배관)",
7,건설·채굴,70,703,703102,가스 배관공(가스관 설치원),1
7,건설·채굴,70,703,703200,"공업 배관공(플랜트,항공,선박,철도차량)",4
7,건설·채굴,70,703,703900,기타 배관공,
7,건설·채굴,70,703,703901,기타 배관공(배관누수 탐지원),
7,건설·채굴,70,703,703902,배관 보조원,
7,건설·채굴,70,704,704000,건설 및 채굴기계 운전원,
7,건설·채굴,70,704,704001,"굴착기(굴삭기,포클레인) 운전원",
7,건설·채굴,70,704,704002,로더 운전원(페이로더 운전원),
7,건설·채굴,70,704,704003,레미콘 차량 운전원(콘크리트 믹서 트럭),
7,건설·채굴,70,704,704004,"도로정지기, 덤프트럭 등 기타 건설·채굴 기계 운전원",
7,건설·채굴,70,704,704005,농림어업 기계 운전원,
7,건설·채굴,70,705,705100,광원·채석원 및 석재 절단원,
7,건설·채굴,70,705,705101,광원 및 채석원,
7,건설·채굴,70,705,705102,"석재 가공원(석재 절단, 연마, 조각원 등)",
7,건설·채굴,70,705,705200,철로 설치 및 보수원,
7,건설·채굴,70,705,705900,기타 채굴 및 토목 관련 종사원,
7,건설·채굴,70,705,705901,점화·발파·화약관리원 및 삭구원,
7,건설·채굴,70,705,705902,"잠수 기능원(잠수부, 구난 잠수요원)",
7,건설·채굴,70,706,706000,건설 및 광업 단순 종사원,11
7,건설·채굴,70,706,706001,조경시설물 설치원,2
7,건설·채굴,70,706,706002,건설·채굴 단순 종사원,6
8,설치·정비·생산,81,811,811100,로봇 설치 및 정비원,
8,설치·정비·생산,81,811,811200,공업기계 설치 및 정비원,
8,설치·정비·생산,81,811,811201,공작기계 설치·정비원,
8,설치·정비·생산,81,811,811202,화학기계 설치·정비원,
8,설치·정비·생산,81,811,811203,섬유기계 설치·정비원,
8,설치·정비·생산,81,811,811204,전자제품 제조기계 설치·정비원,
8,설치·정비·생산,81,811,811205,식품기계 설치·정비원,2
8,설치·정비·생산,81,811,811206,기타 공업기계 설치·정비원,7
8,설치·정비·생산,81,811,811300,승강기 설치 및 정비원,
8,설치·정비·생산,81,811,811301,엘리베이터 설치·정비원,
8,설치·정비·생산,81,811,811302,에스컬레이터 설치·정비원(무빙워크 포함),
8,설치·정비·생산,81,811,811303,"기타 승강기 설치·정비원(휠체어리프트, 자동문 포함)",
8,설치·정비·생산,81,811,811400,물품 이동 장비 설치 및 정비원,
8,설치·정비·생산,81,811,811401,크레인·호이스트 설치·정비원,
8,설치·정비·생산,81,811,811402,지게차 정비원,
8,설치·정비·생산,81,811,811500,냉동‧냉장‧공조기 설치 및 정비원,
8,설치·정비·생산,81,811,811501,산업용 냉동·냉장·공조기 설치·정비원,
8,설치·정비·생산,81,811,811502,건물·가정용 냉동·냉장·공조기 설치·정비원,
8,설치·정비·생산,81,811,811600,보일러 설치 및 정비원,
8,설치·정비·생산,81,811,811601,산업용 보일러 설치·수리원,
8,설치·정비·생산,81,811,811602,건물·가정용 보일러 설치·수리원,
8,설치·정비·생산,81,811,811700,건설·광업기계 설치 및 정비원,1
8,설치·정비·생산,81,811,811900,농업용·기타 기계장비 설치 및 정비원,
8,설치·정비·생산,81,812,812100,항공기 정비원,
8,설치·정비·생산,81,812,812200,선박 정비원,
8,설치·정비·생산,81,812,812300,철도 기관차 및 전동차 정비원,
8,설치·정비·생산,81,812,812400,자동차 정비원,
8,설치·정비·생산,81,812,812401,자동차 엔진·섀시·전기·전자 정비원,
8,설치·정비·생산,81,812,812402,자동차 차체·판금·도장 정비원,
8,설치·정비·생산,81,812,812403,자동차 경정비원,
8,설치·정비·생산,81,812,812404,자동차 튜닝원,
8,설치·정비·생산,81,812,812900,기타 운송장비 정비원,
8,설치·정비·생산,81,813,813100,금형원,2
8,설치·정비·생산,81,813,813101,프레스 금형 제조원,10
8,설치·정비·생산,81,813,813102,플라스틱 금형 제조원,2
8,설치·정비·생산,81,813,813103,다이캐스팅 금형 제조원,1
8,설치·정비·생산,81,813,813104,캐드캠 기능원,6
8,설치·정비·생산,81,813,813105,금형제조 보조원,1
8,설치·정비·생산,81,813,813200,금속 공작기계 조작원,29
8,설치·정비·생산,81,813,813201,CNC 선반 조작원(NC 선반 조작원),73
8,설치·정비·생산,81,813,813202,범용 선반 조작원,32
8,설치·정비·생산,81,813,813203,CNC 밀링기 조작원(NC 밀링기 조작원),4
8,설치·정비·생산,81,813,813204,범용 밀링기조작원,8
8,설치·정비·생산,81,813,813205,드릴링기 및 보링기 조작원,3
8,설치·정비·생산,81,813,813206,연삭기 및 연마(광택)기 조작원,3
8,설치·정비·생산,81,813,813207,프레스기 및 절단기 조작원,11
8,설치·정비·생산,81,813,813208,톱기계 조작원,1
8,설치·정비·생산,81,813,813209,금속절곡기 조작원(밴딩기 조작원),10
8,설치·정비·생산,81,813,813210,머시닝센터(MCT) 조작원,54
8,설치·정비·생산,81,813,813211,방전기 및 와이어컷 방전기 조작원,
8,설치·정비·생산,81,813,813212,레이저 절단원,6
8,설치·정비·생산,81,813,813213,기타 금속공작기계 조작원 및 보조원,10
8,설치·정비·생산,81,814,814000,냉난방 관련 설비 조작원,2
8,설치·정비·생산,81,814,814001,산업용 냉난방 설비 조작원,1
8,설치·정비·생산,81,814,814002,건물용 냉난방 설비 조작원,3
8,설치·정비·생산,81,815,815000,자동 조립라인 및 산업용로봇 조작원,1
8,설치·정비·생산,81,815,815001,자동조립라인 조작원,
8,설치·정비·생산,81,815,815002,산업용 로봇 조작원,
8,설치·정비·생산,81,816,816100,일반기계 조립원,14
8,설치·정비·생산,81,816,816101,공작기계 조립·검사원,1
8,설치·정비·생산,81,816,816102,공업기계 조립·검사원(공작기계 제외),
8,설치·정비·생산,81,816,816103,건설·광업·농업 기계 조립·검사원,
8,설치·정비·생산,81,816,816104,공구 조립·검사원,
8,설치·정비·생산,81,816,816105,기타 기계 조립·검사원,2
8,설치·정비·생산,81,816,816200,기계 부품 조립원,9
8,설치·정비·생산,81,817,817100,자동차 조립원(검사원 포함),1
8,설치·정비·생산,81,817,817200,자동차 부품 조립원(검사원 포함),8
8,설치·정비·생산,81,817,817300,운송장비 조립원(항공기·선박·철도기관차·전동차 등 검사원 포함),4
8,설치·정비·생산,82,821,821100,금속가공 관련 제어 장치 조작원(용광로·용해로·금속가열로),4
8,설치·정비·생산,82,821,821200,금속가공 기계 조작원,35
8,설치·정비·생산,82,821,821201,압연기 조작원,1
8,설치·정비·생산,82,821,821202,금속 열처리로 조작원,3
8,설치·정비·생산,82,821,821203,인발·신선·연선·압출기 조작원,3
8,설치·정비·생산,82,821,821204,금속가공 검사원,
8,설치·정비·생산,82,822,822100,판금원(덕트원 포함),
8,설치·정비·생산,82,822,822201,판금기 조작원,1
8,설치·정비·생산,82,822,822202,판금기 보조원(견습공),
8,설치·정비·생산,82,822,822301,제관원,9
8,설치·정비·생산,82,822,822302,제관 보조원(견습공),3
8,설치·정비·생산,82,822,822400,제관기 조작원,
8,설치·정비·생산,82,823,823101,단조원,2
8,설치·정비·생산,82,823,823102,단조 보조원(견습공),
8,설치·정비·생산,82,823,823200,단조기 조작원,2
8,설치·정비·생산,82,823,823300,주조원,5
8,설치·정비·생산,82,823,823301,"주조원(목형원, 원형원, 주형원)",5
8,설치·정비·생산,82,823,823302,주조 보조원(견습공),1
8,설치·정비·생산,82,823,823400,주조기 조작원(다이캐스팅기 조작원 포함),2
8,설치·정비·생산,82,824,824100,용접원,51
8,설치·정비·생산,82,824,824101,가스용접원(산소용접원),2
8,설치·정비·생산,82,824,824102,"전기용접원(아크,알곤,티그용접원)",13
8,설치·정비·생산,82,824,824103,화염절단원,
8,설치·정비·생산,82,824,824104,조선용접원(조선취부사 포함),3
8,설치·정비·생산,82,824,824105,납땜원,1
8,설치·정비·생산,82,824,824106,기타 용접원,2
8,설치·정비·생산,82,824,824107,용접 사상원 및 보조원,8
8,설치·정비·생산,82,824,824200,용접기 조작원,3
8,설치·정비·생산,82,825,825100,도장기 조작원,
8,설치·정비·생산,82,825,825101,자동차 도장기 조작원,
8,설치·정비·생산,82,825,825102,금속제품 도장기 조작원,
8,설치·정비·생산,82,825,825103,가구 및 기타 도장기 조작원,
8,설치·정비·생산,82,825,825200,도금 및 금속 분무기 조작원,
8,설치·정비·생산,82,826,826100,유리 제조 및 가공기 조작원,
8,설치·정비·생산,82,826,826101,유리 생산기계 조작원,
8,설치·정비·생산,82,826,826102,유리제품 생산기계 조작원,
8,설치·정비·생산,82,826,826103,렌즈 가공기계 조작원,
8,설치·정비·생산,82,826,826200,점토제품 생산기 조작원,
8,설치·정비·생산,82,826,826201,도자기 생산기계 조작원,
8,설치·정비·생산,82,826,826202,벽돌·타일 생산기계 조작원,
8,설치·정비·생산,82,826,826300,시멘트 및 광물제품 제조기 조작원,
8,설치·정비·생산,82,826,826400,광석 및 석제품 가공기 조작원,
8,설치·정비·생산,82,826,826900,기타 비금속제품 관련 생산기 조작원,
8,설치·정비·생산,83,831,831100,산업 전기공(항공기·선박·철도기관차·전동차 전기공),1
8,설치·정비·생산,83,831,831200,내선 전기공,1
8,설치·정비·생산,83,831,831201,내선 전기공(건물 내 전기공사원),
8,설치·정비·생산,83,831,831202,조명기구 등 전기기기 설치·정비원,
8,설치·정비·생산,83,831,831203,발전기 설치·정비원,
8,설치·정비·생산,83,831,831204,전기·전자 제어장치 설치·정비원,
8,설치·정비·생산,83,831,831300,외선 전기공,
8,설치·정비·생산,83,832,832100,사무용 전자기기 설치 및 수리원(컴퓨터 제외),
8,설치·정비·생산,83,832,832200,가전제품 설치 및 수리원,
8,설치·정비·생산,83,832,832201,TV·비디오·오디오 설치 및 수리원,
8,설치·정비·생산,83,832,832202,냉장고·세탁기 설치 및 수리원,
8,설치·정비·생산,83,832,832203,에어컨·공기정화기 설치 및 수리원,
8,설치·정비·생산,83,832,832204,정수기·냉온수기·비데 설치 및 수리원,
8,설치·정비·생산,83,832,832205,그 외 가전제품 설치 및 수리원,
8,설치·정비·생산,83,832,832900,기타 전기‧전자기기 설치 및 수리원,
8,설치·정비·생산,83,832,832901,감시카메라 및 보안장치 설치·수리원,
8,설치·정비·생산,83,832,832902,현금인출기 설치·수리원,
8,설치·정비·생산,83,832,832903,포스시스템 설치·수리원(POS 설치 및 수리원),
8,설치·정비·생산,83,832,832904,의료기기·장비 설치·수리원,
8,설치·정비·생산,83,832,832905,시계·카메라·광학기구 수리원,
8,설치·정비·생산,83,832,832906,영상·음향기기 등 기타 전기·전자 기기 설치·수리원,1
8,설치·정비·생산,83,833,833000,발전 및 배전 장치 조작원,1
8,설치·정비·생산,83,834,834000,전기 및 전자설비 조작원,9
8,설치·정비·생산,83,834,834001,아파트 전기관리원,1
8,설치·정비·생산,83,834,834002,빌딩 전기관리원,50
8,설치·정비·생산,83,834,834003,공장 전기관리원,1
8,설치·정비·생산,83,834,834004,기타 전기·전자 설비 조작원,4
8,설치·정비·생산,83,835,835100,전기 부품 및 제품 제조 기계 조작원,1
8,설치·정비·생산,83,835,835200,일차전지 및 이차전지 제조 기계 조작원,
8,설치·정비·생산,83,835,835201,일차전지 제조 기계 조작원,
8,설치·정비·생산,83,835,835202,이차전지 제조 기계 조작원,
8,설치·정비·생산,83,835,835300,전자 부품 및 제품 제조 기계 조작원,1
8,설치·정비·생산,83,836,836000,전기‧전자 부품 및 제품 조립원,16
8,설치·정비·생산,83,836,836001,전기 부품·제품 조립·검사원,4
8,설치·정비·생산,83,836,836002,PCB 부품·제품 조립·검사원,
8,설치·정비·생산,83,836,836003,LCD 부품·제품 조립·검사원,
8,설치·정비·생산,83,836,836004,LED 부품·제품 조립·검사원,
8,설치·정비·생산,83,836,836005,통신기기 부품·제품 조립원(핸드폰),
8,설치·정비·생산,83,836,836006,기타 전자 부품·제품 조립·검사원,
8,설치·정비·생산,84,841,841100,컴퓨터 설치 및 수리원(컴퓨터A/S원),1
8,설치·정비·생산,84,841,841200,"이동전화기 수리원(핸드폰, 휴대폰)",
8,설치·정비·생산,84,841,841900,기타 정보 통신기기 설치 및 수리원,
8,설치·정비·생산,84,842,842100,방송 관련 장비 설치 및 수리원,
8,설치·정비·생산,84,842,842200,통신 관련 장비 설치 및 수리원,
8,설치·정비·생산,84,842,842300,방송‧통신‧인터넷 케이블 설치 및 수리원,
8,설치·정비·생산,84,842,842301,통신·인터넷 케이블 설치·수리원,
8,설치·정비·생산,84,842,842302,방송 케이블 설치·수리원,
8,설치·정비·생산,85,851,851100,석유 및 천연가스 제조 관련 제어 장치 조작원,
8,설치·정비·생산,85,851,851101,석유·천연가스 제조 제어장치 조작원,
8,설치·정비·생산,85,851,851102,폐유·재생유 처리 제어장치 조작원,
8,설치·정비·생산,85,851,851200,화학물 가공 장치 조작원,1
8,설치·정비·생산,85,851,851900,기타 석유 및 화학물 가공 장치 조작원,
8,설치·정비·생산,85,852,852100,타이어 및 고무제품 생산기 조작원,2
8,설치·정비·생산,85,852,852101,고무 사출성형기 조작원,3
8,설치·정비·생산,85,852,852102,고무 압출성형기 조작원,1
8,설치·정비·생산,85,852,852103,고무 프레스기 조작원,5
8,설치·정비·생산,85,852,852104,타이어 생산기계 조작원,
8,설치·정비·생산,85,852,852200,플라스틱제품 생산기 조작원,3
8,설치·정비·생산,85,852,852201,플라스틱 사출성형기 조작원,2
8,설치·정비·생산,85,852,852202,플라스틱 압출성형기 조작원,
8,설치·정비·생산,85,852,852300,화학제품 생산기 조작원,1
8,설치·정비·생산,85,852,852301,도료·잉크제품 생산기계 조작원,
8,설치·정비·생산,85,852,852302,화장품·비누제품 생산기계 조작원,
8,설치·정비·생산,85,852,852303,의약품 생산기계 조작원,1
8,설치·정비·생산,85,852,852304,농약·비료 생산기계 조작원,
8,설치·정비·생산,85,852,852305,기타 화학제품 생산기계 조작원,
8,설치·정비·생산,85,852,852400,고무 및 플라스틱제품 조립원,
8,설치·정비·생산,85,852,852401,고무제품 조립원 및 검사원,3
8,설치·정비·생산,85,852,852402,플라스틱제품 조립원 및 검사원,6
8,설치·정비·생산,85,853,853100,상하수도 처리 장치 조작원,
8,설치·정비·생산,85,853,853101,물펌프·정수 처리장치 조작원,
8,설치·정비·생산,85,853,853102,하수·폐수 처리장치 조작원,
8,설치·정비·생산,85,853,853103,"기타 상·하수도 처리장치 조작원(댐수문, 저수지)",
8,설치·정비·생산,85,853,853200,재활용 처리 및 소각로 조작원,
8,설치·정비·생산,85,853,853201,소각로 조작원,
8,설치·정비·생산,85,853,853202,재활용 처리장치 조작원,
8,설치·정비·생산,86,861,861100,"섬유 제조 기계 조작원(방적,방사,연사,합사,권사기 등)",2
8,설치·정비·생산,86,861,861200,직조기 및 편직기 조작원,
8,설치·정비·생산,86,861,861201,제직기(직조기) 조작원,1
8,설치·정비·생산,86,861,861202,편직기 조작원,
8,설치·정비·생산,86,861,861203,"기타 직조기·편직기 조작원(정단,정경,연경,통경기 등)",
8,설치·정비·생산,86,861,861204,섬유가공 준비 및 후가공 처리원,
8,설치·정비·생산,86,861,861300,표백 및 염색 관련 기계 조작원,
8,설치·정비·생산,86,861,861301,염색 준비 및 조색기 조작원,
8,설치·정비·생산,86,861,861302,정련·표백기 조작원,
8,설치·정비·생산,86,861,861303,염색기 조작원,
8,설치·정비·생산,86,861,861304,날염기 조작원(나염기),
8,설치·정비·생산,86,862,862100,패턴사,
8,설치·정비·생산,86,862,862200,재단사,4
8,설치·정비·생산,86,862,862300,재봉사,1
8,설치·정비·생산,86,862,862301,재봉사(의류·직물),7
8,설치·정비·생산,86,862,862302,가죽·모피·신발 재봉사,
8,설치·정비·생산,86,862,862303,기계 자수원,
8,설치·정비·생산,86,862,862900,기타 섬유 및 가죽 관련 기능 종사원(의복·직물 검사 등),
8,설치·정비·생산,86,863,863100,한복 제조원,
8,설치·정비·생산,86,863,863200,양장 및 양복 제조원,
8,설치·정비·생산,86,863,863300,모피 및 가죽 의복 제조원,
8,설치·정비·생산,86,863,863400,의복·가죽 및 모피 수선원,
8,설치·정비·생산,86,863,863900,기타 의복 제조 관련 기능 종사원,
8,설치·정비·생산,86,864,864100,제화원,
8,설치·정비·생산,86,864,864200,신발 제조기 조작원,1
8,설치·정비·생산,86,864,864300,세탁 기계 조작원,1
8,설치·정비·생산,86,864,864900,기타 직물·신발 관련 기계 조작원,2
8,설치·정비·생산,87,871,871100,제과원 및 제빵사,189
8,설치·정비·생산,87,871,871200,떡 제조원,
8,설치·정비·생산,87,872,872100,정육 가공원 및 도축원,5
8,설치·정비·생산,87,872,872101,도축원,
8,설치·정비·생산,87,872,872102,정육원,3
8,설치·정비·생산,87,872,872200,김치 및 밑반찬 제조 종사원,
8,설치·정비·생산,87,872,872300,도시락 제조원,1
8,설치·정비·생산,87,872,872400,식품 및 담배 등급원,
8,설치·정비·생산,87,872,872900,기타 식품 가공 관련 기능 종사원,2
8,설치·정비·생산,87,873,873100,육류‧어패류 및 낙농품 가공 기계 조작원,1
8,설치·정비·생산,87,873,873101,육류 가공기계 조작원,3
8,설치·정비·생산,87,873,873102,어패류(수산물) 가공기계 조작원,12
8,설치·정비·생산,87,873,873103,낙농품 가공기계 조작원,
8,설치·정비·생산,87,873,873200,제분 및 도정 관련 기계 조작원,
8,설치·정비·생산,87,873,873300,곡물가공 제품 기계 조작원,
8,설치·정비·생산,87,873,873301,과자·빵·떡·캔디·초콜릿 제조기계 조작원,
8,설치·정비·생산,87,873,873302,두부 및 유사제품 생산기계 조작원,
8,설치·정비·생산,87,873,873303,국수 및 면류제품 생산기계 조작원,
8,설치·정비·생산,87,873,873400,과실 및 채소가공 관련 기계 조작원,
8,설치·정비·생산,87,873,873500,음료 제조 관련 기계 조작원,
8,설치·정비·생산,87,873,873900,기타 식품가공 관련 기계 조작원,3
8,설치·정비·생산,88,881,881100,인쇄 관련 기계 조작원,
8,설치·정비·생산,88,881,881101,인쇄판·인쇄필름 출력원,
8,설치·정비·생산,88,881,881102,오프셋·윤전 인쇄기 조작원,
8,설치·정비·생산,88,881,881103,그라비어 인쇄기 조작원,2
8,설치·정비·생산,88,881,881104,스크린 인쇄기 조작원(실크스크린 포함),1
8,설치·정비·생산,88,881,881105,디지털 및 기타 인쇄기 조작원,
8,설치·정비·생산,88,881,881106,인쇄 후가공원,
8,설치·정비·생산,88,881,881107,제책·제본기 조작원,
8,설치·정비·생산,88,881,881200,사진 인화 및 현상기 조작원(사진수정 포함),
8,설치·정비·생산,88,882,882100,목재 가공 관련 기계 조작원,1
8,설치·정비·생산,88,882,882101,목재 가공기계 조작원,
8,설치·정비·생산,88,882,882102,합판 제조기계 조작원,
8,설치·정비·생산,88,882,882200,펄프 및 종이 제조 장치 조작원,
8,설치·정비·생산,88,882,882300,종이제품 생산기 조작원,
8,설치·정비·생산,88,882,882900,기타 목재 및 종이 관련 기계 조작원,
8,설치·정비·생산,88,883,883100,가구 제조 및 수리원,1
8,설치·정비·생산,88,883,883101,가구 제조원,3
8,설치·정비·생산,88,883,883102,가구 수리원,
8,설치·정비·생산,88,883,883200,가구 조립원,1
8,설치·정비·생산,88,883,883300,목제품 제조 관련 종사원,5
8,설치·정비·생산,88,884,884100,공예원,1
8,설치·정비·생산,88,884,884200,귀금속 및 보석 세공원,
8,설치·정비·생산,88,885,885100,악기 제조 및 조율사,
8,설치·정비·생산,88,885,885200,간판 제작 및 설치원,
8,설치·정비·생산,88,885,885300,"기타 기능 관련 종사원(유리기능, 복사, 수제 제본 등)",
8,설치·정비·생산,88,885,885900,기타 기계 조작원,3
8,설치·정비·생산,88,885,885901,드론 조작원,
8,설치·정비·생산,88,885,885902,주입·포장·상표부착기 등 기타 기계 조작원,1
8,설치·정비·생산,89,890,890000,기타 제조 관련 단순 종사원,146
8,설치·정비·생산,89,890,890001,기계·금속 분야 단순 종사원,35
8,설치·정비·생산,89,890,890002,단순 사상원(용접사상 제외-용접원구분),9
8,설치·정비·생산,89,890,890003,화학·환경·에너지 분야 단순 종사원,2
8,설치·정비·생산,89,890,890004,섬유·의복 분야 단순 종사원,2
8,설치·정비·생산,89,890,890005,전기·전자 분야 단순 종사원,2
8,설치·정비·생산,89,890,890006,식품 분야 단순 종사원,46
8,설치·정비·생산,89,890,890007,"인쇄, 목재, 가구 및 기타 제조 분야 단순 종사원",4
9,농림어업,90,901,901100,곡식작물 재배원,
9,농림어업,90,901,901200,채소 및 특용작물 재배원,
9,농림어업,90,901,901300,과수작물 재배원,
9,농림어업,90,901,901400,원예작물 재배원,
9,농림어업,90,901,901500,조경원,
9,농림어업,90,901,901501,조경 식재원,
9,농림어업,90,901,901502,식물 관리원,1
9,농림어업,90,902,902100,낙농 관련 종사원,
9,농림어업,90,902,902200,한우 및 육우 사육원,
9,농림어업,90,902,902300,돼지 사육원,
9,농림어업,90,902,902400,가금 사육원,1
9,농림어업,90,902,902900,기타 축산 및 사육 관련 종사원(양봉·감별·동물원사육·실험동물사육 등),
9,농림어업,90,903,903100,조림·산림 경영인 및 벌목원,
9,농림어업,90,903,903900,기타 임업 관련 종사원(임산물 채취 포함),
9,농림어업,90,904,904100,양식원,5
9,농림어업,90,904,904200,어부 및 해녀,2
9,농림어업,90,905,905100,농업 관련 단순 종사원,1
9,농림어업,90,905,905200,"임업 관련 단순 종사원(산림보호감시, 산불감시원 등)",1
9,농림어업,90,905,905300,어업 관련 단순 종사원,8
