공고URL,채용분야,직종,자격요건,우대사항,학력,경력,고용형태,급여,근무시간,모집인원,상세주소,수집시각
https://job.nurscape.net/Jobs/Details/590576,병동간호사(DE-KEEP)>병동>소아청소년과,병동간호사(DE-KEEP),"경력 1년 이상 · 간호사면허소지, 소아병동 경력자 우대",소아병동 경력자 우대,대학교(4년),경력 1년 이상,정규직,"3800~4000만원 / 경력인정 시 연봉 협상 가능, 퇴직금 별도",주5일 07:00 ~ 15:00 / 2교대,0 명,"부산 기장군 정관로 698, 8층 8층",2026-09-09 07:08:28
https://job.nurscape.net/Jobs/Details/590714,특수직(수술실간호사)>수술실>안과,특수직(수술실간호사),경력 1년 이상 · 간호사면허소지,-,"대학(2,3년)",경력 1년 이상,계약직,3400~3600만원,주6일(토요격주휴무) 08:30 ~ 17:30,0 명,부산 해운대구 해운대로 409 부산성모안과병원,2026-09-09 07:08:29
https://job.nurscape.net/Jobs/Details/591198,외래간호사>외래>정형외과,외래간호사,"경력 15년 이상 · 간호사면허소지, 정형외과 외래 유경험자",정형외과 외래 유경험자,대학교(4년),경력 15년 이상,정규직,4000~5000만원,주6일(토요격주휴무) 09:00 ~ 18:00,1 명,부산 해운대구 해운대로 135 효성시티병원,2026-09-09 07:08:29
https://job.nurscape.net/Jobs/Details/591375,병동간호사(N-KEEP)>병동>정형외과,병동간호사(N-KEEP),경력 경력무관 · 간호사면허소지,-,"대학(2,3년)",경력 경력무관,정규직,3800~4000만원 / 연차별상이,3교대 21:00 ~ 08:00 / 2교대,0 명,부산 동구 중앙대로317 세일병원,2026-09-09 07:08:29
https://job.nurscape.net/Jobs/Details/591415,병동간호사(3교대)>병동>내외과 등,병동간호사(3교대),경력 1년 이상 · 간호사면허소지,"인근거주자, 병동 근무 능숙자, 장기근무가능자, 국가유공자","대학(2,3년)",경력 1년 이상,정규직,4000~5000만원,주5일 / 3교대,0 명,부산 동구 중앙대로 401 3관 13층 간호부,2026-09-09 07:08:30
https://job.nurscape.net/Jobs/Details/591629,병동간호사(N-KEEP)>병동>한의원,병동간호사(N-KEEP),경력 경력무관 · 간호사면허소지,-,"대학(2,3년)",경력 경력무관,정규직,"2184~2184만원 / 성과급 별도 / 연봉 21,845,520원",주3.5일 근무 / 2인이서 7일 담당. 21:00 ~ 08:00 / 2교대,1 명,"부산 중구 보수대로 16-1, 3-4층 3층 입원실",2026-09-09 07:08:30
https://job.nurscape.net/Jobs/Details/591654,병동간호사(3교대)>병동>정형외과,병동간호사(3교대),"경력 1년 이상 · 간호사면허소지, 병동 경력 1년 이상",-,"대학(2,3년)",경력 1년 이상,정규직,390만원 이상 / 성과급 별도,3교대 근무 / 3교대,0 명,부산 북구 만덕대로 37 11층 간호부,2026-09-09 07:08:30
https://job.nurscape.net/Jobs/Details/592253,병동간호사(3교대)>병동>정형외과,병동간호사(3교대),경력 경력무관 · 간호사면허소지,-,"대학(2,3년)",경력 경력무관,정규직,"3800~4500만원 / 나이트수당,이브닝 수당,간호간병병동 수당 지급",주5일 07:30 ~ 15:00,1 명,부산 서구 보수대로 9 (충무동 1가) 바른병원,2026-09-09 07:08:30
https://job.nurscape.net/Jobs/Details/592414,병동간호사(DE-KEEP)>병동>요양병원 (진료부서),병동간호사(DE-KEEP),경력 경력무관 · 간호사면허소지,경력우대,"대학(2,3년)",경력 경력무관,정규직,3600~3800만원,주5일 07:00 ~ 15:00,0 명,부산 사하구 다대로 607 타임요양병원,2026-09-09 07:08:31
https://job.nurscape.net/Jobs/Details/592510,검진센터간호사>외래>내과,검진센터간호사,경력 1년 이상 · 간호사면허소지,"장기근무가능자,",대학교(4년),경력 1년 이상,정규직,3300~3800만원 / 성과급 별도,주5일 08:00 ~ 18:00,0 명,부산 남구 유엔평화로4 갤러리메디타워 9층 10층,2026-09-09 07:08:31
https://job.nurscape.net/Jobs/Details/592839,"간호학과 실습전반 및 관련 행정업무, 기타 신라대학교에서 지정하는 업무","간호학과 실습전반 및 관련 행정업무, 기타 신라대학교에서 지정하는 업무",경력 2년 이상 · 간호사면허소지,"관련 업무 경력자 우대, 국가보훈대상자 우대",대학교(4년),경력 2년 이상,계약직,2600~2800만원 / 210,주5일 09:00 ~ 17:00,1 명,부산 사상구 백양대로 700번길 140(신라대학교) 의생명관 신라대학교 간호학과,2026-09-09 07:08:31
https://job.nurscape.net/Jobs/Details/592877,스크럽>수술실>정형외과,스크럽,"경력 1년 이상 · 간호사면허소지, 경력자 우대",-,"대학(2,3년)",경력 1년 이상,정규직,3700~5000만원 / 성과급 별도,주5일 08:00 ~ 17:30,1 명,부산 부산진구 가야대로 713 당감2동,2026-09-09 07:08:32
https://job.nurscape.net/Jobs/Details/593080,병동간호사(3교대)>병동>정형외과,병동간호사(3교대),경력 경력무관 · 간호사면허소지,-,"대학(2,3년)",경력 경력무관,정규직,"3800~4000만원 / 이브닝 수당,통합병동 수당",주5일 07:00 ~ 15:00 / 3교대,0 명,부산 사하구 다대로145,2026-09-09 07:08:32
https://job.nurscape.net/Jobs/Details/593711,상담간호사>검진센터>건강진단센터,상담간호사,경력 경력무관 · 간호사면허소지,-,"대학(2,3년)",경력 경력무관,계약직,3800~4200만원,주5일 09:00 ~ 18:00,00 명,부산 남구 전포대로 133 국제금융단지 몰 3-4층 3.4층,2026-09-09 07:08:32
https://job.nurscape.net/Jobs/Details/593896,외래간호사>외래>산부인과,외래간호사,경력 10년 이상 · 간호사면허소지,-,대학교(4년),경력 10년 이상,정규직,3800~4000만원,주6일 09:00 ~ 17:30,0 명,부산 북구 금곡대로 15 미래로 병원 부산 북구 덕천동,2026-09-09 07:08:33
https://job.nurscape.net/Jobs/Details/593898,병동간호사(3교대)>병동>산부인과,병동간호사(3교대),경력 경력무관 · 간호사면허소지,경력자 우대,"대학(2,3년)",경력 경력무관,정규직,3800~4000만원,3교대 / 3교대,0 명,부산 북구 금곡대로 15,2026-09-09 07:08:33
https://job.nurscape.net/Jobs/Details/594130,병동간호사(3교대)>병동>신경외과,병동간호사(3교대),경력 경력무관 · 간호사면허소지,-,"대학(2,3년)",경력 경력무관,정규직,4000~5000만원 / 성과급 별도 / 간호간병인센티브 100만원 전후 별도,주5일 07:00 ~ 15:00 / 3교대,0 명,"부산 동래구 중앙대로1523, 10층 인사팀",2026-09-09 07:08:33
https://job.nurscape.net/Jobs/Details/594177,외래간호사>외래>갑상선유방팀,외래간호사,경력 경력무관 · 간호사면허소지,경력자 우대,"대학(2,3년)",경력 경력무관,정규직,2800~3500만원 / 면접 후 결정,주6일(토요격주휴무) 09:00 ~ 17:30,0 명,부산 해운대구 좌동순환로 502 이룸타워 3층~9층 나눔과행복의료재단 해운대나눔과행복병원,2026-09-09 07:08:34
https://job.nurscape.net/Jobs/Details/594301,특수직(투석간호사)>인공신장실>내과,특수직(투석간호사),경력 경력무관 · 간호사면허소지,-,"대학(2,3년)",경력 경력무관,정규직,0만원,주5일 06:00 ~ 14:00,0 명,부산 사하구 낙동남로 1406 정우빌딩 11층,2026-09-09 07:08:34
https://job.nurscape.net/Jobs/Details/594392,병동간호사(3교대)>병동>정형외과,병동간호사(3교대),경력 1년 이상 · 간호사면허소지,해당직무 근무경험,"대학(2,3년)",경력 1년 이상,정규직,0만원 / 회사내규에 따름,주40시간 교대근무 / 3교대,1 명,부산 동래구 중앙대로 1493번길 6 나르샤병원,2026-09-09 07:08:34
https://job.nurscape.net/Jobs/Details/594451,감염관리간호사>감염관리실>감염관리실,감염관리간호사,"경력 경력무관 · 간호사면허소지, 임상 경력 3년 이상",-,대학교(4년),경력 경력무관,정규직,0만원 / 회사내규에 따름,주 40시간 09:00 ~ 18:00,1 명,부산 해운대구 해운대로 584 해운대 부민병원,2026-09-09 07:08:35
https://job.nurscape.net/Jobs/Details/594468,환자간호 >병동>일반병동,환자간호,경력 경력무관 · 간호사면허소지,요양병원 경력자 우대,"대학(2,3년)",경력 경력무관,정규직,3200~3400만원,주5일 14:00 ~ 20:00,0 명,부산 사상구 낙동대로 792 강림요양병원 강림요양병원,2026-09-09 07:08:35
https://job.nurscape.net/Jobs/Details/594520,보건관리자,보건관리자,경력 1년 이상 · 간호사면허소지,-,"대학(2,3년)",경력 1년 이상,아르바이트,"1400만원 이하 / 시급 10,900원 / 일급 87,200원(근무기간 11개월)","토,일 10:00 ~ 19:00",1 명,부산 동래구 중앙대로 1393 10층 안전관리팀,2026-09-09 07:08:35
https://job.nurscape.net/Jobs/Details/594656,병동간호사(N-KEEP)>병동>내과,병동간호사(N-KEEP),"경력 2년 이상 · 간호사면허소지, 병동2년이상 경력",-,"대학(2,3년)",경력 2년 이상,정규직,3200~3400만원,월16일 근무(연차별도) 21:30 ~ 08:00,0 명,부산 해운대구 재반로 169,2026-09-09 07:08:36
https://job.nurscape.net/Jobs/Details/595030,병동간호사(DE-KEEP)>부서무관>진료과무관,병동간호사(DE-KEEP),"경력 1년 이상 · 간호사면허소지, 요양병원 경력 1년 이상",-,"대학(2,3년)",경력 1년 이상,정규직,3300~3600만원 / 수당 별도,주5일,1 명,부산 부산진구 황령대로 8번길 7,2026-09-09 07:08:36
https://job.nurscape.net/Jobs/Details/595164,방문간호사>방문진료팀>가정의학과,방문간호사,"경력 2년 이상 · 간호사면허소지, 임상경력 2년 이상","근무조건 운전가능자 기타 - L-tube 관리 / Foley catheter(유치도뇨관) 관리 가능하신 분 / 요양병원, 방문간호, 호스피스 병동 경력자",대학교(4년),경력 2년 이상,정규직,3800~4000만원,주5일 09:00 ~ 18:00,1 명,"부산 연제구 월드컵대로79번길 50, 3층 4층",2026-09-09 07:08:36
https://job.nurscape.net/Jobs/Details/595179,특수직(수술실간호사)>수술실>정형외과,특수직(수술실간호사),경력 경력무관 · 간호사면허소지,정형외과 및 수부외과 병원 근무 경험,"대학(2,3년)",경력 경력무관,정규직,0만원 / 면접 후 결정,주6일,0 명,부산 사하구 낙동대로 446,2026-09-09 07:08:37
https://job.nurscape.net/Jobs/Details/595315,행정,행정,경력 경력무관 · 간호사면허소지,-,대학교(4년),경력 경력무관,계약직,2400~2600만원,주5일 09:00 ~ 17:00,1 명,부산 부산진구 부산 부산진구엄광로176 동의대 자연과학대 109호 간호학과 사무실 109호 간호학과 사무실,2026-09-09 07:08:37
https://job.nurscape.net/Jobs/Details/595371,병동간호사(3교대)>부서무관>재활의학과,병동간호사(3교대),경력 1년 이상 · 간호사면허소지,"인근거주자, 3교대 근무 가능자, 국가유공자","대학(2,3년)",경력 1년 이상,정규직,4000~5000만원,주5일 / 3교대,00 명,부산 남구 양지골로 241 봉생힐링병원,2026-09-09 07:08:37
https://job.nurscape.net/Jobs/Details/595475,병동간호사(DE-KEEP)>병동>병동,병동간호사(DE-KEEP),경력 경력무관 · 간호사면허소지,-,"대학(2,3년)",경력 경력무관,정규직,3200~3400만원,근무표 / 2교대,0 명,"부산 연제구 중앙대로 1078 (4,5층 , 연산동) 금송요양병원",2026-09-09 07:08:38
https://job.nurscape.net/Jobs/Details/595477,병동간호사(E-KEEP)>병동>병동,병동간호사(E-KEEP),경력 경력무관 · 간호사면허소지,-,"대학(2,3년)",경력 경력무관,정규직,3200~3400만원,근무표 14:00 ~ 20:00 / 2교대,0 명,"부산 연제구 중앙대로 1078 (4,5층 , 연산동) 금송요양병원",2026-09-09 07:08:38
https://job.nurscape.net/Jobs/Details/595516,간호직>간호사(간호5급),간호직,"경력 경력무관 · 간호사면허소지, 상세참조",취업지원대상자 및 장애인,"대학(2,3년)",경력 경력무관,일반직(간호직),회사내규에따름,상세참조,198 명,부산 서구 구덕로 179 부산대학교병원,2026-09-09 07:08:38
https://job.nurscape.net/Jobs/Details/595570,병동간호사(3교대)>병동>정형외과,병동간호사(3교대),경력 경력무관 · 간호사면허소지,-,"대학(2,3년)",경력 경력무관,정규직,3600~3800만원 / 연차별 차등 지급,주5일 / 3교대,0 명,부산 동래구 충렬대로 358,2026-09-09 07:08:39
https://job.nurscape.net/Jobs/Details/595714,병동간호사(3교대)>병동>진료과무관,병동간호사(3교대),"경력 1년 이상 · 간호사면허소지, 병동경력 1년이상",-,"대학(2,3년)",경력 1년 이상,정규직,"4000~5000만원 / 이브닝, 나이트, 통합병동 수당 지급",3교대근무 / 3교대,0 명,부산 영도구 태종로 85 영도병원,2026-09-09 07:08:39
https://job.nurscape.net/Jobs/Details/595798,외래간호사>외래>이비인후과,외래간호사,경력 경력무관 · 간호사면허소지,"경력자 우대, 수술실, 주사 가능자 우대","대학(2,3년)",경력 경력무관,계약직,3600~3800만원 / 성과급 별도,주6일 09:00 ~ 19:00,0 명,부산 해운대구 해운대로 650 센트럴 푸르지오 6층 코스타이비인후과 6층 코스타이비인후과,2026-09-09 07:08:39
https://job.nurscape.net/Jobs/Details/595799,특수직(투석간호사)>인공신장실>내과,특수직(투석간호사),경력 경력무관 · 간호사면허소지,-,"대학(2,3년)",경력 경력무관,정규직,3200~3400만원,주5일 06:30 ~ 05:00 / 2교대,0 명,부산 사하구 낙동대로 230. 수민빌딩 5층 열린의료재단 초록인공신장실,2026-09-09 07:08:40
https://job.nurscape.net/Jobs/Details/595856,병동간호사(3교대)>병동>재활의학과,병동간호사(3교대),경력 경력무관 · 간호사면허소지,-,"대학(2,3년)",경력 경력무관,정규직,3600~3800만원 / 경력에 따라,off+연차+공휴일수,00 명,부산 금정구 중앙대로 1951 메드윌병원,2026-09-09 07:08:40
https://job.nurscape.net/Jobs/Details/595926,연구간호사(CRC)>외래>혈액종양내과,연구간호사(CRC),경력 경력무관 · 간호사면허소지,-,대학교(4년),경력 경력무관,아르바이트,100~100만원,"월,수 10:00 ~ 18:00",1 명,부산 서구 구덕로 179 부산대학교병원,2026-09-09 07:08:40
https://job.nurscape.net/Jobs/Details/595945,병동간호사(DE-KEEP)>병동>정형외과,병동간호사(DE-KEEP),경력 경력무관 · 간호사면허소지,-,대학교(4년),경력 경력무관,정규직,"3000~5000만원 / 성과급 별도 / 이브닝, 나이트 수당 별도",주5일 14:00 ~ 20:00,0 명,부산 부산진구 중앙대로777,2026-09-09 07:08:41
https://job.nurscape.net/Jobs/Details/595946,외래간호사>외래>내과,외래간호사,경력 경력무관 · 간호사면허소지,-,대학교(4년),경력 경력무관,정규직,3600~3800만원,주6일(토요격주휴무),0 명,부산 부산진구 중앙대로777,2026-09-09 07:08:41
https://job.nurscape.net/Jobs/Details/596032,병동간호사(3교대)>병동>정형외과,병동간호사(3교대),경력 1년 이상 · 간호사면허소지,-,"대학(2,3년)",경력 1년 이상,정규직,4000~5000만원,주5일 / 3교대,0 명,부산 동구 범일로 85 힘내라병원,2026-09-09 07:08:41
https://job.nurscape.net/Jobs/Details/596111,병동간호사(3교대)>병동>재활의학과,병동간호사(3교대),"경력 1년 이상 · 간호사면허소지, 경력직 우대",-,"대학(2,3년)",경력 1년 이상,정규직,4000~5000만원 / 성과급 별도 / 이브닝 수당 있음,주5일 07:00 ~ 15:00 / 3교대,0 명,부산 북구 금곡대로 133 맥켄지일신재활병원,2026-09-09 07:08:42
https://job.nurscape.net/Jobs/Details/596356,특수직(수술실간호사)>수술실>직접입력,특수직(수술실간호사),경력 1년 이상 · 간호사면허소지,-,"대학(2,3년)",경력 1년 이상,정규직,4000~5000만원,주5일 08:30 ~ 05:00,0 명,부산 동구 중앙대로 401 봉생기념병원,2026-09-09 07:08:42
https://job.nurscape.net/Jobs/Details/596414,병동근무 >병동근무>병동,병동근무,경력 경력무관 · 간호사면허소지,-,"대학(2,3년)",경력 경력무관,정규직,3800~4000만원 / 면접때설명,교대근무 / 3교대,0 명,부산 북구 금곡대로 586 좋은리버뷰요양병원,2026-09-09 07:08:42
https://job.nurscape.net/Jobs/Details/596440,요양원 간호사,요양원 간호사,경력 5년 이상 · 간호사면허소지,"근무조건 차량소지자, 운전가능자","대학(2,3년)",경력 5년 이상,정규직,3400~3600만원 / 월급 300만원(세전),주5일 09:00 ~ 18:00,1 명,부산 기장군 기장읍 내리길 168 달명스마트너싱홈,2026-09-09 07:08:43
https://job.nurscape.net/Jobs/Details/596503,교육간호사,교육간호사,"경력 3년 이상 · 간호사면허소지, 종합병원·상급종합병원 임상 경력 3년 이상",-,대학교(4년),경력 3년 이상,정규직,4000~5000만원 / 직전 연봉에 따라 상이함,주5일 09:00 ~ 18:00,0 명,부산 해운대구 APEC로 21 센텀시티 인근,2026-09-09 07:08:43
https://job.nurscape.net/Jobs/Details/596544,상담간호사>상담>혈액종양내과,상담간호사,경력 경력무관 · 간호사면허소지,-,대학교(4년),경력 경력무관,정규직,5000~8000만원 / 성과급 별도,주6일(토요격주휴무) 09:00 ~ 18:00,0 명,부산 기장군 동부산관광1로60 무이재한방병원,2026-09-09 07:08:43
https://job.nurscape.net/Jobs/Details/596765,모자보건사업>보건소 아가맘센터>보건소 아가맘센터,모자보건사업,경력 경력무관 · 간호사면허소지,"보건소 관련분야 및 의료기관 근무경력자 우대, 컴퓨터 관련 자격증 우대, 사상구 거주자","대학(2,3년)",경력 경력무관,계약직,"1400만원 이하 / 월급 2,400,000원",주5일 09:00 ~ 18:00,1 명,부산 사상구 학감대로 242 사상구보건소 2층 아가맘센터,2026-09-09 07:08:44
https://job.nurscape.net/Jobs/Details/596778,회복실>마취/회복실>정형외과,회복실,"경력 경력무관 · 간호사면허소지, 수술실 경력 우대",해당직무 근무경험,"대학(2,3년)",경력 경력무관,정규직,"3600~3800만원 / 당직수당별도, 면접시협의",주6일 09:00 ~ 18:00,1 명,부산 동구 중앙대로317,2026-09-09 07:08:44
https://job.nurscape.net/Jobs/Details/385401,간호인재 매칭 서비스,간호인재 매칭 서비스,경력 경력무관 · 간호사면허소지,"커뮤니케이션 능력, 목표 지향적 성격","대학(2,3년)",경력 경력무관,정규직,2800~8000만원 / ➡예상되는 연간보수 범위,주5일 09:00 ~ 18:00,0 명,서울 강남구 테헤란로43길 18 (SC빌딩) 2층,2026-09-09 07:08:46
https://job.nurscape.net/Jobs/Details/553868,내시경간호사>내시경실>진료과무관 특수직(수술실간호사)>수술실>진료과무관,내시경간호사,경력 1년 이상 · 간호사면허소지,"취업보호대상자, 인근거주자","대학(2,3년)",경력 1년 이상,정규직,3800~5500만원 / 부서에 따라,주5일 08:30 ~ 17:30,0 명,"인천 계양구 장제로 722, 한림병원 한림병원",2026-09-09 07:08:49
https://job.nurscape.net/Jobs/Details/580939,특수직(수술실간호사)>수술실>정형외과 병동간호사(3교대)>병동>정형외과 병동간호사(N-KEEP)>병동>내과,특수직(수술실간호사),경력 1년 이상 · 간호사면허소지,-,"대학(2,3년)",경력 1년 이상,정규직,3500~5500만원,주6일(토요격주휴무) 09:00 ~ 18:00,0 명,서울 강동구 양재대로 1580 사랑플러스 병원,2026-09-09 07:08:54
https://job.nurscape.net/Jobs/Details/581995,병동간호사(3교대)>병동>정형외과 마취/회복간호사>수술실>정형외과,병동간호사(3교대),경력 1년 이상 · 간호사면허소지,"척추관절병원 유경험자 , 수술실 경력자 우대","대학(2,3년)",경력 1년 이상,정규직,4220~5500만원 / (수술실연봉 별도),주5일 08:00 ~ 17:00 / 3교대,0 명,인천 미추홀구 석정로21 4~7층 저스트병원,2026-09-09 07:08:54
https://job.nurscape.net/Jobs/Details/583411,"간호행정 수간호사,angio실 간호사>간호행정 수간호사,angio실 간호사>간호행정 수간호사,angio실 간호사 특수직(미지정)>수술실(스크럽,PA,마취)>수술실(스크럽,PA,마취) 병동간호사(3교대)>병동>내과","간호행정 수간호사,angio실 간호사","경력 1년 이상 · 간호사면허소지, 간호사","컴퓨터능력 문서작성우수, PPT활용우수, 엑셀활용우수","대학(2,3년)",경력 1년 이상,정규직,3300~5500만원 / 면접시 협의,주6일(토요격주휴무) 08:30 ~ 17:30,0 명,경기 용인시 중부대로 411 강남병원,2026-09-09 07:08:55
https://job.nurscape.net/Jobs/Details/583673,병동간호사(MD-KEEP)>병동>진료과무관 병동간호사(DE-KEEP)>병동>진료과무관,병동간호사(MD-KEEP),경력 1년 이상 · 간호사면허소지,"요양병원 근무 경력 보유자, 환자평가표 작성 가능자","대학(2,3년)",경력 1년 이상,정규직,3600~4600만원,주5일 07:00 ~ 16:00,0 명,서울 강서구 서울 강서구 국회대로 233 (새미래요양병원) 새미래요양병원,2026-09-09 07:08:55
https://job.nurscape.net/Jobs/Details/584644,"주사전담간호사>병동>내, 외과 교육간호사>병동>간호간병통합서비스병동",주사전담간호사,"경력 경력무관 · 간호사면허소지, 간호사 면허증 소지자","컴퓨터능력 문서작성우수, PPT활용우수, 엑셀활용우수",대학교(4년),경력 경력무관,정규직,4000~6000만원 / 퇴직금 별도,주5일 07:00 ~ 15:00 / 3교대,00 명,경기 용인시 처인구 금령로 39번길 8-6(김량장동) 9층 간호사실,2026-09-09 07:08:56
https://job.nurscape.net/Jobs/Details/585584,병동간호사(N-KEEP)>병동>내과 특수직(투석간호사)>병동>내과,병동간호사(N-KEEP),경력 경력무관 · 간호사면허소지,유관근무경력자 우대,"대학(2,3년)",경력 경력무관,정규직,3200만원 이상 / 성과급 별도 / 회사내규에따름,주5일 18:00 ~ 09:00 / 2교대,0 명,경기 안산시 단원구 광덕대로 162 창진타운 3층 경희재활요양병원,2026-09-09 07:08:57
https://job.nurscape.net/Jobs/Details/586781,특수직(중환자실간호사)>중환자실>중환자실 내시경간호사>내시경실>내시경실 병동간호사(3교대)>병동>병동 특수직(수술실간호사)>수술실>마취과,특수직(중환자실간호사),"경력 경력무관 · 간호사면허소지, 간호사면허증","인근거주자, 장기근로자, 종병경력자 우대","대학(2,3년)",경력 경력무관,정규직(수습3개월),4500~6000만원 / 퇴직금 미포함,상세모집 정보 확인 00:00 ~ 00:00,00 명,경기 수원시 권선구 호매실로 90번길 98 화홍병원,2026-09-09 07:08:58
https://job.nurscape.net/Jobs/Details/587335,병동간호사(3교대)>병동>병동간호과 특수직(투석간호사)>인공신장실>투석간호팀,병동간호사(3교대),"경력 1년 이상 · 간호사면허소지, 1년이상, 임상병력 1년 이상","지원부서 경력 우대,보훈대상자,국가유공자",대학교(4년),경력 1년 이상,정규직,3400~5000만원 / 퇴직금별도,부서별 상이 08:30 ~ 17:30,0 명,인천 남동구 논현로72 인천힘찬종합병원,2026-09-09 07:08:58
https://job.nurscape.net/Jobs/Details/588018,특수직(중환자실간호사)>중환자실>진료과무관 병동간호사(3교대)>병동>진료과무관 특수직(응급실간호사)>응급실>진료과무관 특수직(수술실간호사)>수술실>진료과무관,특수직(중환자실간호사),경력 경력무관 · 간호사면허소지,"각 부분 경력(관리자,Charge급 이상) 우대","대학(2,3년)",경력 경력무관,정규직/계약직,4400~5500만원 / 면접시협의,주5일 / 3교대,0 명,경기 고양시 덕양구 중앙로555,2026-09-09 07:08:59
https://job.nurscape.net/Jobs/Details/588102,병동간호사(3교대)>병동>진료과무관 특수직(수술실간호사)>수술실>신경외과,병동간호사(3교대),경력 1년 이상 · 간호사면허소지,-,"대학(2,3년)",경력 1년 이상,정규직,"3800~5000만원 / 성과급 별도 / 퇴직금 / 각종 수당(야간 수당, 야간간호료, 간호간병특별수당 및 인센티브 등) 별도",주5일 07:00 ~ 15:00 / 3교대,0 명,서울 강남구 남부순환로 2633 강남베드로병원 강남베드로병원,2026-09-09 07:08:59
https://job.nurscape.net/Jobs/Details/588229,병동간호사(3교대)>병동>정형외과 병동간호사(N-KEEP)>병동>정형외과,병동간호사(3교대),"경력 1년 이상 · 간호사면허소지, 공고 내용 참고",척관절병원 근무자 우대,"대학(2,3년)",경력 1년 이상,정규직,4000~5000만원 / 공고 내용 참고,주5일,0 명,서울 도봉구 도봉로 628 바로선병원,2026-09-09 07:08:59
https://job.nurscape.net/Jobs/Details/588928,병동간호사(3교대)>병동>혈액종양내과 병동간호사(N-KEEP)>병동>혈액종양내과 병동간호사(DE-KEEP)>병동>혈액종양내과,병동간호사(3교대),"경력 1년 이상 · 간호사면허소지, 병동경력 1년이상","혈액종양내과 경력 1년이상, 암한방병원 경력 우대, IV 우수자 우대",대학교(4년),경력 1년 이상,정규직,4000~4700만원 / 성과급 별도,교대근무 09:00 ~ 18:00,0 명,서울 강남구 학동로 117,2026-09-09 07:09:00
https://job.nurscape.net/Jobs/Details/587031,병동간호사(3교대)>병동>재활의학과,병동간호사(3교대),"경력 경력무관 · 간호사면허소지, 간호사 면허 소지자",경력자 우대,"대학(2,3년)",경력 경력무관,정규직,3500~4500만원 / 성과급 별도 / icu는 별도 인센티브 있음.,주5일 07:00 ~ 15:00 / 3교대,0 명,서울 동대문구 서울 동대문구 용두동 129-36,2026-09-09 07:09:01
https://job.nurscape.net/Jobs/Details/589501,병동간호사(3교대)>한방>암면역 병동간호사(DE-KEEP)>한방>가정의학과,병동간호사(3교대),경력 경력무관 · 간호사면허소지,-,"대학(2,3년)",경력 경력무관,정규직,3300~4300만원,교대근무 07:00 ~ 15:00,0 명,인천 남동구 석촌로 21 인천국제한방병원,2026-09-09 07:09:02
https://job.nurscape.net/Jobs/Details/589048,특수직(중환자실간호사)>중환자실>내과 특수직(수술실간호사)>수술실>정형외과,특수직(중환자실간호사),경력 1년 이상 · 간호사면허소지,-,"대학(2,3년)",경력 1년 이상,정규직,3600~5000만원 / 면접 시 협의,주5일 07:00 ~ 15:00 / 3교대,0 명,경기 화성시 시청로 160번길 46-13 화성디에스병원,2026-09-09 07:09:03
https://job.nurscape.net/Jobs/Details/590741,외래간호사>외래>- 특수직(수술실간호사)>수술실>- 진료협력간호사>진료협력센터>진료과무관,외래간호사,경력 1년 이상 · 간호사면허소지,척추관절 전문병원 경력자 우대,"대학(2,3년)",경력 1년 이상,정규직,3380~5200만원 / 성과급 별도 / 퇴직금 별도,주6일(토요격주휴무) 09:00 ~ 18:00,0 명,경기 수원시 영통구 중부대로 295 나누리수원병원,2026-09-09 07:09:05
https://job.nurscape.net/Jobs/Details/590790,병동간호사(3교대)>병동>정형외과 특수직(수술실간호사)>수술실>정형외과,병동간호사(3교대),경력 1년 이상 · 간호사면허소지,척추 관절병원 경력자 우대합니다.,"대학(2,3년)",경력 1년 이상,정규직,4000~5000만원 / 성과급 별도,주5일 07:00 ~ 15:00 / 3교대,0 명,서울 금천구 시흥대로 421 서울바른세상병원 3층,2026-09-09 07:09:06
https://job.nurscape.net/Jobs/Details/591148,병동간호사(DE-KEEP)>병동>재활의학과,병동간호사(DE-KEEP),경력 2년 이상 · 간호사면허소지,-,"대학(2,3년)",경력 2년 이상,정규직,3700~4000만원 / 퇴직금별도,주5일 07:00 ~ 15:00,0 명,"인천 남동구 논고개로123번길 35 칼리오페빌딩 10, 11층",2026-09-09 07:09:07
https://job.nurscape.net/Jobs/Details/591152,병동간호사(N-KEEP)>병동>진료과무관,병동간호사(N-KEEP),경력 경력무관 · 간호사면허소지,"병원, 재활병원, 간호간병통합병동 경력자","대학(2,3년)",경력 경력무관,정규직,3600~4300만원 / 성과급 별도 / 병동수당별도,주5일 21:00 ~ 08:00,0 명,인천 제물포구 서해대로 492,2026-09-09 07:09:07
https://job.nurscape.net/Jobs/Details/591292,병동간호사(3교대)>병동>정형외과 상담간호사>진료협력센터>정형외과,병동간호사(3교대),경력 경력무관 · 간호사면허소지,인근거주자,"대학(2,3년)",경력 경력무관,정규직,4344~6000만원 / 성과급 별도,OFF : 토+일+공휴일 07:00 ~ 15:00 / 3교대,0 명,"경기 수원시 권선구 금곡로196번길76, 서울JS프라자 3층~7층 3층~7층",2026-09-09 07:09:08
https://job.nurscape.net/Jobs/Details/591351,사무직,사무직,"경력 경력무관 · 간호사면허소지, 사무처장(정규직): 임상 경력 10년 이상(팔수), 과장(3개월 수습평가 후 정규직 채용): 임상 경력 5년 이상(필수), 통계자료 조사·분석·보고서 작성이 가능한 자, 단기 계약직: 임상 경력 3년 이상(필수)","컴퓨터능력 문서작성우수, 엑셀활용우수 기타 석사 이상 학위소지자(사무처장, 과장), 부서장, 관리자 경력 및 병원간호사회 등 간호전문직단체 활동 이력 우대(사무처장)",대학교(4년),경력 경력무관,"정규직 , 계약직",0만원 / 회사 내규에 따름,주5일 08:30 ~ 17:30,0 명,서울 중구 장충단로 182 2층 병원간호사회,2026-09-09 07:09:09
https://job.nurscape.net/Jobs/Details/591534,"수술실, 혈관조영실>수술실>외과","수술실, 혈관조영실","경력 3년 이상 · 간호사면허소지, 경력자 우대","외과, 투석실, 혈관조영실/수술실 근무자 우대","대학(2,3년)",경력 3년 이상,정규직,"3900~5000만원 / 성과급 별도 / 퇴직금별도, 연차20일, 성과급,교육비 etc",주5일 08:30 ~ 17:30,0 명,서울 성동구 왕십리로315 한동타워9층,2026-09-09 07:09:11
https://job.nurscape.net/Jobs/Details/590871,병동간호사(3교대)>병동>정형외과 병동간호사(DE-KEEP)>병동>정형외과,병동간호사(3교대),경력 2년 이상 · 간호사면허소지,-,"대학(2,3년)",경력 2년 이상,정규직,3600~5000만원 / 성과급 별도,토요일근무협의가능 08:30 ~ 17:30,00 명,서울 은평구 은평로 133 본서부병원,2026-09-09 07:09:12
https://job.nurscape.net/Jobs/Details/592088,상담간호사,상담간호사,경력 경력무관 · 간호사면허소지,"외국어능력 중국어가능자, 영어가능자, 일어가능자","대학(2,3년)",경력 경력무관,계약직,2800~3000만원 / 성과급 별도 / 퇴직금별도,주5일제+토요일 당직제 운영 10:00 ~ 16:00,0 명,서울 중구 새문안로 26 청양빌딩 8층,2026-09-09 07:09:14
https://job.nurscape.net/Jobs/Details/591625,병동간호사(3교대)>병동>진료과무관 특수직(중환자실간호사)>중환자실>진료과무관 특수직(응급실간호사)>응급실>진료과무관 특수직(수술실간호사)>수술실>진료과무관,병동간호사(3교대),경력 경력무관 · 간호사면허소지,응급실 경력자 우대,"대학(2,3년)",경력 경력무관,정규직,4700~5500만원 / 성과급 별도 / 퇴직금 별도,주5일 07:00 ~ 15:00 / 3교대,0 명,인천 검단구 청마로19번길 5 검단탑병원,2026-09-09 07:09:14
https://job.nurscape.net/Jobs/Details/592448,특수직(수술실간호사)>외래>성형외과,특수직(수술실간호사),"경력 2년 이상 · 간호사면허소지, 수술실 경력1년↑,병동 경력1년↑",수술실(병동) 경력자 우대,"대학(2,3년)",경력 2년 이상,정규직,3400~4300만원 / 성과급 별도 / 협의가능,주 4일 근무 (*성수기 제외) 09:30 ~ 19:00,2 명,서울 강남구 논현로831 네오스빌딩 502호,2026-09-09 07:09:15
https://job.nurscape.net/Jobs/Details/592647,병동간호사(3교대)>병동>신경외과 PA간호사>수술실>신경외과,병동간호사(3교대),경력 경력무관 · 간호사면허소지,"NS, OS 경력 우대","대학(2,3년)",경력 경력무관,정규직,3600~5400만원 / 성과급 별도 / 협의 후 결정,14일휴무 09:00 ~ 17:30 / 3교대,0 명,경기 시흥시 황고개로 472 (장곡동) 일어나병원 2-5층,2026-09-09 07:09:16
https://job.nurscape.net/Jobs/Details/592976,외래간호사>수술실>치과,외래간호사,"경력 경력무관 · 간호사면허소지, 치과 근무 경험자 우대합니다.","외국어능력 중국어가능자, 영어가능자, 영어능통자 기타 마취과 근무 경력 우대합니다.","대학(2,3년)",경력 경력무관,계약직,4000~5000만원 / 협의가능,주5일 09:00 ~ 18:30,0 명,서울 강남구 강남대로432 8층 똑똑플란트치과의원 8층,2026-09-09 07:09:17
https://job.nurscape.net/Jobs/Details/593044,기타>SVF준비실>정형외과 병동간호사(3교대)>병동>정형외과,기타,"경력 경력무관 · 간호사면허소지, 문서작업 우수자 우대, 신규.경력자 지원가능","컴퓨터능력 문서작성우수, PPT활용우수, 엑셀활용우수","대학(2,3년)",경력 경력무관,정규직,3400~5000만원 / 면접 시 연봉 합의 가능,주40시간 근무 (순환근무) 08:30 ~ 18:00,4 명,서울 강남구 서울 서초구 남부순환로 2205 연세사랑병원,2026-09-09 07:09:17
https://job.nurscape.net/Jobs/Details/593049,병동간호사(DE-KEEP)>병동>비뇨의학과,병동간호사(DE-KEEP),경력 1년 이상 · 간호사면허소지,"즉시출근자 우대, 비뇨의학과 병동 경력자 우대","대학(2,3년)",경력 1년 이상,정규직,3900~4500만원 / 성과급 별도 / 면접 후 결정(경력),주5일 09:00 ~ 18:00,0 명,"서울 강남구 강남대로318, TOWER837 3,4,5층 4층 병동, 수술실",2026-09-09 07:09:18
https://job.nurscape.net/Jobs/Details/593172,특수직(중환자실간호사)>중환자실>. 특수직(응급실간호사)>응급실>진료과무관 병동간호사(3교대)>병동>진료과무관,특수직(중환자실간호사),"경력 3년 이상 · 간호사면허소지, 경력자",-,대학교(4년),경력 3년 이상,정규직,3200~5000만원 / 성과급 별도,주5일 07:00 ~ 15:00 / 3교대,0 명,경기 안산시 선부광장로103 한도병원,2026-09-09 07:09:18
https://job.nurscape.net/Jobs/Details/593257,감염관리간호사>감염관리실>재활의학과 병동간호사(DE-KEEP)>병동>재활의학과,감염관리간호사,"경력 경력무관 · 간호사면허소지, 감염전담- 감염관리실 1년이상","컴퓨터능력 문서작성우수, PPT활용우수, 엑셀활용우수","대학(2,3년)",경력 경력무관,정규직,3500~4500만원 / 수당 별도,주5일 08:30 ~ 17:30,0 명,서울 금천구 남부순환로1400 금천수병원,2026-09-09 07:09:19
https://job.nurscape.net/Jobs/Details/593280,외래간호사>외래>정형외과 병동간호사(3교대)>병동>신경외과 특수직(수술실간호사)>수술실>신경외과 마취/회복간호사>마취/회복실>신경외과,외래간호사,경력 1년 이상 · 간호사면허소지,경력자 우대,대학교(4년),경력 1년 이상,정규직,3700~5400만원 / 퇴직금 별도,주5일 08:00 ~ 17:00 / 3교대,0 명,서울 강남구 언주로 731 (논현동 63-8) 나누리병원,2026-09-09 07:09:19
https://job.nurscape.net/Jobs/Details/593122,마취/회복간호사>수술실>신경외과,마취/회복간호사,"경력 1년 이상 · 간호사면허소지, 신경외과, 정형외과 경력자 우대, 이력서에 사진 첨부 필수 ,","척관절 병원 근무 경력자 우대 , 척관절 병원 상담 경력 우대","대학(2,3년)",경력 1년 이상,정규직,3400~5000만원 / 성과급 별도 / 직책수당 별도지급,주 40시간 09:00 ~ 17:30,1 명,"경기 고양시 덕양구 권율대로 685 서울척탑병원 6,7,8층",2026-09-09 07:09:19
https://job.nurscape.net/Jobs/Details/593396,병동간호사(3교대)>병동>정형외과,병동간호사(3교대),경력 경력무관 · 간호사면허소지,-,"대학(2,3년)",경력 경력무관,정규직,4000~5000만원 / 퇴직금 포함,주 40시간 근무 08:30 ~ 17:30,0 명,서울 양천구 신목로 120 힘찬병원,2026-09-09 07:09:20
https://job.nurscape.net/Jobs/Details/593554,병동간호사(DE-KEEP)>병동>재활의학과 병동간호사(N-KEEP)>병동>재활의학과,병동간호사(DE-KEEP),경력 경력무관 · 간호사면허소지,재활병원 경력자,"대학(2,3년)",경력 경력무관,정규직,"3700~4800만원 / 면접시 협의 (퇴직금별도,성과급별도)",주5일 09:00 ~ 18:00 / 3교대,0 명,서울 송파구 송이로 111 가락동 57번지,2026-09-09 07:09:20
https://job.nurscape.net/Jobs/Details/593585,외래간호사>인공신장실>내과,외래간호사,경력 경력무관 · 간호사면허소지,-,"대학(2,3년)",경력 경력무관,정규직,3400~5000만원 / 성과급 별도,주5일 06:30 ~ 14:00,1 명,경기 시흥시 능곡번영길 30 센텀시티상가 3층 김철수내과 김철수내과의원,2026-09-09 07:09:20
https://job.nurscape.net/Jobs/Details/593595,병동간호사(N-KEEP)>면역암병동>내과 병동간호사(DE-KEEP)>병동>내과 상담간호사>예약상담실>내과 병동간호사(D-KEEP)>병동>혈액종양내과,병동간호사(N-KEEP),"경력 1년 이상 · 간호사면허소지, 종합병원 병동경력 1년 이상 우대","암 한방병원 경력우대, EMR(닥터스 브레인) 프로그램 기사용자 우대","대학(2,3년)",경력 1년 이상,정규직,5000~10000만원 / 성과급 별도 / 경력에 따른 차등 지급(면접시협의),주5일,0 명,서울 송파구 위례성대로 22길 27 오쿨리한방병원,2026-09-09 07:09:21
https://job.nurscape.net/Jobs/Details/593672,병동간호사(DE-KEEP)>병동>정형외과 병동간호사(3교대)>병동>정형외과,병동간호사(DE-KEEP),"경력 1년 이상 · 간호사면허소지, 간호사","척추관절 경력자 우대, 즉시 출근 가능자 우대","대학(2,3년)",경력 1년 이상,정규직,3800~5000만원 / 성과급 별도 / 퇴직금 별도,주5일 21:00 ~ 08:00 / 3교대,0 명,서울 중랑구 동일로890 마디세상병원 마디세상병원,2026-09-09 07:09:21
https://job.nurscape.net/Jobs/Details/593685,특수직(수술실간호사)>수술실>이비인후과,특수직(수술실간호사),경력 경력무관 · 간호사면허소지,-,"대학(2,3년)",경력 경력무관,정규직,4000~6000만원 / 성과급 별도,주5일 09:00 ~ 18:30,0 명,서울 강남구 영동대로 626 지앤지병원빌딩,2026-09-09 07:09:21
https://job.nurscape.net/Jobs/Details/593738,"수간호사(병동/ICU), 팀장(ICU, ER), 전담간호사, 통합간호병동, 중환자실, 응급의료센터, 마취회복실, 외래간호팀, ER정보관리자, 내시경실(오전파트타임)>수간호사(병동/ICU), 팀장(ICU, ER), 전담간호사, 통합간호병동, 중환자실, 응급의료센터, 마취회복실, 외래간호팀, ER정보관리자, 내시경실(오전파트타임)>수간호사(병동/ICU), 팀장(ICU, ER), 전담간호사, 통합간호병동, 중환자실, 응급의료센터, 마취회복실, 외래간호팀, ER정보관리자, 내시경실(오전파트타임)","수간호사(병동/ICU), 팀장(ICU, ER), 전담간호사, 통합간호병동, 중환자실, 응급의료센터, 마취회복실, 외래간호팀, ER정보관리자, 내시경실(오전파트타임)","경력 경력무관 · 간호사면허소지, 경력간호사",-,대학교(4년),경력 경력무관,정규직,4895~7000만원 / 별도협의,상세 모집정보 확인 00:00 ~ 00:00 / 3교대,00 명,경기 남양주시 진접읍 봉현로 21 (중앙대의료원 교육협력 현대병원) 현대병원,2026-09-09 07:09:22
https://job.nurscape.net/Jobs/Details/593752,병동간호사(3교대)>병동>신경외과 특수직(수술실간호사)>수술실>신경외과,병동간호사(3교대),"경력 1년 이상 · 간호사면허소지, 척추관절병원 경력자 우대, 신경외과,정형외과",-,"대학(2,3년)",경력 1년 이상,정규직,3600~5500만원 / 병동 연차별 나이트수당별도,주6일(토요격주휴무) 09:00 ~ 18:00,0 명,서울 강남구 사당로 300 이수자이 3.4층 3층,2026-09-09 07:09:22
https://job.nurscape.net/Jobs/Details/593779,병동간호사(3교대)>병동>내과/정형외과 특수직(응급실간호사)>응급실>내과/정형외과/신경외과,병동간호사(3교대),"경력 경력무관 · 간호사면허소지, 응급실3교대/일반병동3교대(경력자/ 신규간호사 지원가능) 선생님 모집합니다",-,대학교(4년),경력 경력무관,정규직,4380~5000만원,주5일 07:30 ~ 15:30 / 3교대,0 명,경기 고양시 고양대로760 중산동,2026-09-09 07:09:22
https://job.nurscape.net/Jobs/Details/593799,병동간호사(3교대)>주사실>소아청소년과,병동간호사(3교대),경력 경력무관 · 간호사면허소지,-,"대학(2,3년)",경력 경력무관,정규직,"3800~4000만원 / 면접시 상,하로 협상 가능합니다.",주5일 07:00 ~ 15:00 / 3교대,0 명,"경기 광주시 광주대로31 GA타워 9,10층 9층 10층",2026-09-09 07:09:23
https://job.nurscape.net/Jobs/Details/593823,간호사>병동>신경외과,간호사,경력 1년 이상 · 간호사면허소지,"신경외과 정형외과 경력 간호사 우대,신입가능","대학(2,3년)",경력 1년 이상,정규직,4600~5500만원 / 성과급 별도,주6일(토요격주휴무) 08:00 ~ 17:00,00 명,서울 강남구 삼성로 646 청담해리슨 병원,2026-09-09 07:09:23
https://job.nurscape.net/Jobs/Details/593844,병동간호사(3교대)>병동>정형외과 특수직(수술실간호사)>수술실>정형외과,병동간호사(3교대),경력 1년 이상 · 간호사면허소지,"OS/NS 경력자, 외상 환자 간호 경력자","대학(2,3년)",경력 1년 이상,정규직,4660~5860만원 / 나이트수당 별도/퇴직금 별도,주5일 09:00 ~ 18:00 / 3교대,00 명,서울 송파구 백제고분로 252,2026-09-09 07:09:24
https://job.nurscape.net/Jobs/Details/594042,병동간호사(3교대)>병동>진료과무관,병동간호사(3교대),경력 경력무관 · 간호사면허소지,-,"대학(2,3년)",경력 경력무관,정규직,3800~4000만원 / 각종수당포함시,주5일 07:00 ~ 15:00 / 3교대,00 명,전북 김제시 서암4길 45 김제우석병원,2026-09-09 07:09:24
https://job.nurscape.net/Jobs/Details/594046,병동간호사(DE-KEEP)>병동>정형외과,병동간호사(DE-KEEP),경력 3년 이상 · 간호사면허소지,OS/NS 경력자 우대,"대학(2,3년)",경력 3년 이상,정규직,4000~5000만원,병동3교대 07:00 ~ 15:00 / 3교대,0 명,대전 동구 동서대로 1719 바로본병원 바로본병원,2026-09-09 07:09:24
https://job.nurscape.net/Jobs/Details/594115,병동간호사(3교대)>병동>정형외과 병동간호사(N-KEEP)>병동>정형외과,병동간호사(3교대),경력 1년 이상 · 간호사면허소지,"척추관절병원 경력자, 인근거주자","대학(2,3년)",경력 1년 이상,정규직,4200~5500만원,주5일 09:00 ~ 18:00 / 3교대,00 명,경기 성남시 수정구 수정로 183 서울백강병원,2026-09-09 07:09:25
https://job.nurscape.net/Jobs/Details/594145,병동간호사(DE-KEEP)>병동>재활의학과 병동간호사(3교대)>병동>재활의학과 병동간호사(N-KEEP)>병동>재활의학과,병동간호사(DE-KEEP),"경력 경력무관 · 간호사면허소지, 경력무관",브레인 전산 사용자 우대,대학교(4년),경력 경력무관,정규직,3600~4300만원 / 성과급 별도,주5일 07:30 ~ 15:30 / 3교대,0 명,경기 하남시 미사강변대로 42 2층~7층,2026-09-09 07:09:26
https://job.nurscape.net/Jobs/Details/594214,병동간호사(3교대)>부서무관>병동,병동간호사(3교대),"경력 2년 이상 · 간호사면허소지, 상세모집요강 참조",-,"대학(2,3년)",경력 2년 이상,정규직,4300~5200만원,주5일 07:00 ~ 15:00 / 3교대,00 명,서울 영등포구 당산로 31길 10 영등포병원,2026-09-09 07:09:26
https://job.nurscape.net/Jobs/Details/594279,병동간호사(3교대)>병동>정형외과,병동간호사(3교대),경력 경력무관 · 간호사면허소지,-,대학교(4년),경력 경력무관,정규직,3800~6000만원 / 성과급 별도 / 연차에 따라 차등적용,주5일 09:00 ~ 18:00,00 명,경기 성남시 분당구 야탑로75번길 5 바른세상병원,2026-09-09 07:09:27
https://job.nurscape.net/Jobs/Details/594326,병동간호사(3교대)>병동>진료과무관,병동간호사(3교대),경력 경력무관 · 간호사면허소지,-,대학교(4년),경력 경력무관,정규직,4000~5000만원 / 퇴직금 별도,주5일 00:00 ~ 00:00,0 명,경기 안산시 단원구 선부로 201 온누리 병원,2026-09-09 07:09:27
https://job.nurscape.net/Jobs/Details/594391,병동간호사(MD-KEEP)>병동>외과,병동간호사(MD-KEEP),경력 1년 이상 · 간호사면허소지,외과 경력자 우대합니다.,"대학(2,3년)",경력 1년 이상,정규직,3700~6000만원 / 성과급 별도,주5일 08:30 ~ 17:30 / 3교대,0 명,서울 강남구 학동로234 06126,2026-09-09 07:09:28
https://job.nurscape.net/Jobs/Details/594393,병동간호사(N-KEEP)>병동>이비인후과 관리직간호사>부서무관>이비인후과,병동간호사(N-KEEP),"경력 1년 이상 · 간호사면허소지, 병동 1년 이상 경력",해당 직무 근무 경력 우대,"대학(2,3년)",경력 1년 이상,정규직,3500~6000만원,주5일 09:00 ~ 18:00,0 명,"인천 부평구 경원대로 1242 (우암빌딩, 산곡동) 우암빌딩",2026-09-09 07:09:28
https://job.nurscape.net/Jobs/Details/594420,마취/회복간호사>수술실>정형외과 PA간호사>수술실>정형외과 병동간호사(3교대)>병동>정형외과,마취/회복간호사,"경력 1년 이상 · 간호사면허소지, 척추관절 병원 경력자 우대","척추, 관절 병원 경력자 우대","대학(2,3년)",경력 1년 이상,정규직,4200~6000만원,주5일 07:00 ~ 15:00 / 3교대,0 명,경기 안산시 단원구 적금로1길 11 클래스병원,2026-09-09 07:09:28
https://job.nurscape.net/Jobs/Details/594459,특수직(수술실간호사)>수술실>간호사 병동간호사(3교대)>병동>진료과무관,특수직(수술실간호사),경력 경력무관 · 간호사면허소지,경력자 우대,대학교(4년),경력 경력무관,정규직,3500~5000만원 / 성과급 별도 / 경력에 따라 차등지급,주5일 09:00 ~ 18:00,0 명,경기 시흥시 공단1대로 237 센트럴병원,2026-09-09 07:09:29
https://job.nurscape.net/Jobs/Details/594465,병동간호사(3교대)>병동>한방병원,병동간호사(3교대),"경력 1년 이상 · 간호사면허소지, 병동경력 1년이상 필수",-,"대학(2,3년)",경력 1년 이상,정규직,4000~4000만원,주5일 07:30 ~ 15:30 / 2교대,1 명,"경기 성남시 분당구 돌마로 67 분당나로한방병원 6f, 8f",2026-09-09 07:09:29
https://job.nurscape.net/Jobs/Details/594479,외래간호사>외래>진료과무관,외래간호사,경력 경력무관 · 간호사면허소지,"외국어능력 중국어가능자, 영어가능자 컴퓨터능력 문서작성우수, PPT활용우수, 엑셀활용우수","대학(2,3년)",경력 경력무관,정규직,4000~6000만원 / 이브닝 수당 별도 지급,주5일 07:00 ~ 15:00,00 명,서울 금천구 시흥대로 244 희명병원,2026-09-09 07:09:29
https://job.nurscape.net/Jobs/Details/594488,병동간호사(3교대)>병동>내과 QPS간호사>QPS실>QPS 특수직(투석간호사)>인공신장실>내과 외래간호사>암면역센터>진료과무관,병동간호사(3교대),"경력 경력무관 · 간호사면허소지, 병동2교대, 응급실, 투석실간호사,암면역간호사,가정간호사","컴퓨터능력 문서작성우수 기타 응급실경력자, 수술실경력자",대학교(4년),경력 경력무관,정규직,4500~6500만원 / 성과급 별도,"2,3교대 ,상근직 07:00 ~ 07:00 / 3교대",0 명,인천 강화군 강화읍 충렬사로 31 비에스종합병원,2026-09-09 07:09:30
https://job.nurscape.net/Jobs/Details/594496,병동간호사(3교대)>병동>신경외과,병동간호사(3교대),경력 경력무관 · 간호사면허소지,척추관절병원 근무 경력자 우대,"대학(2,3년)",경력 경력무관,정규직,4300~5000만원 / 면접시 협의,주5일 07:00 ~ 15:00 / 3교대,0 명,서울 강남구 학동로 121 새로운병원빌딩 새로운병원,2026-09-09 07:09:30
https://job.nurscape.net/Jobs/Details/594560,병동간호사(DE-KEEP)>병동>여성암,병동간호사(DE-KEEP),경력 1년 이상 · 간호사면허소지,암요양병원 경력자 우대,"대학(2,3년)",경력 1년 이상,"정규직, 계약직",4000~4200만원,주5일 07:00 ~ 22:30 / 2교대,00 명,경기 고양시 일산동구 고봉로 467-57 일산다나은한방병원 일산다나은한방병원,2026-09-09 07:09:30
https://job.nurscape.net/Jobs/Details/594603,상담간호사>상담>상담,상담간호사,경력 경력무관 · 간호사면허소지,"병동경력 1년 이상, 암한방병원 우대","대학(2,3년)",경력 경력무관,정규직,5000~8000만원 / 성과급 포,"주5일(월~토), 주40시간 근무 유지 09:00 ~ 18:00",0 명,서울 강남구 학동로117,2026-09-09 07:09:31
https://job.nurscape.net/Jobs/Details/594626,병동간호사(3교대)>병동>정형외과 특수직(수술실간호사)>수술실>정형외과,병동간호사(3교대),"경력 1년 이상 · 간호사면허소지, 병동경력 1년 이상",OS병동 경력 우대,"대학(2,3년)",경력 1년 이상,정규직,"4000~5000만원 / 성과급 별도 / 퇴직금, 연차 수당 별도",주5일 09:00 ~ 18:00 / 3교대,0 명,서울 강서구 등촌로 15 원탑병원,2026-09-09 07:09:31
https://job.nurscape.net/Jobs/Details/594628,병동간호사(3교대)>요양병원 병동>요양병원,병동간호사(3교대),경력 경력무관 · 간호사면허소지,요양병원 경력자 우대,대학교(4년),경력 경력무관,정규직,3600~3900만원 / 병동 수당 (매월 5만원~15만원),근무표 3교대 07:00 ~ 16:00 / 3교대,0 명,전남광주 화순군 화순읍 덕음로 999 전남제일요양병원,2026-09-09 07:09:31
https://job.nurscape.net/Jobs/Details/594674,신생아실 3교대>신생아실>산부인과 분만실 3교대>수술실>산부인과 외래간호사>외래>산부인과,신생아실 3교대,경력 경력무관 · 간호사면허소지,-,대학교(4년),경력 경력무관,정규직 및 계약직,4400~6000만원 / 성과급 별도 / 퇴직금 별도,3교대 07:00 ~ 15:00 / 3교대,0 명,인천 서해구 중봉대로 602,2026-09-09 07:09:32
https://job.nurscape.net/Jobs/Details/594743,병동간호사(3교대)>부서무관>진료과무관 특수직(중환자실간호사)>중환자실>진료과무관,병동간호사(3교대),경력 경력무관 · 간호사면허소지,관련 경력자 우대,대학교(4년),경력 경력무관,정규직,5000만원 이상 / N4개포함,3교대 07:00 ~ 15:00 / 3교대,00 명,경기 안산시 상록구 예술광장로 69 사랑의병원,2026-09-09 07:09:32
https://job.nurscape.net/Jobs/Details/594800,특수직(미지정)>인공신장실>내과,특수직(미지정),경력 경력무관 · 간호사면허소지,-,"대학(2,3년)",경력 경력무관,1년계약후 정규직환,3400~5000만원 / 급여협의가능,주5일 06:30 ~ 23:00 / 3교대,0 명,인천 남동구 남동대로 931 2층,2026-09-09 07:09:32
https://job.nurscape.net/Jobs/Details/594803,병동간호사(DE-KEEP)>병동>진료과무관 병동간호사(N-KEEP)>병동>진료과무관,병동간호사(DE-KEEP),경력 경력무관 · 간호사면허소지,"컴퓨터능력 문서작성우수, 엑셀활용우수 기타 닥터스 EMR 경력자","대학(2,3년)",경력 경력무관,정규직,3600~4000만원 / 경력과 역량에 따라 협의 가능합니다,주5일 07:30 ~ 15:30 / 3교대,0 명,인천 서해구 청라에메랄드로 79 2-4층,2026-09-09 07:09:33
https://job.nurscape.net/Jobs/Details/594848,외래간호사>외래>진료과무관 특수직(수술실간호사)>수술실>진료과무관 교육간호사>중환자실>진료과무관 특수직(응급실간호사)>응급실>진료과무관 특수직(중환자실간호사)>중환자실>진료과무관,외래간호사,"경력 경력무관 · 간호사면허소지, 각 부서의 관련 경력 1년 이상",해당 직무 경력자,"대학(2,3년)",경력 경력무관,정규직,3630만원 이상 / 회사 내규에 따름,각 부서별 상이 공고내용 확인 필수 07:30 ~ 16:30,0 명,경기 수원시 팔달구 경수대로 437 .,2026-09-09 07:09:34
https://job.nurscape.net/Jobs/Details/594870,외래간호사>주사실>비뇨의학과,외래간호사,경력 1년 이상 · 간호사면허소지,-,"대학(2,3년)",경력 1년 이상,정규직,3500~5000만원 / 성과급 별도 / 면접 후 결정,주5일,00 명,"서울 서초구 서운로12 2,3층",2026-09-09 07:09:34
https://job.nurscape.net/Jobs/Details/594906,감염병동>투석실>직접입력,감염병동,경력 1년 이상 · 간호사면허소지,-,"대학(2,3년)",경력 1년 이상,정규직,4000~4600만원,주5일 00:00 ~ 00:00,0 명,경기 안산시 상록구 광덕1로 361 안산조은요양병원,2026-09-09 07:09:35
https://job.nurscape.net/Jobs/Details/594980,특수직(수술실간호사)>수술실>정형외과,특수직(수술실간호사),경력 경력무관 · 간호사면허소지,"척추, 관절 전문병원 경험자, 수술실 근무 경험자","대학(2,3년)",경력 경력무관,정규직,0만원 / 경력에 따른 연봉산정,주5일 08:00 ~ 17:00,0 명,"서울 강남구 영동대로 726, 제일정형외과병원 본관 수술간호팀",2026-09-09 07:09:35
https://job.nurscape.net/Jobs/Details/595052,병동간호사(3교대)>부서무관>내과,병동간호사(3교대),"경력 1년 이상 · 간호사면허소지, 병동경력1년이상",중환자실 및 병동경력자 우대,"대학(2,3년)",경력 1년 이상,정규직,4000~5000만원 / 성과급 별도 / N 수당 포함,주5일 07:00 ~ 15:00,0 명,서울 동대문구 장한로 32길 7 엔플러스병원,2026-09-09 07:09:35
https://job.nurscape.net/Jobs/Details/594894,시술실 간호사>비수술치료팀>정형외과,시술실 간호사,경력 경력무관 · 간호사면허소지,"척추, 관절 전문병원 경험자, 즉시출근 가능자, 보훈대상자","대학(2,3년)",경력 경력무관,정규직,0만원 / 회사 내규에 따름,"월-금, 토요일 격주 휴무",0 명,서울 강남구 영동대로 726 제일정형외과병원 본관,2026-09-09 07:09:36
https://job.nurscape.net/Jobs/Details/595053,병동간호사(3교대)>병동>정형외과,병동간호사(3교대),"경력 1년 이상 · 간호사면허소지, 경력자 우대. 인근거주자 우대 .",관절 척추병원 경력자 우대,"대학(2,3년)",경력 1년 이상,정규직,4248만원 이상 / 회사내규에 따름,주6일 07:00 ~ 15:00,0 명,경기 안양시 동안구 관악대로 221 평촌우리병원,2026-09-09 07:09:36
https://job.nurscape.net/Jobs/Details/595076,병동간호사(3교대)>병동>재활의학과 병동간호사(N-KEEP)>병동>재활의학과,병동간호사(3교대),"경력 경력무관 · 간호사면허소지, 간호사면허증",-,"대학(2,3년)",경력 경력무관,정규직,3600~4100만원 / 나이트수당 10만원/ 퇴직금별도,주5일 07:00 ~ 15:00 / 3교대,00 명,"경기 수원시 팔달구 향교로 161 에이블타워 지하1층, 지상3층~8층",2026-09-09 07:09:37
https://job.nurscape.net/Jobs/Details/595054,병동간호사(D-KEEP)>병동>재활의학과,병동간호사(D-KEEP),경력 1년 이상 · 간호사면허소지,"컴퓨터능력 문서작성우수, 엑셀활용우수 기타 국가보훈대상자, 임상경력 1년이상","대학(2,3년)",경력 1년 이상,계약직,"3500~5000만원 / 성과급 별도 / 퇴직금,연장근무수당,인센티브 제외",주5일 09:30 ~ 18:30,0 명,서울 은평구 갈현로 11길 30 서울재활병원,2026-09-09 07:09:37
https://job.nurscape.net/Jobs/Details/595082,"수간호사/D,E교대근무간호사>병동>병동","수간호사/D,E교대근무간호사","경력 경력무관 · 간호사면허소지, 수간호사지원자-1년이상요양병원경력자",1)수간호사경력1년이상우대 2)집중치료실경력1년이상우대,"대학(2,3년)",경력 경력무관,정규직,3600~4100만원 / 회사내규에 따름,교대근무 08:00 ~ 17:00 / 3교대,0 명,경기 수원시 장안구 경수대로 1017 한빛현요양병원,2026-09-09 07:09:38
https://job.nurscape.net/Jobs/Details/595098,병동간호사(N-KEEP)>병동>진료과무관 병동간호사(DE-KEEP)>병동>진료과무관,병동간호사(N-KEEP),경력 경력무관 · 간호사면허소지,임상 경력자 우대,대학교(4년),경력 경력무관,정규직,3800~4500만원,주5일,0 명,경기 김포시 김포대로 681 히즈메디병원,2026-09-09 07:09:38
https://job.nurscape.net/Jobs/Details/595176,마취/회복간호사>마취/회복실>정형외과 외래간호사>외래>정형외과 PA간호사>수술실>정형외과,마취/회복간호사,경력 1년 이상 · 간호사면허소지,관절수술병원 경력자 우대,"대학(2,3년)",경력 1년 이상,정규직,3500~6000만원 / 성과급 별도 / 면접 시 협의,주5일 09:00 ~ 18:00 / 3교대,0 명,"서울 강남구 압구정로30길45(2,3,4층) 2,3,4층",2026-09-09 07:09:39
https://job.nurscape.net/Jobs/Details/595208,외래간호사>외래>정형외과 마취/회복간호사>수술실>마취통증의학과,외래간호사,"경력 1년 이상 · 간호사면허소지, 경력자 우대합니다.","관절, 척추병원 간호사 경력자 우대합니다.","대학(2,3년)",경력 1년 이상,정규직,"3300~5000만원 / 신규3500이상(N수당,퇴직금별도)",주5일 09:00 ~ 18:00,0 명,서울 성동구 동일로 133 연세바로척병원 연세바로척병원,2026-09-09 07:09:39
https://job.nurscape.net/Jobs/Details/595210,병동간호사(DE-KEEP)>병동>진료과무관,병동간호사(DE-KEEP),경력 경력무관 · 간호사면허소지,-,"대학(2,3년)",경력 경력무관,정규직,3700~3900만원 / 성과급 별도 / 면접시 상의.,주5일 07:00 ~ 15:00 / 2교대,0 명,인천 미추홀구 아암대로253번길 36 인천 미추홀구 아암대로253번길 36 송도하나요양병원,2026-09-09 07:09:39
https://job.nurscape.net/Jobs/Details/595221,병동간호사(D-KEEP)>병동>재활의학과 병동간호사(D-KEEP)>병동>재활의학과,병동간호사(D-KEEP),경력 1년 이상 · 간호사면허소지,"근거리,신규웨이팅,유휴 간호사도 지원","대학(2,3년)",경력 1년 이상,정규직,3400~4000만원 / 성과급 별도 / 면접시 협의,주4일 08:00 ~ 20:00 / 2교대,0 명,서울 광진구 자양로 215 제니스병원,2026-09-09 07:09:40
https://job.nurscape.net/Jobs/Details/595226,병동간호사(3교대)>병동>정형외과 병동간호사(3교대)>응급실>정형외과 외래간호사>외래>정형외과 보건관리자>간호행정실>정형외과,병동간호사(3교대),"경력 2년 이상 · 간호사면허소지, 임상 경력 1년 이상",정형외과 근무 경력자 / 인근 거주자 우대,대학교(4년),경력 2년 이상,정규직,3300~5500만원,탄력적 근무 09:00 ~ 18:00 / 2교대,0 명,경기 화성시 동탄지성로113 동탄시티병원,2026-09-09 07:09:40
https://job.nurscape.net/Jobs/Details/595249,병동간호사(3교대)>병동>정형외과 관리직간호사>외래>정형외과 관리직간호사>병동>정형외과,병동간호사(3교대),경력 1년 이상 · 간호사면허소지,"NS/OS 병원 근무경력, 인근 거주자","대학(2,3년)",경력 1년 이상,정규직,4000~5200만원 / 퇴직금 별도,주5일 09:00 ~ 18:00,0 명,"인천 서해구 염곡로 464번길 24, 골든클래스 8층 ~ 11층 바로서구병원",2026-09-09 07:09:40
https://job.nurscape.net/Jobs/Details/595153,병동간호사(3교대)>병동>내과 특수직(투석간호사)>인공신장실>내과 병동간호사(N-KEEP)>병동>내과,병동간호사(3교대),경력 1년 이상 · 간호사면허소지,"신장실 경력 간호사 , 해당 분야 경력자","대학(2,3년)",경력 1년 이상,정규직,3400~5000만원,"모집 분야별 상이 (병동 3교대, 투석실 2교대) 07:00 ~ 15:00 / 3교대",00 명,경기 시흥시 장곡로37번길 20 시흥이안병원,2026-09-09 07:09:41
https://job.nurscape.net/Jobs/Details/595254,병동간호사(DE-KEEP)>병동>정형외과,병동간호사(DE-KEEP),"경력 경력무관 · 간호사면허소지, 척추관절 통합 병동 3년 이상 경력자(병동) 우대","즉시 출근 가능, & 경력자 우대","대학(2,3년)",경력 경력무관,정규직,3500~5500만원 / 성과급 별도,교대근무 07:00 ~ 15:00,0 명,경기 수원시 장안구 수성로 330 성모척관병원,2026-09-09 07:09:41
https://job.nurscape.net/Jobs/Details/595290,특수직(수술실간호사)>수술실>정형외과,특수직(수술실간호사),"경력 2년 이상 · 간호사면허소지, 상세모집요강 참조",경력15년이상,"대학(2,3년)",경력 2년 이상,정규직,3800~4000만원,주6일(토요격주휴무) 08:30 ~ 17:30,0 명,경기 성남시 분당구 분당로43 나우빌딩 나우빌딩,2026-09-09 07:09:41
https://job.nurscape.net/Jobs/Details/595266,"특수직(수술실간호사)>수술실>내과, 외과 특수직(중환자실간호사)>중환자실>내과, 외과",특수직(수술실간호사),경력 2년 이상 · 간호사면허소지,-,"대학(2,3년)",경력 2년 이상,정규직,3870~4500만원,주5일 08:30 ~ 17:30,0 명,서울 은평구 서울 은평구 통일로 873 청구성심병원 간호본부,2026-09-09 07:09:42
https://job.nurscape.net/Jobs/Details/595293,병동간호사(3교대)>병동>정형외과 외래간호사>외래>정형외과,병동간호사(3교대),경력 2년 이상 · 간호사면허소지,-,"대학(2,3년)",경력 2년 이상,정규직,3200~5200만원 / 퇴직금 별도,주5일 07:00 ~ 15:00,0 명,인천 남동구 정각로 2 연세와병원,2026-09-09 07:09:42
https://job.nurscape.net/Jobs/Details/595298,병동간호사(3교대)>병동>내과,병동간호사(3교대),경력 경력무관 · 간호사면허소지,IV능숙자 우대,"대학(2,3년)",경력 경력무관,정규직,4500~4800만원 / 나이트수당 포함,주40시간 07:00 ~ 15:00 / 3교대,0 명,인천 미추홀구 인주대로 442 치유한방병원 치유한방병원,2026-09-09 07:09:42
https://job.nurscape.net/Jobs/Details/595302,병동간호사(3교대)>병동>재활의학과,병동간호사(3교대),경력 경력무관 · 간호사면허소지,-,"대학(2,3년)",경력 경력무관,정규직,4000~5000만원,3교대근무 09:00 ~ 18:00 / 3교대,1 명,경기 의정부시 금오동 로체스터병원,2026-09-09 07:09:43
https://job.nurscape.net/Jobs/Details/595307,병동간호사(3교대)>병동>진료과무관,병동간호사(3교대),"경력 경력무관 · 간호사면허소지, 임상경력자","외국어능력 영어가능자 컴퓨터능력 문서작성우수, PPT활용우수","대학(2,3년)",경력 경력무관,계약직,4000~5000만원 / 퇴직금별도,주5일 09:00 ~ 18:00 / 3교대,1 명,서울 성북구 북악산로1길71 지하1층 간호부,2026-09-09 07:09:43
https://job.nurscape.net/Jobs/Details/595317,병동간호사(N-KEEP)>병동>신경과,병동간호사(N-KEEP),경력 경력무관 · 간호사면허소지,투석실 간호사경력직우대,"대학(2,3년)",경력 경력무관,정규직,4000~5000만원,주5일 07:00 ~ 15:00 / 3교대,0 명,서울 구로구 고척로21나길 88-41 미소들병원,2026-09-09 07:09:44
https://job.nurscape.net/Jobs/Details/595319,관리직간호사>간호부>재활의학과,관리직간호사,경력 20년이상 · 간호사면허소지,-,"대학(2,3년)",경력 20년이상,정규직,5500~6500만원 / 경력 협의,주5일 08:30 ~ 17:50,1 명,서울 영등포구 대림로223 명지춘혜재활병원,2026-09-09 07:09:44
https://job.nurscape.net/Jobs/Details/595329,외래간호사>외래>내과,외래간호사,경력 1년 이상 · 간호사면허소지,"암 병/의원 경력자 우대, IV 숙련자, 닥터스(브레인) 전산 사용자","대학(2,3년)",경력 1년 이상,정규직,4000~4400만원 / 면접시 협의,주5일 09:00 ~ 18:00,0 명,서울 강동구 양재대로81길64 (코스카빌딩) 3층 3층,2026-09-09 07:09:44
https://job.nurscape.net/Jobs/Details/595360,병동간호사(DE-KEEP)>병동>양한방협진,병동간호사(DE-KEEP),경력 1년 이상 · 간호사면허소지,-,"대학(2,3년)",경력 1년 이상,정규직,"4000~4900만원 / (월세지원대상인 경우 약 4,400~5,300만원",주5일 07:00 ~ 15:00 / 2교대,0 명,서울 송파구 오금로 129 포레메디한방병원,2026-09-09 07:09:45
https://job.nurscape.net/Jobs/Details/595370,전문간호사(노인),전문간호사(노인),경력 1년 이상 · 간호사면허소지,-,대학교(4년),경력 1년 이상,정규직,3400~3600만원 / 경력에따라 연봉추가 지급,주5일 09:00 ~ 18:00,2 명,경기 수원시 권선구 세권로145,2026-09-09 07:09:45
https://job.nurscape.net/Jobs/Details/595381,병동간호사(N-KEEP)>병동>내과 병동간호사(D-KEEP)>병동>내과,병동간호사(N-KEEP),경력 경력무관 · 간호사면허소지,-,"대학(2,3년)",경력 경력무관,정규직,4000~5000만원 / 매월 연차수당 20(데이) 30(나이트)만원 지급,월 15일 근무 07:00 ~ 19:00 / 2교대,0 명,경기 김포시 흥신로320-10 아너스힐병원김포 아너스힐병원 김포,2026-09-09 07:09:45
https://job.nurscape.net/Jobs/Details/595403,병동간호사(DE-KEEP)>병동>가정의학과,병동간호사(DE-KEEP),경력 경력무관 · 간호사면허소지,"인근거주자 , 장기근속자","대학(2,3년)",경력 경력무관,정규직,3500~4000만원 / 성과급 별도,주5일 07:00 ~ 15:00,0 명,인천 미추홀구 미추홀대로699 인일요양병원,2026-09-09 07:09:46
https://job.nurscape.net/Jobs/Details/595433,병동간호사(3교대)>병동>정신건강의학과,병동간호사(3교대),"경력 경력무관 · 간호사면허소지, 정신보건전문요원, 정신과 병동경력자 우대","병동경력자우대,OCS가능자","대학(2,3년)",경력 경력무관,3개월후정규전환가능,3600~4300만원 / 퇴직금별도,주5일 08:00 ~ 16:00 / 3교대,0 명,"경기 안산시 단원구 원포공원1로 19, 성은병원 4층 5층 성은병원",2026-09-09 07:09:46
https://job.nurscape.net/Jobs/Details/595434,특수직(중환자실간호사)>중환자실>내과 특수직(응급실간호사)>응급실>응급의학과 병동간호사(3교대)>병동>내과,특수직(중환자실간호사),경력 경력무관 · 간호사면허소지,"장기근속자, 인근거주자. 경력자우대","대학(2,3년)",경력 경력무관,정규직,4300~6000만원 / 성과급 별도,주5일 07:00 ~ 15:00 / 3교대,0 명,경기 부천시 중동로 361 .,2026-09-09 07:09:46
https://job.nurscape.net/Jobs/Details/595451,특수직(수술실간호사)>수술실>정형외과 병동간호사(3교대)>병동>정형외과,특수직(수술실간호사),"경력 경력무관 · 간호사면허소지, 간호사면허증","유관경력자 우대,","대학(2,3년)",경력 경력무관,정규직,4300~5300만원 / 연차에 따른 차등 적용,월 15일 근무(수술실) 09:00 ~ 21:00 / 2교대,0 명,경기 시흥시 서울대학로264번길26-32 4층,2026-09-09 07:09:47
https://job.nurscape.net/Jobs/Details/595467,검진센터간호사,검진센터간호사,경력 2년 이상 · 간호사면허소지,IV 가능자,"대학(2,3년)",경력 2년 이상,계약직,0만원 / 성과급 별도 / 면접시협의,주6일 07:30 ~ 13:00,0 명,서울 성동구 왕십리로 241 GF층,2026-09-09 07:09:47
https://job.nurscape.net/Jobs/Details/595493,"병동간호사(3교대)>병동>신경과, 재활의학과 등",병동간호사(3교대),경력 2년 이상 · 간호사면허소지,-,"대학(2,3년)",경력 2년 이상,정규직,4510~5120만원 / 최저4510만원,주5일 00:00 ~ 00:00,00 명,경기 성남시 분당구 대왕판교로 155-7 보바스기념병원 간호부,2026-09-09 07:09:48
https://job.nurscape.net/Jobs/Details/595494,병동간호사(DE-KEEP)>병동>신경외과,병동간호사(DE-KEEP),경력 경력무관 · 간호사면허소지,-,대학교(4년),경력 경력무관,정규직,3600~5000만원 / 성과급 별도 / (퇴직금 별도),주5일 07:00 ~ 22:00 / 2교대,00 명,"대전 서구 계룡로 618(괴정동, 허리사랑병원) 2층",2026-09-09 07:09:48
https://job.nurscape.net/Jobs/Details/595496,병동간호사(DE-KEEP)>병동>재활의학과,병동간호사(DE-KEEP),경력 경력무관 · 간호사면허소지,"근거리거주자 우대, 재활병원 경력자 우대, EMR닥터스 사용경험자 우대","대학(2,3년)",경력 경력무관,정규직,3600~5000만원 / 성과급 별도,주5일 07:00 ~ 15:00 / 2교대,0 명,서울 관악구 은천로51 .,2026-09-09 07:09:49
https://job.nurscape.net/Jobs/Details/595497,병동간호사(DE-KEEP)>부서무관>한방내과,병동간호사(DE-KEEP),"경력 경력무관 · 간호사면허소지, IV,IM 가능자,,브레인 사용가능자","즉시 출근가능자 우대, 한방병원 경력자 우대, 인근거주자 우대,","대학(2,3년)",경력 경력무관,계약직,3400~3600만원 / 3300-3700/ 경력별 상이,주5일 07:00 ~ 16:00 / 2교대,1 명,경기 화성시 동탄신리천로 411 4층 병동,2026-09-09 07:09:49
https://job.nurscape.net/Jobs/Details/595501,병동간호사(DE-KEEP)>병동>재활의학과,병동간호사(DE-KEEP),경력 경력무관 · 간호사면허소지,요양병원 경력자 우대합니다~,"대학(2,3년)",경력 경력무관,정규직,3500~4000만원 / 면접 시 협의 가능,주5일 07:00 ~ 15:00 / 2교대,0 명,서울 구로구 고척동 176-3 본소클리닉스 건물,2026-09-09 07:09:49
https://job.nurscape.net/Jobs/Details/595504,병동간호사(3교대)>병동>재활의학과,병동간호사(3교대),경력 경력무관 · 간호사면허소지,병원 경력자,"대학(2,3년)",경력 경력무관,정규직,4000~5000만원 / 성과급 별도,주5일 07:00 ~ 15:00,0 명,서울 강남구 봉은사로 535 트리니티재활의료빌딩,2026-09-09 07:09:50
https://job.nurscape.net/Jobs/Details/595518,특수직(수술실간호사)>수술실>정형외과,특수직(수술실간호사),경력 경력무관 · 간호사면허소지,수술실 경력자 / 정형외과 수술 경력자 / scrub 수술 assist 경험자,"대학(2,3년)",경력 경력무관,정규직,3800~4000만원 / 성과급 별도 / 경력별 협의 + 성과 인센티브 별도 + 사내근로복지기금,주5일 08:00 ~ 17:00,2 명,충북 청주시 오송생명11로 46,2026-09-09 07:09:50
https://job.nurscape.net/Jobs/Details/595524,PA간호사>수술실>정형외과 특수직(수술실간호사)>수술실>정형외과,PA간호사,"경력 1년 이상 · 간호사면허소지, 정형외과/신경외과 수술실 경험자",관절/척추 병원 수술실,"대학(2,3년)",경력 1년 이상,정규직,3600~6000만원 / 면접시 협의,주5일 (격주 토요일근무 09:00 _ 13:00) 08:30 ~ 17:30,0 명,"경기 파주시 청암로 17번길 31, 인본병원 3~8층",2026-09-09 07:09:50
https://job.nurscape.net/Jobs/Details/595532,병동간호사(3교대)>병동>내과 특수직(수술실간호사)>수술실>정형외과,병동간호사(3교대),경력 경력무관 · 간호사면허소지,급성기병원 경력자,"대학(2,3년)",경력 경력무관,정규직,4300~5000만원 / 성과급 별도 / 명절수당 별도/퇴직금 별도/나이트포함,주5일 09:00 ~ 18:00,0 명,경기 파주시 문산읍 문향로39번길 53 문산중앙병원,2026-09-09 07:09:51
https://job.nurscape.net/Jobs/Details/595536,병동간호사(DE-KEEP)>병동>정신건강의학과,병동간호사(DE-KEEP),경력 경력무관 · 간호사면허소지,경력자 우대,"대학(2,3년)",경력 경력무관,정규직,3200~4200만원,주5일 07:00 ~ 15:00 / 2교대,0 명,"경기 고양시 일산동구 중앙로 1200 삼희골드프라자 5~7/9층 9층,5층~7층",2026-09-09 07:09:51
https://job.nurscape.net/Jobs/Details/595537,병동간호사(DE-KEEP) 병동간호사(N-KEEP),병동간호사(DE-KEEP) 병동간호사(N-KEEP),경력 1년 이상 · 간호사면허소지,병동 근무 경력 간호사,"대학(2,3년)",경력 1년 이상,정규직,"3800~4000만원 / 성과급 별도 / 직무별로 금액 상이하며,협의 가능.연봉 외 성과급 지급,명절 당일 근무 추가 수당 지급",주5일 07:00 ~ 15:00 / 3교대,00 명,인천 연수구 먼우금로 222번길13 우경 프라자 다나음 양 한방병원,2026-09-09 07:09:51
https://job.nurscape.net/Jobs/Details/595540,병동간호사(DE-KEEP)>병동>내과,병동간호사(DE-KEEP),경력 경력무관 · 간호사면허소지,-,"대학(2,3년)",경력 경력무관,정규직,3400~3950만원,주5일 07:00 ~ 15:00 / 3교대,0 명,서울 종로구 종로 386 6층~9층,2026-09-09 07:09:52
https://job.nurscape.net/Jobs/Details/595551,상담간호사,상담간호사,경력 1년 이상 · 간호사면허소지,-,"대학(2,3년)",경력 1년 이상,계약직,3800~4000만원,주5일 09:00 ~ 18:00,0 명,서울 송파구 강동대로13 패밀리타운B동,2026-09-09 07:09:52
https://job.nurscape.net/Jobs/Details/595559,특수직(응급실간호사)>응급실>응급실 특수직(수술실간호사)>수술실>수술실 특수직(중환자실간호사)>중환자실>중환자실 병동간호사(3교대)>병동>병동,특수직(응급실간호사),경력 경력무관 · 간호사면허소지,-,"대학(2,3년)",경력 경력무관,정규직,"0만원 / 퇴직금 별도, OT수당 제외",3교대 00:00 ~ 00:00 / 3교대,0 명,경기 광주시 광주대로45 참조은병원,2026-09-09 07:09:52
https://job.nurscape.net/Jobs/Details/595563,병동간호사(3교대)>병동>진료과무관,병동간호사(3교대),경력 1년 이상 · 간호사면허소지,보훈대상자 우대,"대학(2,3년)",경력 1년 이상,정규직,0만원 / 면접후결정,3교대 근무 08:30 ~ 17:30,0 명,서울 구로구 경인로 427 구로성심병원,2026-09-09 07:09:53
https://job.nurscape.net/Jobs/Details/595568,병동간호사(DE-KEEP)>간호과(RN)>간호과(RN),병동간호사(DE-KEEP),경력 경력무관 · 간호사면허소지,-,"대학(2,3년)",경력 경력무관,정규직,3300~3600만원,근무표에 따라 근무,0 명,"인천 남동구 서창방산로 55, 4층",2026-09-09 07:09:53
https://job.nurscape.net/Jobs/Details/595588,병동간호사(3교대)>병동>진료과무관,병동간호사(3교대),경력 1년 이상 · 간호사면허소지,-,"대학(2,3년)",경력 1년 이상,정규직,4600~6000만원 / 경력에 따라 차등 지급,주5일 08:30 ~ 17:30,0 명,경기 성남시 수정구 수정로 76 성남정병원,2026-09-09 07:09:53
https://job.nurscape.net/Jobs/Details/595592,특수직(미지정)>분만실>산부인과,특수직(미지정),경력 2년 이상 · 간호사면허소지,-,"대학(2,3년)",경력 2년 이상,정규직,3500~5000만원 / 성과급 별도 / 급여목록(기본급+고정연장근로수당+고정야간근로수당)+Nigh(근무시)수당+연장근로(근무시)수당,주5일 08:00 ~ 08:00 / 3교대,0 명,서울 강남구 언주로871,2026-09-09 07:09:54
https://job.nurscape.net/Jobs/Details/595625,병동간호사(3교대)>병동>소아청소년과,병동간호사(3교대),경력 1년 이상 · 간호사면허소지,-,"대학(2,3년)",경력 1년 이상,정규직,4000~5000만원 / 4500만 ~ 5000만원,주5일 07:00 ~ 15:00,2 명,대전 유성구 계룡로150 5-7층,2026-09-09 07:09:54
https://job.nurscape.net/Jobs/Details/595653,특수직(수술실간호사)>수술실>정형외과,특수직(수술실간호사),경력 경력무관 · 간호사면허소지,"척추, 관절 전문병원 경험자, 수술실 근무 경험자","대학(2,3년)",경력 경력무관,정규직,0만원 / 경력에 따른 연봉산정,주5일 08:00 ~ 17:00,0 명,"서울 강남구 영동대로 726, 제일정형외과병원 본관 수술간호팀",2026-09-09 07:09:55
https://job.nurscape.net/Jobs/Details/595654,QPS간호사>QPS실>정형외과,QPS간호사,경력 경력무관 · 간호사면허소지,"QPS 간호사 경력 3년 이상, 병원인증평가 업무 수행 경험자, 척추, 관절병원 근무 경험자, 보훈대상자","대학(2,3년)",경력 경력무관,정규직,5000~6500만원 / 경력에 따른 차등 적용,주5일 08:30 ~ 17:30,0 명,서울 강남구 영동대로 726 제일정형외과병원 본관,2026-09-09 07:09:55
https://job.nurscape.net/Jobs/Details/595658,주간>수술실>성형외과,주간,"경력 경력무관 · 간호사면허소지, 간호사",수술방 경력자 우대,"대학(2,3년)",경력 경력무관,정규직,3500~6000만원,주5일 09:30 ~ 19:00,0 명,서울 강남구 도산대로142 아이디병원 아이디병원,2026-09-09 07:09:55
https://job.nurscape.net/Jobs/Details/595681,특수직(수술실간호사)>수술실>안과,특수직(수술실간호사),경력 경력무관 · 간호사면허소지,수술실 경력자 우대,"대학(2,3년)",경력 경력무관,정규직,0만원,주6일(토요격주휴무) 09:00 ~ 18:00,2 명,"서울 강남구 언주로 859 쉬즈애비뉴 빌딩 1,2층 압구정성모안과 압구정성모안과 2층",2026-09-09 07:09:56
https://job.nurscape.net/Jobs/Details/595722,병동간호사(3교대)>병동>진료과무관,병동간호사(3교대),경력 1년 이상 · 간호사면허소지,경력자 우대합니다,대학교(4년),경력 1년 이상,정규직,4000~5000만원 / 성과급 별도 / 퇴직금 별도,주5일 07:00 ~ 15:00 / 3교대,0 명,인천 서해구 신석로70,2026-09-09 07:09:57
https://job.nurscape.net/Jobs/Details/595741,간호사>병동>병동,간호사,"경력 신입 · 간호사면허소지, 면허 취득 예정자 가능",-,"대학(2,3년)",경력 신입,정규직,0만원,3교대 / 3교대,00 명,인천 미추홀구 경인로 372 아인병원 .,2026-09-09 07:09:57
https://job.nurscape.net/Jobs/Details/595754,"응급실, 내시경>응급실, 내시경>진료과무관","응급실, 내시경","경력 1년 이상 · 간호사면허소지, 관련 업무 경력자",관련 자격증 소지자,대학교(4년),경력 1년 이상,채용 공고문 참고,0만원 / 회사 내규에 따름,채용공고문 참고,00 명,서울 관악구 남부순환로 1636 에이치플러스 양지병원 -,2026-09-09 07:09:57
https://job.nurscape.net/Jobs/Details/595767,특수직(수술실간호사)>수술실>성형외과,특수직(수술실간호사),경력 1년 이상 · 간호사면허소지,"외국어능력 중국어가능자, 영어가능자, 일어가능자","대학(2,3년)",경력 1년 이상,정규직,4000~6500만원 / 성과급 별도 / 경력자의 경우 그에맞게 우대합니다.,주5일 09:30 ~ 19:00,1 명,"서울 강남구 강남대로 406 5층, 501-1호 옐로우성형외과",2026-09-09 07:09:58
https://job.nurscape.net/Jobs/Details/595796,외래간호사>외래>산부인과,외래간호사,경력 1년 이상 · 간호사면허소지,산부인과 경험자 우대,"대학(2,3년)",경력 1년 이상,정규직,4000~4500만원 / 성과급 별도 / 협의후 결정,주 4.5일 근무 08:00 ~ 17:00,1 명,경기 하남시 신평로 45 (SN타워) 7층 7층,2026-09-09 07:09:58
https://job.nurscape.net/Jobs/Details/595800,외래간호사>외래>외과,외래간호사,경력 1년 이상 · 간호사면허소지,-,"대학(2,3년)",경력 1년 이상,수습2개월 후 전환,4000~5000만원,주5일 09:00 ~ 18:00,00 명,인천 부평구 부평문화로 55 11층,2026-09-09 07:09:58
https://job.nurscape.net/Jobs/Details/595838,병동간호사(3교대)>병동>재활의학과 특수직(수술실간호사)>수술실>수숳실,병동간호사(3교대),경력 경력무관 · 간호사면허소지,-,"대학(2,3년)",경력 경력무관,정규직,3776~4500만원 / 성과급 별도,주40시간제 08:30 ~ 16:30,0 명,서울 서초구 반포동 736-9 고도일병원 (강남대로 505) 505,2026-09-09 07:09:59
https://job.nurscape.net/Jobs/Details/595839,병동간호사(3교대)>병동>산부인과 외래간호사>외래>산부인과 특수직(수술실간호사)>분만실>산부인과,병동간호사(3교대),경력 경력무관 · 간호사면허소지,-,"대학(2,3년)",경력 경력무관,정규직,4000~6000만원,주5일 07:00 ~ 15:00 / 3교대,0 명,경기 수원시 권선구 권선동 동수원로 220번지 6층,2026-09-09 07:09:59
https://job.nurscape.net/Jobs/Details/595844,외래간호사>내시경실>내과,외래간호사,경력 1년 이상 · 간호사면허소지,내시경실,"대학(2,3년)",경력 1년 이상,정규직,4000~5000만원 / 면접시조율,주6일 08:30 ~ 18:00,0 명,"인천 서해구 검암 고산프라자 301,302,303호",2026-09-09 07:09:59
https://job.nurscape.net/Jobs/Details/595853,특수직(수술실간호사)>수술실>정형외과,특수직(수술실간호사),경력 1년 이상 · 간호사면허소지,-,"대학(2,3년)",경력 1년 이상,정규직,4000~6000만원,주5일 09:00 ~ 18:00,0 명,경기 성남시 중원구 광명로 330 바른마디병원 바른마디병원,2026-09-09 07:10:00
https://job.nurscape.net/Jobs/Details/595860,특수직(수술실간호사)>수술실>정형외과,특수직(수술실간호사),경력 2년 이상 · 간호사면허소지,내시경 수술 경험자,"대학(2,3년)",경력 2년 이상,정규직,5000~6000만원 / 성과급 별도,주5일 09:00 ~ 19:00,1 명,서울 중구 청계천로 NIA빌딩2층,2026-09-09 07:10:01
https://job.nurscape.net/Jobs/Details/595864,병동간호사(3교대)>병동>정형외과/신경외과 외래간호사>외래>정형외과/신경외과 특수직(수술실간호사)>수술실>정형외과/신경외과,병동간호사(3교대),"경력 경력무관 · 간호사면허소지, 척추관절 병동 / 스크럽/ 마취과 / 외래팀장",NS/OS 병동,대학교(4년),경력 경력무관,3M 계약직후 전환,4000~6000만원 / 성과급 별도 / 면접시 협의,스케쥴표로 근무 07:00 ~ 15:00 / 3교대,00 명,"서울 은평구 불광로 29 은평스타빌딩 B1,3F~11F",2026-09-09 07:10:03
https://job.nurscape.net/Jobs/Details/595863,병동간호사(N-KEEP),병동간호사(N-KEEP),경력 경력무관 · 간호사면허소지,-,"대학(2,3년)",경력 경력무관,정규직,3200~3600만원,월 16회 나이트 전담 21:00 ~ 08:00,1 명,"경기 화성시 동탄솔빛로 57 2~4층 동탄더하다한방병원 2층, 3층, 4층",2026-09-09 07:10:05
https://job.nurscape.net/Jobs/Details/595865,병동간호사(N-KEEP)>병동>외과,병동간호사(N-KEEP),"경력 경력무관 · 간호사면허소지, 가능한 병동경력이 있으면 좋겠습니다",암병원 경험이 있으신 분 우대해드립니다.,"대학(2,3년)",경력 경력무관,계약직,"4000~4200만원 / 경력, 역량에 따라 협의 가능",주5일 21:00 ~ 08:00 / 2교대,1 명,서울 마포구 신촌로 240 위비앙병원,2026-09-09 07:10:06
https://job.nurscape.net/Jobs/Details/595873,병동간호사(N-KEEP)>병동>진료과무관,병동간호사(N-KEEP),경력 경력무관 · 간호사면허소지,"근무조건 차량소지자, 지방근무가능 기타 빠른 출근 가능자","대학(2,3년)",경력 경력무관,정규직,3400~3600만원,주5일 21:00 ~ 08:00,0 명,경기 양평군 신론로 406-17 홍영노인전문병원,2026-09-09 07:10:08
https://job.nurscape.net/Jobs/Details/595867,병동간호사(DE-KEEP)>병동>진료과무관,병동간호사(DE-KEEP),경력 1년 이상 · 간호사면허소지,"한방병원,암요양병원 근무자우대","대학(2,3년)",경력 1년 이상,계약직후 정규직,3800~4500만원 / 성과급 별도 / 회사내규에따름_면접후결정,주5일 07:00 ~ 15:00 / 2교대,0 명,서울 서대문구 연세로 12 8-14층,2026-09-09 07:10:09
https://job.nurscape.net/Jobs/Details/595887,검진센터간호사>검진센터>건강진단센터,검진센터간호사,"경력 2년 이상 · 간호사면허소지, 건강검진센터 경력 2년 이상",-,"대학(2,3년)",경력 2년 이상,정규직,3500~4200만원,주6일 08:30 ~ 17:30,1 명,서울 은평구 응암로 164,2026-09-09 07:10:10
https://job.nurscape.net/Jobs/Details/595907,병동간호사(3교대)>병동>소아청소년과,병동간호사(3교대),경력 경력무관 · 간호사면허소지,소아과 경력자우대,"대학(2,3년)",경력 경력무관,정규직,4500~5000만원 / 나이트3일 포함(추가시 수당지급),3교대 / 3교대,0 명,"서울 구로구 새말로 15, 2층~10층, 11층 일부 우리아이들병원",2026-09-09 07:10:11
https://job.nurscape.net/Jobs/Details/595918,"병동간호사(DE-KEEP)>병동>내과, 정형외과",병동간호사(DE-KEEP),경력 경력무관 · 간호사면허소지,-,"대학(2,3년)",경력 경력무관,정규직,3800~4500만원,주5일 07:00 ~ 15:00 / 2교대,00 명,"경기 파주시 와석순환로 507, 월드타워 4~5층 파주365한방병원",2026-09-09 07:10:11
https://job.nurscape.net/Jobs/Details/595904,병동간호사(3교대)>병동>정형외과,병동간호사(3교대),경력 경력무관 · 간호사면허소지,외국어능력 영어가능자,"대학(2,3년)",경력 경력무관,정규직,3400~5000만원 / 퇴직금 별도,주5일 08:30 ~ 17:30,0 명,서울 강남구 도곡로122 전층,2026-09-09 07:10:12
https://job.nurscape.net/Jobs/Details/595889,특수직(미지정)>병동>성형외과,특수직(미지정),"경력 경력무관 · 간호사면허소지, RN/AN",-,"대학(2,3년)",경력 경력무관,정규직,3400~6000만원,주5일 09:00 ~ 18:00 / 3교대,1 명,서울 강남구 압구정로 406 (청담동) 나나성형외과,2026-09-09 07:10:12
https://job.nurscape.net/Jobs/Details/595971,병동간호사(3교대)>병동>병동,병동간호사(3교대),경력 경력무관 · 간호사면허소지,강남구 거주자. 장기근속 가능자,"대학(2,3년)",경력 경력무관,정규직,4000~4500만원,주5일 07:00 ~ 15:00 / 3교대,0 명,서울 강남구 강남구 헌릉로 590길 60,2026-09-09 07:10:13
https://job.nurscape.net/Jobs/Details/595948,외래간호사>외래>비뇨기과,외래간호사,경력 경력무관 · 간호사면허소지,"비뇨의학과 근무 경력자, 수술실 근무 경력자","대학(2,3년)",경력 경력무관,정규직,4000~5000만원,주5일 09:30 ~ 19:00,1 명,서울 강서구 강서로 62 (강서농협 3층),2026-09-09 07:10:13
https://job.nurscape.net/Jobs/Details/595896,병동간호사(3교대)>병동>정형외과,병동간호사(3교대),경력 1년 이상 · 간호사면허소지,"척추_관절 전문병원, 신경과 경력자 우대","대학(2,3년)",경력 1년 이상,정규직,4050~5500만원 / 성과급 별도,주5일 09:00 ~ 18:00,5 명,경기 화성시 영통로66 튼튼병원,2026-09-09 07:10:15
https://job.nurscape.net/Jobs/Details/595951,병동간호사(3교대)>병동>성형외과,병동간호사(3교대),경력 1년 이상 · 간호사면허소지,인근거주자 우대,"대학(2,3년)",경력 1년 이상,정규직,4500~5500만원 / 성과급 별도 / 회사내규에 따름,주5일 07:00 ~ 15:00 / 3교대,00 명,서울 영등포구 영등포로 83 한강수병원,2026-09-09 07:10:15
https://job.nurscape.net/Jobs/Details/596069,병동간호사(DE-KEEP)>병동>방사선종양학과,병동간호사(DE-KEEP),"경력 2년 이상 · 간호사면허소지, 간호사 2년이상 IV, IM 능숙자","암치료병원, 암요양병원, 암한방병원, 혈액종양병동, 대학병원 주사전담 간호사, 전문병원 근무자, 경력자 우대","대학(2,3년)",경력 2년 이상,정규직,3900~4300만원 / 퇴직금 별도,주5일 07:00 ~ 15:00 / 2교대,0 명,서울 종로구 대학로 89,2026-09-09 07:10:16
https://job.nurscape.net/Jobs/Details/596091,병동간호사(3교대)>병동>진료과무관 특수직(중환자실간호사)>중환자실>진료과무관,병동간호사(3교대),경력 경력무관 · 간호사면허소지,"취업보호대상자, 인근거주자","대학(2,3년)",경력 경력무관,정규직,3800~5500만원 / 부서에 따라,주5일 07:00 ~ 15:00,0 명,"인천 계양구 장제로 722, 한림병원 한림병원",2026-09-09 07:10:17
https://job.nurscape.net/Jobs/Details/596099,병동간호사(D-KEEP)>병동>내과,병동간호사(D-KEEP),"경력 1년 이상 · 간호사면허소지, 간호사 면허소지자",요양병원 경력자,"대학(2,3년)",경력 1년 이상,정규직,3600~3800만원 / 퇴직금 별도,주5일 08:00 ~ 20:00 / 2교대,0 명,서울 중랑구 망우로 316 이지팰리스건물 5.6.7층 7층 간호사실,2026-09-09 07:10:17
https://job.nurscape.net/Jobs/Details/595990,특수직(수술실간호사)>수술실>정형외과,특수직(수술실간호사),"경력 경력무관 · 간호사면허소지, OR수술전담 경력 간호사 우대",인근거주자/즉시출근가능자/수술실 경력자 우대/스크럽 파트타임 가능,"대학(2,3년)",경력 경력무관,계약직,4000~5000만원 / 콜수당 별도 지급 (일 5만원),주5일 07:00 ~ 16:00,00 명,경기 고양시 덕양구 서정마을로 5 행신프라자 3층~7층 5층,2026-09-09 07:10:18
https://job.nurscape.net/Jobs/Details/596045,병동/외래/특수부서>부서무관>배치 검토,병동/외래/특수부서,경력 경력무관 · 간호사면허소지,"외국어 능력 우수자, 취업보호대상자",대학교(4년),경력 경력무관,정규직,4000~5000만원 / 성과급 별도,주5일 08:00 ~ 17:00 / 3교대,000 명,"서울 강남구 강남차병원(역삼동), 분당차병원(야탑동), 일산차병원(장항동)",2026-09-09 07:10:18
https://job.nurscape.net/Jobs/Details/596116,병동간호사(D-KEEP)>병동>내과,병동간호사(D-KEEP),경력 경력무관 · 간호사면허소지,-,"대학(2,3년)",경력 경력무관,정규직,4000~5300만원 / 성과급 별도,월 15~16일 07:00 ~ 19:00 / 2교대,00 명,서울 강동구 양재대로 1463 5층~15층 강동아너스힐병원 5층~15층,2026-09-09 07:10:18
https://job.nurscape.net/Jobs/Details/596121,병동간호사(DE-KEEP)>병동>가정의학과,병동간호사(DE-KEEP),경력 경력무관 · 간호사면허소지,요양병원 경력자,"대학(2,3년)",경력 경력무관,정규직,3800~4000만원 / 성과급 별도 / 수당포함,주5일 07:00 ~ 15:00 / 2교대,0 명,경기 고양시 일산서구 주화로88 효림빌딩,2026-09-09 07:10:19
https://job.nurscape.net/Jobs/Details/596087,외래간호사>외래>소아청소년과,외래간호사,경력 경력무관 · 간호사면허소지,소아과 경력자우대,"대학(2,3년)",경력 경력무관,정규직,"4000~5000만원 / 4,300만원~",주 3회 NIGHT 근무 22:00 ~ 09:00,0 명,"서울 구로구 새말로 15 2층~10층, 11층 일부",2026-09-09 07:10:19
https://job.nurscape.net/Jobs/Details/596135,특수직(중환자실간호사)>중환자실>진료과무관,특수직(중환자실간호사),경력 경력무관 · 간호사면허소지,경력자우대,"대학(2,3년)",경력 경력무관,정규직,4488~5500만원,주5일 09:00 ~ 18:00 / 3교대,00 명,경기 남양주시 퇴계원읍 퇴계원로 20 엘병원,2026-09-09 07:10:19
https://job.nurscape.net/Jobs/Details/596154,특수직(미지정)>혈관조영실>영상의학과,특수직(미지정),경력 경력무관 · 간호사면허소지,"혈관조영실, 수술실 경력우대, 투석실경력우대, 외래능숙자","대학(2,3년)",경력 경력무관,계약직,3800~4500만원,주5일 08:30 ~ 17:30,4 명,서울 강동구 올림픽로 610 B1층 1층 2층,2026-09-09 07:10:20
https://job.nurscape.net/Jobs/Details/596101,병동간호사(3교대)>병동>재활의학과 보험심사간호사>보험심사실>재활의학과,병동간호사(3교대),"경력 경력무관 · 간호사면허소지, 보험심사는 1년이상 실무경력","재활, 정형외과 ,신경과, 신경외과 , 중환자 경력 우대","대학(2,3년)",경력 경력무관,정규직,3500~6000만원 / 급여는 경력과 주말 근무 조건에 따른 차등,주5일,00 명,경기 화성시 동탄구 동탄기흥로307번길 26 메디피아 메디피움 동탄재활병원,2026-09-09 07:10:21
https://job.nurscape.net/Jobs/Details/596159,상담간호사>상담팀>산부인과,상담간호사,경력 5년 이상 · 간호사면허소지,난임 상담 경력자,"대학(2,3년)",경력 5년 이상,정규직,4000~5000만원 / 직종 및 경력에 따라 별도 협의,"주5일 (토요일 근무, 평일 오프 1일) 08:30 ~ 17:30",0 명,서울 서초구 서초대로 351 최상산부인과빌딩,2026-09-09 07:10:21
https://job.nurscape.net/Jobs/Details/596161,외래간호사>외래>산부인과,외래간호사,경력 2년 이상 · 간호사면허소지,난임 경력직 우대,"대학(2,3년)",경력 2년 이상,정규직,3600~5000만원 / 직종 및 경력에 따라 별도 협의,"주5일 40시간 (주중1일 오프, 토요일 16시까지 근무) 08:30 ~ 17:30",0 명,서울 서초구 서초대로 351 최상산부인과빌딩,2026-09-09 07:10:21
https://job.nurscape.net/Jobs/Details/596152,상담간호사,상담간호사,경력 경력무관 · 간호사면허소지,"근무조건 차량소지자, 운전가능자, 지방근무가능 기타 PED 경험",대학교(4년),경력 경력무관,계약직,3800~4000만원 / 성과급 별도,주5일 09:00 ~ 18:00,0 명,"대전 중구 어덕마을로 18 주 담당지 대전,천안(기타 지역 충청남북도(충주, 단양, 음성, 제천 제외) 경기도 오산시, 화성시 병점구",2026-09-09 07:10:21
https://job.nurscape.net/Jobs/Details/596187,"병동, 중환자실, 응급실, 수술실(스크럽/마취과), 드레싱 전담, 정형외과 전담 간호사>병동, 중환자실, 응급실, 수술실(스크럽/마취과), 드레싱 전담, 정형외과 전담 간호사>진료과무관","병동, 중환자실, 응급실, 수술실(스크럽/마취과), 드레싱 전담, 정형외과 전담 간호사","경력 경력무관 · 간호사면허소지, 병동, 중환자실, 응급실, 수술실(스크럽/마취과), 드레싱 전담, 정형외과 전담 간호사",경력자 우대,"대학(2,3년)",경력 경력무관,정규직,0만원,3교대 00:00 ~ 00:00 / 3교대,0 명,경기 평택시 평택로 284 평택성모병원,2026-09-09 07:10:22
https://job.nurscape.net/Jobs/Details/596233,병동간호사(3교대)>병동>정형외과 특수직(수술실간호사)>수술실>정형외과,병동간호사(3교대),경력 경력무관 · 간호사면허소지,-,대학교(4년),경력 경력무관,정규직,4200~5800만원 / 성과급 별도,주5일 21:00 ~ 08:00,00 명,경기 안산시 단원구 선부광장 1로 114 (선부1동 1077-4) 두손병원,2026-09-09 07:10:22
https://job.nurscape.net/Jobs/Details/596244,병동간호사(3교대)>병동>진료과무관 보험심사간호사>보험심사실>기타,병동간호사(3교대),"경력 경력무관 · 간호사면허소지, 병동 : 경력무관 / 투석센터 : 경력무관","대학(3,4년), 장기근무가능자",대학교(4년),경력 경력무관,정규직,5006~5300만원 / 면접 시 협의 (지원 부서에 따라 상이),주5일 08:30 ~ 17:30,00 명,경기 남양주시 오남읍 양지로 47-55 (오남한양병원),2026-09-09 07:10:22
https://job.nurscape.net/Jobs/Details/596245,병동간호사(N-KEEP)>병동>내과 병동간호사(DE-KEEP)>병동>내과,병동간호사(N-KEEP),경력 1년 이상 · 간호사면허소지,"요양병원 경력 자(중환자실, 응급실, 내과격리병동 근무 우대)","대학(2,3년)",경력 1년 이상,정규직,3800~4000만원 / 3900~4400 (나이트킵) / 3700~4200(2교대)/3800~4300(3교대),나이트킵 21:00 ~ 08:00,0 명,서울 동작구 성대로43 우리빌딩 연세동작병원 병동,2026-09-09 07:10:23
https://job.nurscape.net/Jobs/Details/596184,병동간호사(DE-KEEP)>부서무관>진료과무관,병동간호사(DE-KEEP),경력 1년 이상 · 간호사면허소지,-,"대학(2,3년)",경력 1년 이상,정규직,3800~4000만원 / 나이트수당 9만원,주5일 07:00 ~ 15:30 / 2교대,0 명,경기 고양시 하늘마을1로 14 조은프라자 4층,2026-09-09 07:10:23
https://job.nurscape.net/Jobs/Details/596257,병동간호사(DE-KEEP)>병동>내과,병동간호사(DE-KEEP),경력 경력무관 · 간호사면허소지,-,"대학(2,3년)",경력 경력무관,정규직,3600~3800만원,주5일 07:00 ~ 15:00,0 명,경기 용인시 중부대로 874번길 간호과,2026-09-09 07:10:23
https://job.nurscape.net/Jobs/Details/596255,병동간호사(N-KEEP)>병동>혈액종양내과,병동간호사(N-KEEP),경력 2년 이상 · 간호사면허소지,-,"대학(2,3년)",경력 2년 이상,정규직,4000~4200만원,주5일 21:30 ~ 07:30,0 명,서울 강동구 강동대로 243 리움한방병원,2026-09-09 07:10:23
https://job.nurscape.net/Jobs/Details/596276,병동간호사(DE-KEEP)>병동>내과 병동간호사(N-KEEP)>병동>내과,병동간호사(DE-KEEP),경력 3년 이상 · 간호사면허소지,HO 부서 근무,"대학(2,3년)",경력 3년 이상,정규직,4000~5000만원 / 성과급 별도,주5일 07:00 ~ 15:00,0 명,서울 송파구 송이로 81 더힐병원,2026-09-09 07:10:24
https://job.nurscape.net/Jobs/Details/596235,"병동간호사(3교대)>병동>OS,NS",병동간호사(3교대),"경력 1년 이상 · 간호사면허소지, 유사업종 경력 1년 이상",파트별 경력 최고우대,"대학(2,3년)",경력 1년 이상,정규직,4400~6000만원,파트별로 차이 있습니다. 08:00 ~ 17:00,3 명,경기 용인시 수지구 용구대로 2736 서울예스병원,2026-09-09 07:10:24
https://job.nurscape.net/Jobs/Details/596280,병동간호사(3교대)>병동>정형외과 PA간호사>병동>정형외과,병동간호사(3교대),경력 경력무관 · 간호사면허소지,병동경력 1년이상/ 척관절병원 근무 이력 우대,"대학(2,3년)",경력 경력무관,정규직,3700~5500만원 / 성과급 별도,주6일(토요격주휴무) 09:00 ~ 18:00 / 3교대,0 명,경기 김포시 북변중로 127 마디척병원,2026-09-09 07:10:24
https://job.nurscape.net/Jobs/Details/596286,"병동,외래>병동,외래>소아청소년과","병동,외래",경력 경력무관 · 간호사면허소지,-,"대학(2,3년)",경력 경력무관,정규직,3600~5000만원 / 성과급 별도,2교대 or 외래 주 4일제 07:00 ~ 19:00 / 2교대,00 명,경기 용인시 수풍로65 수지메디파크 1층 하늘빛 어린이병원 입원병동,2026-09-09 07:10:25
https://job.nurscape.net/Jobs/Details/596289,QPS간호사>QPS실>정신건강의학과,QPS간호사,경력 5년 이상 · 간호사면허소지,-,"대학(2,3년)",경력 5년 이상,정규직,4000~5000만원 / 협의후 조정,주5일 08:30 ~ 17:20,1 명,전북 김제시 금구면 낙산1길 74 74번지,2026-09-09 07:10:25
https://job.nurscape.net/Jobs/Details/596292,외래간호사>외래>채용공고 참고,외래간호사,경력 경력무관 · 간호사면허소지,외국어능력 영어가능자 기타 취업지원 대상자,"대학(2,3년)",경력 경력무관,계약직,"4000~5000만원 / 시간외근로수당, 퇴직금 별도지급",주5일 08:30 ~ 17:30,2 명,"서울 강남구 언주로 211(강남세브란스병원, 도곡동) 강남세브란스병원",2026-09-09 07:10:25
https://job.nurscape.net/Jobs/Details/596300,PA간호사>진료지원실>추후 배정,PA간호사,경력 3년 이상 · 간호사면허소지,관련 업무 경력자,"대학(2,3년)",경력 3년 이상,정규직,3800~4500만원 / 내규에 따름,주5일 07:30 ~ 16:30,0 명,경기 성남시 분당구 서현로 180번길 20 .,2026-09-09 07:10:26
https://job.nurscape.net/Jobs/Details/596304,병동간호사(3교대)>병동>정형외과 관리직간호사>병동>정형외과 병동간호사(DE-KEEP)>병동>정형외과,병동간호사(3교대),경력 1년 이상 · 간호사면허소지,-,대학교(4년),경력 1년 이상,3개월 수습 계약,4220~5300만원 / 나이트 6개 (수당) 포함,주5일 07:00 ~ 15:00 / 3교대,0 명,서울 강북구 도봉로 374 서울현대병원(번동 463-44),2026-09-09 07:10:26
https://job.nurscape.net/Jobs/Details/596306,특수직(투석간호사)>인공신장실>내과,특수직(투석간호사),경력 1년 이상 · 간호사면허소지,-,"대학(2,3년)",경력 1년 이상,정규직,3400~3800만원 / 성과급 별도 / 면접시 결정,주5일 06:30 ~ 12:30 / 2교대,0 명,서울 동대문구 천호대로 259-1 1층,2026-09-09 07:10:26
https://job.nurscape.net/Jobs/Details/596308,외래간호사>외래>내과,외래간호사,경력 5년 이상 · 간호사면허소지,경력직 간호사 모십니다.,"대학(2,3년)",경력 5년 이상,정규직,3000~3800만원 / 성과급 별도 / 충분히협의가능,주6일 08:00 ~ 13:00,1 명,경기 용인시 광교중앙로 302 블루스퀘어 2층,2026-09-09 07:10:27
https://job.nurscape.net/Jobs/Details/596314,병동간호사(3교대)>병동>정형외과,병동간호사(3교대),경력 2년 이상 · 간호사면허소지,"척추,관절 병원 경력자","대학(2,3년)",경력 2년 이상,정규직,3500~4500만원,3교대,0 명,서울 관악구 신원로 35 삼모 더 프라임타워 3층 바른사랑병원,2026-09-09 07:10:27
https://job.nurscape.net/Jobs/Details/596321,외래간호사>외래>내과,외래간호사,경력 1년 이상 · 간호사면허소지,외국어능력 영어가능자 컴퓨터능력 문서작성우수,"대학(2,3년)",경력 1년 이상,정규직,3500~5500만원 / 성과급 별도,주5일 08:30 ~ 18:30,0 명,서울 용산구 서빙고로17 센트럴상가,2026-09-09 07:10:27
https://job.nurscape.net/Jobs/Details/596327,병동간호사(3교대)>병동>신경외과,병동간호사(3교대),"경력 경력무관 · 간호사면허소지, 상세모집요강 참조","척추전문병원 경력자 우대, 보훈대상자 우대","대학(2,3년)",경력 경력무관,정규직,"3800~5500만원 / 신규기준(각종 수당, 퇴직금 별도)",주5일 08:00 ~ 17:00,0 명,서울 강남구 학동로 445 우리들병원,2026-09-09 07:10:28
https://job.nurscape.net/Jobs/Details/596335,병동간호사(3교대)>병동>정형외과,병동간호사(3교대),경력 1년 이상 · 간호사면허소지,"척추, 관절 병원 경험자 우대","대학(2,3년)",경력 1년 이상,정규직,"4000~5000만원 / 성과급 별도 / 신규 연봉, 경력에 따른 추가 인상, 야간근무 수당 별도",주5일 00:00 ~ 23:00 / 3교대,0 명,서울 송파구 백제고분로 407 지하2층~7층,2026-09-09 07:10:28
https://job.nurscape.net/Jobs/Details/596337,특수직(수술실간호사)>수술실>정형외과,특수직(수술실간호사),경력 경력무관 · 간호사면허소지,정형외과 근무자 우대,"대학(2,3년)",경력 경력무관,정규직,4000~5000만원 / 4000만원 이상 / 퇴직금 별도,주5일 08:00 ~ 17:00,00 명,인천 미추홀구 미추홀대로702 2.3.4.7.8층,2026-09-09 07:10:29
https://job.nurscape.net/Jobs/Details/596343,스크럽>수술실>정형외과,스크럽,"경력 2년 이상 · 간호사면허소지, 정형외과 수술실 간호사 우대",경력자 우대,"대학(2,3년)",경력 2년 이상,정규직,3800~5000만원 / 오버타임시 별도정산,주5일 09:00 ~ 18:00,1 명,서울 강남구 삼성로119길 8 5층 청담리온정형외과 수술실,2026-09-09 07:10:29
https://job.nurscape.net/Jobs/Details/596363,병동간호사(3교대)>병동>정형외과,병동간호사(3교대),경력 3년 이상 · 간호사면허소지,"관절, 척추 특화 병원 경력자, 의료기관인증 및 간호간병통합병동 경력자 우대","대학(2,3년)",경력 3년 이상,정규직,4700~5500만원,주5일 07:00 ~ 16:00,0 명,경기 안산시 단원구 광덕대로 244 2층~13층,2026-09-09 07:10:29
https://job.nurscape.net/Jobs/Details/596402,외래간호사>외래>외과,외래간호사,경력 5년 이상 · 간호사면허소지,-,대학교(4년),경력 5년 이상,정규직,5000~7000만원,주5일 09:00 ~ 18:00,1 명,"인천 부평구 부평문화로 55, 11층",2026-09-09 07:10:30
https://job.nurscape.net/Jobs/Details/596406,외래간호사>주사실>소아청소년과,외래간호사,경력 1년 이상 · 간호사면허소지,-,대학교(4년),경력 1년 이상,정규직,4000~5000만원,주간/나이트킵 근무자 09:00 ~ 15:30,0 명,서울 성북구 동소문로 46길 10 성북우리아이들병원,2026-09-09 07:10:30
https://job.nurscape.net/Jobs/Details/596408,병동간호사(N-KEEP)>병동>정형외과 특수직(수술실간호사)>수술실>정형외과,병동간호사(N-KEEP),경력 경력무관 · 간호사면허소지,관절 척추 병원 경력자 우대,"대학(2,3년)",경력 경력무관,정규직,3400~6000만원,주6일(토요격주휴무) 21:00 ~ 08:00,0 명,서울 강남구 남부순환로 2609 하늘빌딩,2026-09-09 07:10:30
https://job.nurscape.net/Jobs/Details/596419,병동간호사(DE-KEEP)>병동>내과,병동간호사(DE-KEEP),경력 경력무관 · 간호사면허소지,-,"대학(2,3년)",경력 경력무관,정규직,3800~4200만원,주5일 07:00 ~ 15:30 / 2교대,1 명,서울 서초구 반포대로9길 42 (의)부원의료재단 서초요양병원 의료법인 부원의료재단 서초요양병원,2026-09-09 07:10:31
https://job.nurscape.net/Jobs/Details/596444,병동간호사(N-KEEP)>병동>내과,병동간호사(N-KEEP),경력 1년 이상 · 간호사면허소지,-,"대학(2,3년)",경력 1년 이상,정규직,3800~4200만원 / 면접시 협의가능함,주5일 21:30 ~ 08:30,0 명,"서울 강동구 양재대로 1461, SC메디타워 6~13층",2026-09-09 07:10:31
https://job.nurscape.net/Jobs/Details/596447,"병동간호사(3교대)>병동>재활, 신경, 내과 병동간호사(N-KEEP)>병동>재활, 신경, 내과",병동간호사(3교대),경력 경력무관 · 간호사면허소지,-,대학교(4년),경력 경력무관,정규직,4030~4900만원 / 퇴직금 별도,주5일 07:00 ~ 16:00 / 3교대,00 명,경기 수원시 영통구 월드컵로 150번길 21(원천동) 아주대학교요양병원 아주대학교요양병원,2026-09-09 07:10:31
https://job.nurscape.net/Jobs/Details/596451,외래간호사>검진센터>내과 내시경간호사>검진센터>내과 검진센터간호사>검진센터>검진센터,외래간호사,경력 1년 이상 · 간호사면허소지,-,"대학(2,3년)",경력 1년 이상,정규직,3500~5000만원 / 면접시 협의 가능,주6일 08:00 ~ 17:00,0 명,경기 부천시 경인로 536번길 27 건주병원,2026-09-09 07:10:32
https://job.nurscape.net/Jobs/Details/596460,병동간호사(3교대)>병동>진료과무관 병동간호사(N-KEEP)>병동>진료과무관,병동간호사(3교대),경력 1년 이상 · 간호사면허소지,-,"대학(2,3년)",경력 1년 이상,정규직/계약직,3600~4700만원,주6일(토요격주휴무) 08:30 ~ 17:30,0 명,서울 송파구 송파대로 445 한솔병원,2026-09-09 07:10:32
https://job.nurscape.net/Jobs/Details/596461,병동간호사(DE-KEEP)>병동>내과 병동간호사(3교대)>병동>내과,병동간호사(DE-KEEP),"경력 경력무관 · 간호사면허소지, 간호사",해당부서 근무경력자 우대,"대학(2,3년)",경력 경력무관,정규직,3900~5000만원 / 면접 후 협의,스케쥴근무 D : 07:30~15:30 / E : 14:30~22:30 / N : 22:00~08:00 07:30 ~ 15:30 / 3교대,0 명,서울 송파구 위례서로 248 서울세계로병원 병동,2026-09-09 07:10:32
https://job.nurscape.net/Jobs/Details/596476,"PA간호사>신장내과, 통합내과, 신경외과>신장내과, 통합내과, 신경외과",PA간호사,경력 3년 이상 · 간호사면허소지,-,"대학(2,3년)",경력 3년 이상,계약직,4000~5000만원 / 경력 산정에 따른 급여책정,주5일 08:30 ~ 17:30,3 명,경기 고양시 화수로14번길 55 명지병원,2026-09-09 07:10:33
https://job.nurscape.net/Jobs/Details/596482,특수직(투석간호사)>인공신장실>진료과무관 특수직(중환자실간호사)>중환자실>진료과무관 특수직(응급실간호사)>응급실>응급의학과,특수직(투석간호사),"경력 경력무관 · 간호사면허소지, 인공신장센터",경력자,"대학(2,3년)",경력 경력무관,정규직,3200~4500만원,주40시간 08:30 ~ 17:30,0 명,대전 동구 동서대로 1672(성남동) 대전한국병원 대전한국병원,2026-09-09 07:10:33
https://job.nurscape.net/Jobs/Details/596502,상담간호사>상담팀>산부인과,상담간호사,경력 5년 이상 · 간호사면허소지,산부인과 경력직 우대,"대학(2,3년)",경력 5년 이상,정규직,4000~5000만원 / 직종 및 경력에 따라 별도 협의,"주5일 (토요일 근무, 평일 오프 1일) 08:30 ~ 17:30",0 명,서울 서초구 서초대로 351 최상산부인과빌딩,2026-09-09 07:10:34
https://job.nurscape.net/Jobs/Details/596504,외래간호사>외래>산부인과,외래간호사,"경력 경력무관 · 간호사면허소지, 난임외래 경력 우대",난임 경력직 우대,"대학(2,3년)",경력 경력무관,정규직,3600~5000만원 / 직종 및 경력에 따라 별도 협의,"주5일 40시간 (주중1일 오프, 토요일 16시까지 근무) 08:30 ~ 17:30",0 명,서울 서초구 서초대로 351 최상산부인과빌딩,2026-09-09 07:10:34
https://job.nurscape.net/Jobs/Details/596521,상담간호사>외래>외과 관리직간호사>외래>외과,상담간호사,경력 3년 이상 · 간호사면허소지,"병원 상담실장 경력자, 수술실 assist 능숙자, 인근거주자",대학교(4년),경력 3년 이상,정규직,4000~5000만원 / 인센티브 별도(협의),"월,화,목,금(종일)/ 수,토(오전) 09:00 ~ 18:00",0 명,경기 의정부시 시민로 81 서부타워빌딩 5층,2026-09-09 07:10:34
https://job.nurscape.net/Jobs/Details/596522,병동간호사(DE-KEEP)>간호팀>병동,병동간호사(DE-KEEP),경력 1년 이상 · 간호사면허소지,한방병원 경력자 우대,"대학(2,3년)",경력 1년 이상,정규직,3800~4500만원,스케줄 근무,0 명,"서울 강서구 마곡중앙6로 93 열린프라자 6층 7층 10층 6층, 7층, 10층",2026-09-09 07:10:35
https://job.nurscape.net/Jobs/Details/596524,병동간호사(3교대)>병동>병동,병동간호사(3교대),경력 1년 이상 · 간호사면허소지,-,"대학(2,3년)",경력 1년 이상,정규직,3800~4500만원,주5일 07:00 ~ 15:00 / 2교대,00 명,"경기 광명시 철산로 16 트라이앵글빌딩 6,8,9,10,11층",2026-09-09 07:10:35
https://job.nurscape.net/Jobs/Details/596528,병동간호사(DE-KEEP)>간호팀>병동 병동간호사(3교대)>간호팀>병동,병동간호사(DE-KEEP),경력 경력무관 · 간호사면허소지,-,"대학(2,3년)",경력 경력무관,정규직,4000~4700만원,주5일,0 명,서울 성동구 천호대로 320 1층 ~ 7층,2026-09-09 07:10:35
https://job.nurscape.net/Jobs/Details/596534,외래간호사>외래>내과,외래간호사,경력 경력무관 · 간호사면허소지,-,"대학(2,3년)",경력 경력무관,계약직,3800~4000만원 / 2달계약직 근무로 퇴직금 없음,주6일(토요격주휴무) 09:00 ~ 18:30,1 명,서울 서초구 잠원로4길 50 메이플자이플라자3층,2026-09-09 07:10:36
https://job.nurscape.net/Jobs/Details/596548,특수직(수술실간호사)>수술실>정형외과 관리직간호사>수술실>정형외과,특수직(수술실간호사),"경력 1년 이상 · 간호사면허소지, 정형외과 및 신경외과 우대, 외래 및 병동 경력자 우대, OS&NS 스크럽 경력자 우대","정형외과 및 신경외과 병동 및 외래 경력자 우대, OS&NS 스크럽 경력자 우대","대학(2,3년)",경력 1년 이상,정규직,3400~6000만원 / OT 별도,주6일(토요격주휴무) 09:00 ~ 18:00,0 명,서울 광진구 아차산로 450-2 1-5층,2026-09-09 07:10:36
https://job.nurscape.net/Jobs/Details/596557,병동간호사(3교대)>병동>재활의학과,병동간호사(3교대),경력 경력무관 · 간호사면허소지,"외국어능력 영어능통자 기타 정형외과, 신경외과, 재활의학과 근무 경력자 우대",대학교(4년),경력 경력무관,정규직,"4300~5400만원 / 성과급 별도 / 통합병동 수당, 나이트 6개 포함",주5일 08:00 ~ 17:00,0 명,서울 서초구 서초동 효령로 331 GL 빌딩,2026-09-09 07:10:36
https://job.nurscape.net/Jobs/Details/596551,"병동간호사(3교대)>병동>산부인과 특수직(분만실간호사)>분만, 수술실>산부인과",병동간호사(3교대),"경력 경력무관 · 간호사면허소지, 해당 과 경력자 우대","산부인과, 난임, 분만실, 수술실, 신생아, 신생아 중환자실, 병동, 외래",대학교(4년),경력 경력무관,정규직,4600만원 이상 / 퇴직금 별도,주 40시간 22:00 ~ 07:00 / 3교대,0 명,서울 강남구 언주로 707 MH빌딩,2026-09-09 07:10:37
https://job.nurscape.net/Jobs/Details/596567,마취/회복간호사>마취/회복실>진료과무관,마취/회복간호사,경력 경력무관 · 간호사면허소지,각 부문 경력 간호사 우대,"대학(2,3년)",경력 경력무관,정규직,3900~6000만원 / 회사 내규에 따름,아래 공고문 참조 07:30 ~ 16:30,0 명,경기 수원시 팔달구 경수대로 437 .,2026-09-09 07:10:37
https://job.nurscape.net/Jobs/Details/596568,병동간호사(N-KEEP)>병동>진료과무관,병동간호사(N-KEEP),경력 1년 이상 · 간호사면허소지,간호간병통합병동 경력자 우대,"대학(2,3년)",경력 1년 이상,정규직,3600~4000만원 / 간호간병통합병동 평가인센티브 지급,월~금 21:00 ~ 08:00 / 3교대,0 명,인천 미추홀구 경원대로 768 삼보빌딩 5층,2026-09-09 07:10:37
https://job.nurscape.net/Jobs/Details/596580,특수직(미지정)>인공신장실>내과,특수직(미지정),경력 1년 이상 · 간호사면허소지,-,"대학(2,3년)",경력 1년 이상,정규직,3600~3800만원 / 연차별 차등지원,주5일 06:30 ~ 14:30,0 명,경기 화성시 향남읍 하길리 1470-6 대성프라자 6층 6층,2026-09-09 07:10:38
https://job.nurscape.net/Jobs/Details/596581,SA간호사>정형외과>정형외과 SA간호사>신경외과>신경외과,SA간호사,"경력 3년 이상 · 간호사면허소지, 임상경력 3년 이상 or PA 경력 1년 6개월 이상",-,대학교(4년),경력 3년 이상,정규직,3800~4000만원 / 퇴직금별도,상세모집정보 참조 00:00 ~ 00:00,00 명,경기 수원시 팔달구 중부대로 165 동수원병원,2026-09-09 07:10:38
https://job.nurscape.net/Jobs/Details/596582,PA간호사>이비인후과>이비인후과 PA간호사>신경과>신경과,PA간호사,경력 1년 이상 · 간호사면허소지,"전담간호사 경력자, 임상경력 3년이상, 연속 전담 1년6개월 이상","대학(2,3년)",경력 1년 이상,정규직,4000만원 이상 / 회사 내규에 따름,주5일 07:30 ~ 16:30,0 명,경기 수원시 팔달구 경수대로 437 .,2026-09-09 07:10:39
https://job.nurscape.net/Jobs/Details/596586,병동간호사(DE-KEEP)>병동>소아청소년과,병동간호사(DE-KEEP),경력 경력무관 · 간호사면허소지,-,"대학(2,3년)",경력 경력무관,정규직,3900~4500만원,주5일 / 2교대,0 명,충북 청주시 청원구 주성로 273 아이웰어린이병원,2026-09-09 07:10:39
https://job.nurscape.net/Jobs/Details/596605,병동팀 전담간호사>병동>정형외과,병동팀 전담간호사,경력 3년 이상 · 간호사면허소지,근교 거주자 우대,대학교(4년),경력 3년 이상,정규직,3600~3800만원,주5일 07:00 ~ 16:00,0 명,경기 남양주시 다산중앙로 145번길 9 2층 ~ 7층,2026-09-09 07:10:39
https://job.nurscape.net/Jobs/Details/596606,특수직(투석간호사)>인공신장실>내과,특수직(투석간호사),경력 경력무관 · 간호사면허소지,경력자 우대,"대학(2,3년)",경력 경력무관,정규직,3200~4500만원 / 성과급 별도 / 초과 근무 수당 10만원,주5일 06:30 ~ 14:00,0 명,서울 강동구 동남로73길 13 엔피타워 4층,2026-09-09 07:10:40
https://job.nurscape.net/Jobs/Details/596611,특수직(투석간호사)>인공신장실>내과,특수직(투석간호사),경력 경력무관 · 간호사면허소지,"중환자실, 응급실, 내과병동 경력/ 근거리 거주자","대학(2,3년)",경력 경력무관,정규직,3200~5000만원 / 나이트수당지급,주5일 07:00 ~ 15:00 / 3교대,01 명,서울 송파구 올림픽로45길 19 3층 풍성내과의원,2026-09-09 07:10:40
https://job.nurscape.net/Jobs/Details/596613,QPS간호사>QPS실>정신건강의학과,QPS간호사,경력 3년 이상 · 간호사면허소지,-,대학교(4년),경력 3년 이상,정규직,3800~4200만원,주5일 09:00 ~ 18:00,01 명,인천 연수구 용담로99번길 29 2~9층,2026-09-09 07:10:40
https://job.nurscape.net/Jobs/Details/596622,병동간호사(3교대)>병동>정형외과,병동간호사(3교대),"경력 1년 이상 · 간호사면허소지, 병동 경력 1년 이상",-,"대학(2,3년)",경력 1년 이상,정규직,3700~4200만원 / 면접시 협의,주5일,0 명,서울 금천구 시흥대로 114길5 홈플러스 맞은편,2026-09-09 07:10:41
https://job.nurscape.net/Jobs/Details/596641,특수직(수술실간호사)>수술실>정형외과,특수직(수술실간호사),"경력 1년 이상 · 간호사면허소지, 관절 척추 병원 경력자 우대",-,"대학(2,3년)",경력 1년 이상,정규직,4300~6000만원 / 면접 후 결정 (전직장 고려),주6일(토요격주휴무) 08:30 ~ 16:30,0 명,서울 강서구 공항대로 237 에이스타워마곡,2026-09-09 07:10:41
https://job.nurscape.net/Jobs/Details/596650,병동간호사(3교대)>병동>암요양/재활,병동간호사(3교대),"경력 1년 이상 · 간호사면허소지, 간호사면허소지, 병동 경력 1년 이상","암요양, 재활요양 병원 경력자, IV, 케모포트, PICC 처치 가능한 자 우대","대학(2,3년)",경력 1년 이상,정규직,4100~4500만원,월~일(협의 후 결정),0 명,서울 강남구 도산대로 209 포레스트 요양병원,2026-09-09 07:10:42
https://job.nurscape.net/Jobs/Details/596671,교육간호사 상담간호사,교육간호사 상담간호사,경력 경력무관 · 간호사면허소지,콜센터 경력자,"대학(2,3년)",경력 경력무관,계약직,3200~3400만원,주5일 09:00 ~ 18:00,0 명,서울 강남구 압구정로36길 18,2026-09-09 07:10:42
https://job.nurscape.net/Jobs/Details/596625,병동간호사(DE-KEEP)>병동>한방과,병동간호사(DE-KEEP),경력 1년 이상 · 간호사면허소지,암한방병원 경력자 우대,"대학(2,3년)",경력 1년 이상,정규직,4100~4300만원,주5일 07:30 ~ 15:30 / 2교대,0 명,서울 마포구 양화로 119 메디람한방병원 1층-6층,2026-09-09 07:10:42
https://job.nurscape.net/Jobs/Details/596708,외래간호사>간호팀>피부과,외래간호사,경력 경력무관 · 간호사면허소지,"외국어능력 중국어가능자, 영어가능자, 일어가능자 기타 유관업무 경험자, IV능숙자","대학(2,3년)",경력 경력무관,정규직,300~370만원,주5일 09:40 ~ 19:10,0 명,"서울 강남구 도산대로 318, 14층",2026-09-09 07:10:43
https://job.nurscape.net/Jobs/Details/596714,외래간호사>외래>가정의학과,외래간호사,경력 3년 이상 · 간호사면허소지,iv 능숙하신 선생님 우대 해 드립니다.,"대학(2,3년)",경력 3년 이상,계약직,4500~4500만원,주5일 09:00 ~ 19:30,1 명,서울 강남구 학동로지하180 지하2층,2026-09-09 07:10:43
https://job.nurscape.net/Jobs/Details/596693,검진센터간호사>검진센터>건강진단센터,검진센터간호사,경력 1년 이상 · 간호사면허소지,성실성,"대학(2,3년)",경력 1년 이상,정규직,4000~5000만원 / 자기계발비 별도 지급,"월, 화, 목, 금, 토 *12월만 수요일 근무 08:30 ~ 17:00",0 명,"서울 광진구 능동로409 2, 3층",2026-09-09 07:10:43
https://job.nurscape.net/Jobs/Details/596751,병동간호사(3교대)>병동>진료과무관 내시경간호사>내시경실>내과,병동간호사(3교대),경력 1년 이상 · 간호사면허소지,-,"대학(2,3년)",경력 1년 이상,정규직,0만원 / 병원내규,"토,일,공휴 -오프수 08:00 ~ 17:30 / 3교대",00 명,경기 화성시 남양읍 남양로 920번길 6 화성유일병원,2026-09-09 07:10:44
https://job.nurscape.net/Jobs/Details/596753,병동간호사(3교대)>병동>면접시 결정 진료렵력팀>진료협력센터>외래 QPS간호사>외래/병동>내/외과,병동간호사(3교대),경력 1년 이상 · 간호사면허소지,신규 및 경력자,대학교(4년),경력 1년 이상,정규직,3800만원 이상 / 면접후 결정(협의),주 40시간,0 명,인천 연수구 먼우금로 98,2026-09-09 07:10:44
https://job.nurscape.net/Jobs/Details/596757,특수직(응급실간호사)>응급실>응급의학과 환자안전>간호부>환자안전,특수직(응급실간호사),경력 1년 이상 · 간호사면허소지,완화병동 경력자 우대,"대학(2,3년)",경력 1년 이상,정규직,4000~5000만원,주5일,00 명,경기 용인시 고림로81 용인서울병원,2026-09-09 07:10:44
https://job.nurscape.net/Jobs/Details/596786,특수직(수술실간호사)>수술실>이비인후과,특수직(수술실간호사),경력 경력무관 · 간호사면허소지,-,"대학(2,3년)",경력 경력무관,정규직,4000~5000만원 / 퇴직금별도,주5일 07:30 ~ 16:00,0 명,서울 강남구 역삼로 245 하나이비인후과병원,2026-09-09 07:10:45
https://job.nurscape.net/Jobs/Details/596809,병동간호사(DE-KEEP)>병동>병동,병동간호사(DE-KEEP),경력 경력무관 · 간호사면허소지,-,"대학(2,3년)",경력 경력무관,정규직,3600~4000만원 / 성과급 별도 / 병동수당별도,주5일 07:00 ~ 15:00 / 3교대,0 명,"인천 미추홀구 주안로 211 로뎀병원, 초역세권 서울지하철 1호선 간석역 1분거리 .",2026-09-09 07:10:45
https://job.nurscape.net/Jobs/Details/596854,연구간호사(CRC)>폐암센터 신약임상팀>진료과무관,연구간호사(CRC),경력 경력무관 · 간호사면허소지,"CRC, CRA 경력 우대",대학교(4년),경력 경력무관,계약직,3000~6000만원 / 성과급 별도,주5일 09:00 ~ 18:00,0 명,서울 서대문구 연세로 50-1,2026-09-09 07:10:45
https://job.nurscape.net/Jobs/Details/596865,"관리직간호사>병동>내과, 외과",관리직간호사,경력 5년 이상 · 간호사면허소지,"수간호사 경력 5년이상 , 중환자실 근무","대학(2,3년)",경력 5년 이상,정규직,4300~5000만원 / 성과급 별도,주 3일 21:00 ~ 09:00,1 명,서울 강동구 양재대로 1463 강동아너스힐병원 5층~15,2026-09-09 07:10:46
https://job.nurscape.net/Jobs/Details/596874,외래간호사>외래>정형외과,외래간호사,경력 4년 이상 · 간호사면허소지,공고 내용 확인,"대학(2,3년)",경력 4년 이상,정규직,"0만원 / 내부 규정에 따름, 경력에 따른 차등 적용",주6일(토요격주휴무) 09:00 ~ 18:00,0 명,서울 강남구 영동대로 706 제일정형외과병원 별관,2026-09-09 07:10:46
