사이트,회사명,공고제목,직무,경력,고용형태,지역,기술스택,마감일,공고URL,외부원본ID,수집시각
널스케이프,,[화성] 100병상 규모의 신규개원 병동 책임간호사 선생님 모집(1인실기숙사가능),부서무관>병동 3교대,,"4,200 ~ 4,700만원",경기,,,https://job.nurscape.net/Jobs/Details/312431,,2026-09-07 17:04:36
널스케이프,,[서울] 병동 간호사 모집 (4000만원 이상),신경외과>병동 3교대,,"4,000 ~ 4,500만원",서울,,,https://job.nurscape.net/Jobs/Details/316814,,2026-09-07 17:04:36
널스케이프,,[경기] 상근 근무 희망하는 스크럽 경력자! 일단 Click!,수술실>스크럽,,"3,200 ~ 4,200만원",경기,,,https://job.nurscape.net/Jobs/Details/338532,,2026-09-07 17:04:37
널스케이프,,[경기] 1인실 오피스텔 척관절 병동 간호사 채용,정형외과>병동 3교대,,"3,800 ~ 4,700만원",경기,,,https://job.nurscape.net/Jobs/Details/360456,,2026-09-07 17:04:38
널스케이프,,너스케입 커리어 파트너 우수인재를 모집합니다. (성과보상),,,,,,,https://job.nurscape.net/Jobs/Details/385401,,2026-09-07 17:04:39
널스케이프,,[경기/의정부] #어린이병원 병동 간호사 #DE킵,병동간호사(3교대)>병동>소아청소년과,,"3,700 ~ 4,300만원",경기,,,https://job.nurscape.net/Jobs/Details/503747,,2026-09-07 17:04:40
널스케이프,,[경기/남양주] #척관절병원 #외래 #상담간호사 #상근직,정형외과>상담간호사,,,경기,,,https://job.nurscape.net/Jobs/Details/527180,,2026-09-07 17:04:40
널스케이프,,[서울/척관절병원] #OS수술실스크럽 #경력1년이상 #기숙사 제공,특수직(미지정)>수술실>정형외과,,,서울,,,https://job.nurscape.net/Jobs/Details/533875,,2026-09-07 17:04:41
널스케이프,,[인천]종합병원 #가정전문간호사 #상근직 #증원,전문간호사(미지정)>가정전문간호사>가정의학과,,"6,000 ~ 7,000만원",인천,,,https://job.nurscape.net/Jobs/Details/544958,,2026-09-07 17:04:41
널스케이프,,[경기/판교] #3교대 #업무 강도 낮음  #OS병동 #월세지원금,병동간호사(3교대)>병동>정형외과,,"3,900 ~ 5,200만원",경기,,,https://job.nurscape.net/Jobs/Details/550886,,2026-09-07 17:04:42
널스케이프,,[서울/척관절병원] #OS 수술실 PA 경력자  #기숙사 지원,PA간호사>수술실>정형외과,,,서울,,,https://job.nurscape.net/Jobs/Details/551561,,2026-09-07 17:04:43
널스케이프,의료법인 인성의료재단 한림병원,의료법인 인성의료재단 한림병원,"[한림병원] 내시경센터, 수술센터, 종합건강증진센터 간호사 모집",1년 이상,,인천,,,https://job.nurscape.net/Jobs/Details/553868,,2026-09-07 17:04:43
널스케이프,,[경기/의정부] #어린이병원 #외래 #신규가능,외래간호사>외래>소아청소년과,,"3,300 ~ 4,200만원",경기,,,https://job.nurscape.net/Jobs/Details/557267,,2026-09-07 17:04:44
널스케이프,,[경기/평택] #상근직 #내시경실경력자 #월세지원금25까지,특수직(미지정)>내시경실>내과,,"4,500 ~ 4,500만원",경기,,,https://job.nurscape.net/Jobs/Details/565461,,2026-09-07 17:04:45
널스케이프,,[서울] #종합병원 # 내시경실 #ERCP 경력자,내시경간호사>내시경실>외과,,"3,800 ~ 4,500만원",서울,,,https://job.nurscape.net/Jobs/Details/568445,,2026-09-07 17:04:45
널스케이프,,[경기/분당] #의원 #신축 #OS병동#3교대 #월세지원금,병동간호사(3교대)>병동>정형외과,,"3,900 ~ 5,200만원",경기,,,https://job.nurscape.net/Jobs/Details/572072,,2026-09-07 17:04:46
널스케이프,,[경기/고양] #여성병원 #분만실 #경력자우대 #연봉협상,특수직(분만실간호사)>분만실>산부인과,,"4,000 ~ 5,000만원",경기,,,https://job.nurscape.net/Jobs/Details/572078,,2026-09-07 17:04:46
널스케이프,,[경기/고양] #여성병원 #신생아실 #경력자우대,특수직(미지정)>신생아실>소아청소년과,,"3,900 ~ 5,000만원",경기,,,https://job.nurscape.net/Jobs/Details/572079,,2026-09-07 17:04:47
널스케이프,,[경기/남양주] #어린이병원 나이트킵  #월세지원금 가능,병동간호사(N-KEEP)>병동>소아청소년과,,,경기,,,https://job.nurscape.net/Jobs/Details/572961,,2026-09-07 17:04:48
널스케이프,,[경기/남양주] #어린이병원 병동 간호사 #월세지원금 가능,병동간호사(3교대)>병동>소아청소년과,,,경기,,,https://job.nurscape.net/Jobs/Details/572962,,2026-09-07 17:04:48
널스케이프,,[서울] #종합병원 #수술실 #스크럽 #8-5시 #oncall,특수직(수술실간호사)>수술실>외과,,"3,800 ~ 5,000만원",서울,,,https://job.nurscape.net/Jobs/Details/574306,,2026-09-07 17:04:49
널스케이프,,[세종]  #척관절병원#70병상#수술실 #팀장 #연봉협상#숙소제공,관리직간호사>수술실>정형외과,,"5,000 ~ 6,000만원",세종,,,https://job.nurscape.net/Jobs/Details/575410,,2026-09-07 17:04:49
널스케이프,,[경기/구리] #내시경실 #외래 #의원 #상근직 #경력자,특수직(미지정)>내시경실>내과,,"4,200 ~ 5,000만원",경기,,,https://job.nurscape.net/Jobs/Details/577100,,2026-09-07 17:04:50
널스케이프,,[서울] #종합병원 #3교대 #경력직 # 1년이상,병동간호사(3교대)>병동>외과,,,서울,,,https://job.nurscape.net/Jobs/Details/578510,,2026-09-07 17:04:51
널스케이프,,[분당] #척관절병원 #스크럽 #평일근무 #콜없음,특수직(미지정)>수술실>정형외과,,,경기,,,https://job.nurscape.net/Jobs/Details/578817,,2026-09-07 17:04:51
널스케이프,,[경기서남부] #종합병원 #내시경실 #경력자 #기숙사 제공,내시경간호사>내시경실>내과,,,경기,,,https://job.nurscape.net/Jobs/Details/580317,,2026-09-07 17:04:52
널스케이프,사랑플러스병원,각부서 간호사 모십니다.(진료협력 외),,,정규직,서울,,,https://job.nurscape.net/Jobs/Details/580939,,2026-09-07 17:04:53
널스케이프,저스트병원,저스트병원,1년 이상,"통합병동간호사(3교대/경력) , 스크럽 간호사-1년 이상 경력자",,인천,,,https://job.nurscape.net/Jobs/Details/581995,,2026-09-07 17:04:53
널스케이프,강남병원(용인),"수술실,간호행정,병동,응급실,angio실,중환자실",,,정규직,경기,,,https://job.nurscape.net/Jobs/Details/583411,,2026-09-07 17:04:54
널스케이프,새미래요양병원,새미래요양병원,수간호사/미드/데이이브교대,1년 이상,,서울,,,https://job.nurscape.net/Jobs/Details/583673,,2026-09-07 17:04:55
널스케이프,,[서울/성동] #의원  #외래간호사 #내과 #피부과 #주사업무자신있는분,외래간호사>외래>내과,,"3,500 ~ 3,900만원",서울,,,https://job.nurscape.net/Jobs/Details/584099,,2026-09-07 17:04:56
널스케이프,메디필드한강병원,메디필드한강병원,간호간병통합병동/ICU/ER/N-Keep/관리자/주사/교육전담,경력무관,,경기,,,https://job.nurscape.net/Jobs/Details/584644,,2026-09-07 17:04:57
널스케이프,,[경기/안산]  #종합병원 #병동 3교대 #차지가능자 #1인기숙사,병동간호사(3교대)>부서무관>진료과무관,,"4,920 ~ 5,500만원",경기,,,https://job.nurscape.net/Jobs/Details/585128,,2026-09-07 17:04:57
널스케이프,,[인천] #종합병원 #병동경력자 #OS #기숙사 지원#5100만원,병동간호사(3교대)>병동>정형외과,,,인천,,,https://job.nurscape.net/Jobs/Details/585375,,2026-09-07 17:04:58
널스케이프,의료법인더존의료재단경희요양병원,의료법인더존의료재단경희요양병원,[경희재활요양병원] 나이트전담간호사/투석실 간호사 모집,경력무관,,경기,,,https://job.nurscape.net/Jobs/Details/585584,,2026-09-07 17:05:00
널스케이프,,[경기/안산]  #종합병원 #응급실 경력자 #1인실 기숙사 제공,특수직(응급실간호사)>응급실>진료과무관,,"4,900 ~ 6,000만원",경기,,,https://job.nurscape.net/Jobs/Details/585658,,2026-09-07 17:05:01
널스케이프,,[서울]  #의료컨설팅 #진료데이터분석 #상근 #보험심사경력자,기획자/마케팅,,,서울,,,https://job.nurscape.net/Jobs/Details/586289,,2026-09-07 17:05:02
널스케이프,의료법인 명인의료재단 화홍병원,"중환자실, 병동, 내시경실, 수술실 경력간호사 모집",,,정규직(수습3개월),경기,,,https://job.nurscape.net/Jobs/Details/586781,,2026-09-07 17:05:03
널스케이프,,[경기/안산]  #종합병원 #중환자실 경력자 #1인실 기숙사제공,특수직(중환자실간호사)>중환자실>중환자실,,"5,200 ~ 6,000만원",경기,,,https://job.nurscape.net/Jobs/Details/585656,,2026-09-07 17:05:04
널스케이프,인천힘찬종합병원,[인천힘찬종합병원] 2026 경력 간호사 모집,,,정규직,인천,,,https://job.nurscape.net/Jobs/Details/587335,,2026-09-07 17:05:04
널스케이프,더자인병원,"응급실,중환자실,수술PA,병동,병동나이트,진료협력,인공신장실,비뇨외래PA",,,,,,,https://job.nurscape.net/Jobs/Details/588018,,2026-09-07 17:05:06
널스케이프,강남베드로병원,"간호사(스크럽, 외래, 내시경실, 병동)  *교육전담간호사",,,,,,,https://job.nurscape.net/Jobs/Details/588102,,2026-09-07 17:05:06
널스케이프,바로선병원,간호부 병동 3교대 / 나이트킵 간호사 채용,,,정규직,서울,,,https://job.nurscape.net/Jobs/Details/588229,,2026-09-07 17:05:07
널스케이프,,[광주] #요양병원 #병동DE-KEEP # 신규가능 #요양경력자우대,병동간호사(3교대)>병동>진료과무관,,"3,100 ~ 3,500만원",전남광주,,,https://job.nurscape.net/Jobs/Details/588864,,2026-09-07 17:05:08
널스케이프,무이재 한방병원,"무이재한방병원(강남점) 병동간호사 채용 (3교대, 나킵, DE, 미드)",,,,,,,https://job.nurscape.net/Jobs/Details/588928,,2026-09-07 17:05:09
널스케이프,,[강남]#보험심사 경력자 # IT기업 # EMR스페셜리스트 #5000~,보험심사간호사>기획운영자>한의원 치과,,"5,000 ~ 6,000만원",서울,,,https://job.nurscape.net/Jobs/Details/589016,,2026-09-07 17:05:09
널스케이프,왕십리휴병원,왕십리휴병원,"야간전담,  D EN  3교대 간호사   구인 합니다.",경력무관,,서울,,,https://job.nurscape.net/Jobs/Details/587031,,2026-09-07 17:05:09
널스케이프,화성디에스병원,화성디에스병원,화성디에스병원 ICU/일반병동/수술상담 간호사 모집,1년 이상,,경기,,,https://job.nurscape.net/Jobs/Details/589048,,2026-09-07 17:05:10
널스케이프,,[서울] #종합병원 #외래 #비뇨기과 #상근직,외래간호사>외래>비뇨기과,,"3,600 ~ 5,000만원",서울,,,https://job.nurscape.net/Jobs/Details/589244,,2026-09-07 17:05:10
널스케이프,,[서울] #종합병원 #보험심사간호사 #경력간호사,보험심사간호사>간호행정실>외과,,"3,900 ~ 5,000만원",서울,,,https://job.nurscape.net/Jobs/Details/589253,,2026-09-07 17:05:11
널스케이프,인천국제한방병원,인천국제한방병원,"병동(D,E ) 간호사 증원 합니다.",경력무관,,인천,,,https://job.nurscape.net/Jobs/Details/589501,,2026-09-07 17:05:12
널스케이프,,[서울] #척관절병원 #수술실간호사 #주5일근무# 연봉협상,특수직(수술실간호사)>수술실>정형외과,,,서울,,,https://job.nurscape.net/Jobs/Details/589673,,2026-09-07 17:05:12
널스케이프,,[경기/하남]#아동병원#50병상#병동3교대#원룸 오피스텔 제공,병동간호사(3교대)>병동>소아청소년과,,"4,200 ~ 5,000만원",경기,,,https://job.nurscape.net/Jobs/Details/590088,,2026-09-07 17:05:13
널스케이프,,[대전] #비뇨의학과 #수술실 책임 #주40시간 #성과급별도,관리직간호사>수술실>비뇨의학과,,"4,500 ~ 5,200만원",대전,,,https://job.nurscape.net/Jobs/Details/590454,,2026-09-07 17:05:14
널스케이프,나누리수원병원,"""4주기 인증 완료""수술실스크럽/외래간호사/병동3교대",,,정규직,경기,,,https://job.nurscape.net/Jobs/Details/590741,,2026-09-07 17:05:15
널스케이프,서울바른세상병원,서울바른세상병원,"병동 3교대 경력 간호사, 수술실  스크럽  간호사 모집",1년 이상,,서울,,,https://job.nurscape.net/Jobs/Details/590790,,2026-09-07 17:05:15
널스케이프,본서부병원,(기숙사1인1실) 병동3교대/D-E KEEP 모집합니다..,,,,,,,https://job.nurscape.net/Jobs/Details/590871,,2026-09-07 17:05:16
널스케이프,의료법인 정강의료재단 위드미요양병원,의료법인 정강의료재단 위드미요양병원,[위드미요양병원] 일반 병동 D&E 간호사님을 모집합니다.,2년 이상,,인천,,,https://job.nurscape.net/Jobs/Details/591148,,2026-09-07 17:05:16
널스케이프,의료법인 지암의료재단 퍼스트병원,의료법인 지암의료재단 퍼스트병원,퍼스트병원    N  나이트전담  간호사모집,경력무관,,인천,,,https://job.nurscape.net/Jobs/Details/591152,,2026-09-07 17:05:17
널스케이프,,[경기/평택] #상근직 # 상담간호사 # 신규가능,상담간호사>외래>내과,,"3,700 ~ 5,000만원",경기,,,https://job.nurscape.net/Jobs/Details/591206,,2026-09-07 17:05:18
널스케이프,제이에스병원,제이에스병원,"병동 (3교대), 수술실 스크럽, 진료지원센터 간호사 모집합니다.",경력무관,,경기,,,https://job.nurscape.net/Jobs/Details/591292,,2026-09-07 17:05:18
널스케이프,병원간호사회,병원간호사회,,경력무관,"병원간호사회 직원 채용 공고(사무처장, 과장, 단기 계약직)",서울,,,https://job.nurscape.net/Jobs/Details/591351,,2026-09-07 17:05:19
널스케이프,,[분당] 업무강도 적은 한방병원 병동간호사 /신규가능/기숙사무료제공,병동간호사(3교대)>병동>한방병원,,"3,600 ~ 4,000만원",경기,,,https://job.nurscape.net/Jobs/Details/591367,,2026-09-07 17:05:20
널스케이프,,[광주] #요양병원 #인공신장실 #수간호사 #연봉협상,관리직간호사>인공신장실>내과,,"4,300 ~ 5,000만원",전남광주,,,https://job.nurscape.net/Jobs/Details/591385,,2026-09-07 17:05:20
널스케이프,나은길외과의원,왕십리역]_외과 시술 의원_연봉 4000_최상대우_!!,,,정규직,서울,,,https://job.nurscape.net/Jobs/Details/591534,,2026-09-07 17:05:21
널스케이프,검단탑종합병원,● 중환자실/병동/응급센터/수술실/병동MD 경력간호사 모집합니다 ●,,,,,,,https://job.nurscape.net/Jobs/Details/591625,,2026-09-07 17:05:22
널스케이프,,[서울/서초] #척관절병원 #수술실스크럽 #  1년이상 #수술5건미만/일,특수직(미지정)>수술실>정형외과,,,서울,,,https://job.nurscape.net/Jobs/Details/591881,,2026-09-07 17:05:22
널스케이프,(주)에스헬스케어,(주)에스헬스케어,,경력무관,종합검진 예약상담 및 준비사항 안내(파트타임 추가모집),서울,,,https://job.nurscape.net/Jobs/Details/592088,,2026-09-07 17:05:23
널스케이프,,[경기/수원시] #여성병원 #분만없는병원 #병동3교대,병동간호사(3교대)>병동>진료과무관,,"4,500 ~ 5,000만원",경기,,,https://job.nurscape.net/Jobs/Details/592100,,2026-09-07 17:05:24
널스케이프,,[경기/성남] #척관절병원 수술실 스크럽 #주5일 #상근,특수직(수술실간호사)>수술실>정형외과,,"3,900 ~ 5,000만원",경기,,,https://job.nurscape.net/Jobs/Details/592220,,2026-09-07 17:05:24
널스케이프,보나성형외과의원,보나성형외과의원,2년 이상,[보나성형외과] 귀성형전문/수술실 (신입/경력)여간호사,,서울,,,https://job.nurscape.net/Jobs/Details/592448,,2026-09-07 17:05:25
널스케이프,,[경기]  #종합병원 #일반 병동3교대 #기숙사 제공,병동간호사(3교대)>부서무관>병동,,,경기,,,https://job.nurscape.net/Jobs/Details/592496,,2026-09-07 17:05:26
널스케이프,,[경기/안산]  #종합병원 #NEDIS전담 #상근직 #기숙사,특수직(응급실간호사)>응급실>진료과무관,,,경기,,,https://job.nurscape.net/Jobs/Details/592625,,2026-09-07 17:05:26
널스케이프,일어나병원,시흥 일어나 병원 - 간호사 모집합니다.,,,정규직,경기,,,https://job.nurscape.net/Jobs/Details/592647,,2026-09-07 17:05:27
널스케이프,똑똑플란트치과의원,"[강남, 신논현역] 똑똑플란트치과 수술팀 전담 간호사 모집",,,,,,,https://job.nurscape.net/Jobs/Details/592976,,2026-09-07 17:05:28
널스케이프,연세사랑병원,연세사랑병원,"SVF준비실, 병동3교대, 수술실 스크럽, 마취과 간호사 모집",경력무관,,서울,,,https://job.nurscape.net/Jobs/Details/593044,,2026-09-07 17:05:28
널스케이프,유웰비뇨의학과의원,유웰비뇨의학과의원,유웰비뇨의학과 [강남점] 병동 D/E keep 간호사 모집.,1년 이상,,서울,,,https://job.nurscape.net/Jobs/Details/593049,,2026-09-07 17:05:29
널스케이프,,[인천] #요양병원#300병상#병동DE #경력자우대#1인기숙사,병동간호사(DE-KEEP)>병동>재활의학과,,"3,620 ~ 5,000만원",인천,,,https://job.nurscape.net/Jobs/Details/593098,,2026-09-07 17:05:30
널스케이프,서울척탑병원,서울척탑병원,,1년 이상,,서울척탑병원   마취과/PA/병동3교대(D/E도 가능) 선생님 모십니다.,,,https://job.nurscape.net/Jobs/Details/593122,,2026-09-07 17:05:30
널스케이프,한도병원,안산 한도병원 수간호사/ 경력간호사 (3교대/환자안전전담자) 모집,,,,,,,https://job.nurscape.net/Jobs/Details/593172,,2026-09-07 17:05:31
널스케이프,금천수병원,금천수병원,D/E Keep   &  감염전담 간호사,경력무관,,서울,,,https://job.nurscape.net/Jobs/Details/593257,,2026-09-07 17:05:32
널스케이프,나누리병원,"외래,병동,스크럽  간호사 채용합니다",,,정규직,서울,,,https://job.nurscape.net/Jobs/Details/593280,,2026-09-07 17:05:32
널스케이프,,[경기] #종합병원 #중환자실 #39베드확장 #기숙사제공,특수직(중환자실간호사)>중환자실>진료과무관,,,경기,,,https://job.nurscape.net/Jobs/Details/593311,,2026-09-07 17:05:33
널스케이프,힘찬병원,힘찬병원(목동) 간호사 채용/1인 1실 기숙사 제공,,,정규직,서울,,,https://job.nurscape.net/Jobs/Details/593396,,2026-09-07 17:05:34
널스케이프,송파드림재활병원,송파드림재활병원,"재활병동D/E교대. 나이트전담 , 통합병동 3교대  간호사를  모십니다",경력무관,,서울,,,https://job.nurscape.net/Jobs/Details/593554,,2026-09-07 17:05:34
널스케이프,김철수내과의원,김철수내과 인공신장실(투석) 간호사(시작 연봉 3400) 선생님 모집!,,,,,,,https://job.nurscape.net/Jobs/Details/593585,,2026-09-07 17:05:35
널스케이프,오쿨리한방병원,[송파/강동] 암한방 병원 병동 교대 & N-KEEP /상담 간호사 구인,,,,,,,https://job.nurscape.net/Jobs/Details/593595,,2026-09-07 17:05:36
널스케이프,마디세상병원,마디세상병원,병동  3교대  & DE keep & N-keep선생님 모십니다.,1년 이상,,서울,,,https://job.nurscape.net/Jobs/Details/593672,,2026-09-07 17:05:36
널스케이프,지앤지병원,지앤지병원,지앤지병원 수술실 간호사,경력무관,,서울,,,https://job.nurscape.net/Jobs/Details/593685,,2026-09-07 17:05:37
널스케이프,중앙대의료원 교육협력 현대병원,현대병원 부분별 경력 간호사 채용 / 2027년 신규간호사 모집,,,,,,,https://job.nurscape.net/Jobs/Details/593738,,2026-09-07 17:05:38
널스케이프,연세바른병원 강남점,연세바른병원 강남점,병동 3교대 간호사/스크럽 간호사 모집합니다.,1년 이상,,서울,,,https://job.nurscape.net/Jobs/Details/593752,,2026-09-07 17:05:39
널스케이프,의료법인 일산복음병원,의료법인 일산복음병원,일반병동3교대간호사 구인,경력무관,,경기,,,https://job.nurscape.net/Jobs/Details/593779,,2026-09-07 17:05:39
널스케이프,미켈란젤로병원,미켈란젤로병원,함께 오래 일할 병동 3교대 간호사 모집합니다.&외래 주사실 간호사 모집,경력무관,,경기,,,https://job.nurscape.net/Jobs/Details/593799,,2026-09-07 17:05:40
널스케이프,청담해리슨병원,청담해리슨병원,[청담 해리슨병원] 병동3교대(D/E Keep 근무 가능),1년 이상,,서울,,,https://job.nurscape.net/Jobs/Details/593823,,2026-09-07 17:05:40
널스케이프,,[서울] #종합병원 #응급진료실 #2교대 #경력직,특수직(응급실간호사)>응급실>외과,,"4,000 ~ 5,000만원",서울,,,https://job.nurscape.net/Jobs/Details/593834,,2026-09-07 17:05:41
널스케이프,강철병원,""" 간호부 발전과 안정을 위해 추가 구인 """,,,정규직,서울,,,https://job.nurscape.net/Jobs/Details/593844,,2026-09-07 17:05:42
널스케이프,김제우석병원,김제우석병원,신규 및 경력직 간호사 채용합니다.,경력무관,,전북,,,https://job.nurscape.net/Jobs/Details/594042,,2026-09-07 17:05:42
널스케이프,바로본병원,바로본병원,[대전]바로본병원 간호통병 D/E-Keep,3년 이상,,대전,,,https://job.nurscape.net/Jobs/Details/594046,,2026-09-07 17:05:43
널스케이프,,[안산]#종합병원# QPS환자안전전담# 인증경력자,QPS간호사>QPS>환자안전전담자,,"3,600 ~ 4,500만원",경기,,,https://job.nurscape.net/Jobs/Details/594110,,2026-09-07 17:05:44
널스케이프,서울백강병원,서울백강병원 간호사 모집,,,정규직,경기,,,https://job.nurscape.net/Jobs/Details/594115,,2026-09-07 17:05:45
널스케이프,,[경기/성남] #척관절병원 수술실 PA #주5일 #상근,특수직(수술실간호사)>수술실>정형외과,,"3,900 ~ 5,000만원",경기,,,https://job.nurscape.net/Jobs/Details/594133,,2026-09-07 17:05:45
널스케이프,라이프재활의학과병원,하남  라이프재활의학과병원   병동 간호사  모십니다.( D/E/N),,,,,,,https://job.nurscape.net/Jobs/Details/594145,,2026-09-07 17:05:46
널스케이프,,[서울] #종합병원 # 검진센터 #상근직#외래간호사,검진센터간호사>검진센터>건강진단센터,,"3,500 ~ 4,300만원",서울,,,https://job.nurscape.net/Jobs/Details/594194,,2026-09-07 17:05:46
널스케이프,의료법인 영등포병원,"[영등포병원] 병동 , 중환자실 3교대 경력직간호사 구인",,,,,,,https://job.nurscape.net/Jobs/Details/594214,,2026-09-07 17:05:47
널스케이프,바른세상병원,바른세상병원,재활병동3교대,경력무관,,경기,,,https://job.nurscape.net/Jobs/Details/594279,,2026-09-07 17:05:48
널스케이프,안산온누리병원,◆  병동  (3교대.DE-KEEP) 간호사,,,정규직,경기,,,https://job.nurscape.net/Jobs/Details/594326,,2026-09-07 17:05:48
널스케이프,,[용인] #정형외과 #병동 3교대 #저연차 지원가능,병동간호사(3교대),,"3,600 ~ 4,000만원",경기,,,https://job.nurscape.net/Jobs/Details/594337,,2026-09-07 17:05:49
널스케이프,담소유병원,담소유병원,"마취과(스크럽경력자 지원가능),스크럽,상담간호사,MD",1년 이상,,서울,,,https://job.nurscape.net/Jobs/Details/594391,,2026-09-07 17:05:50
널스케이프,다인이비인후과병원,다인이비인후과병원,"간호과장(총괄관리자), 병동  야간전담 및 교대 (출산대체)간호사 초빙",1년 이상,,인천,,,https://job.nurscape.net/Jobs/Details/594393,,2026-09-07 17:05:50
널스케이프,클래스병원,"[클래스병원] 전담/수술실 스크럽, PA/마취과 간호사/병동3교대모집",,,,,,,https://job.nurscape.net/Jobs/Details/594420,,2026-09-07 17:05:51
널스케이프,의료법인 센트럴병원,의료법인 센트럴병원,"시흥 센트럴병원 _수술실, 인공신장실,병동  간호사  모집",경력무관,,경기,,,https://job.nurscape.net/Jobs/Details/594459,,2026-09-07 17:05:52
널스케이프,분당나로한방병원,분당나로한방병원,"분당 나로 한방병원 병동 데이,이브닝 교대 근무 간호사 구인합니다",1년 이상,,경기,,,https://job.nurscape.net/Jobs/Details/594465,,2026-09-07 17:05:52
널스케이프,의료법인희명의료재단,의료법인희명의료재단,"2026년 희명병원 간호사 채용공고: 중환자실,수술실,병동 외 각분야",경력무관,,서울,,,https://job.nurscape.net/Jobs/Details/594479,,2026-09-07 17:05:53
널스케이프,비에스종합병원,"병동(신규,경력),중환자,응급실,투석실,내과외래,수술실,가정간호",,,,,,,https://job.nurscape.net/Jobs/Details/594488,,2026-09-07 17:05:54
널스케이프,새로운병원,새로운병원,수술실 스크럽 / 병동 3교대 간호사 선생님을  충원합니다.,경력무관,,서울,,,https://job.nurscape.net/Jobs/Details/594496,,2026-09-07 17:05:54
널스케이프,일산 다나은한방병원,"여성암병동 DE(정규, 단기) , 파트타임 (유휴간호사 가능)",,,,,,,https://job.nurscape.net/Jobs/Details/594560,,2026-09-07 17:05:55
널스케이프,,[서울] #종합병원 #감염관리실 #경력직 #상근직 #충원,감염관리간호사>감염관리실>감염관리실,,,서울,,,https://job.nurscape.net/Jobs/Details/594580,,2026-09-07 17:05:56
널스케이프,무이재 한방병원,[무이재한방병원] 상담간호사 채용 *기본급 5천만원+매달 인센티브별도*,,,,,,,https://job.nurscape.net/Jobs/Details/594603,,2026-09-07 17:05:57
널스케이프,원탑병원,원탑병원,"""원탑 병원"" 병동 간호사 & 수술실 스크럽 간호사  증원 채용",1년 이상,,서울,,,https://job.nurscape.net/Jobs/Details/594626,,2026-09-07 17:05:57
널스케이프,전남제일요양병원,"[전남제일요양병원] 하반기 간호사 채용( N전담,D/E,3교대)",,,,,,,https://job.nurscape.net/Jobs/Details/594628,,2026-09-07 17:05:58
널스케이프,청라여성병원,◆청라여성병원 상근직/신생아실or분만실 3교대 간호사 채용합니다.◆,,,,,,,https://job.nurscape.net/Jobs/Details/594674,,2026-09-07 17:05:59
널스케이프,(의료) 칠석의료재단,(의료) 칠석의료재단,"안산 사랑의병원 병동간호사,중환자실,PA간호사 채용",경력무관,,경기,,,https://job.nurscape.net/Jobs/Details/594743,,2026-09-07 17:06:00
널스케이프,정을식내과,혈액투석 전문 간호사 모집 – 신규 및 경력 간호사,,,1년계약후 정규직환,인천,,,https://job.nurscape.net/Jobs/Details/594800,,2026-09-07 17:06:00
널스케이프,청라좋은한방병원,청라좋은한방병원,병동 DE 교대 / N-keep 간호사 선생님을 찾습니다.,경력무관,,인천,,,https://job.nurscape.net/Jobs/Details/594803,,2026-09-07 17:06:01
널스케이프,,[경기] #종합병원 #교육간호사 #통합병동 #상근직,PA간호사>외래>신경과,,"3,500 ~ 4,500만원",경기,,,https://job.nurscape.net/Jobs/Details/594823,,2026-09-07 17:06:02
널스케이프,의료법인 토마스의료재단 윌스기념병원,"응급간호팀, ICU(3교대,교육전담), 스크럽, ERCP 경력간호사 채용",,,,,,,https://job.nurscape.net/Jobs/Details/594848,,2026-09-07 17:06:03
널스케이프,골드만비뇨의학과의원,골드만비뇨의학과의원,외래주사실 간호사선생님 모십니다/양재역/월-토주5일/탄력,1년 이상,,서울,,,https://job.nurscape.net/Jobs/Details/594870,,2026-09-07 17:06:03
널스케이프,,[서울] #프리미엄 산후조리원 #신생아실 #팀장 및 경력간호사,산후조리원간호사 >부서무관>소아과부인과,,"4,000 ~ 4,500만원",서울,,,https://job.nurscape.net/Jobs/Details/594854,,2026-09-07 17:06:05
널스케이프,안산조은요양병원,안산조은요양병원,"D/E keep,   투석실(월수금 PRN포함)  간호사님  모십니다.",1년 이상,,경기,,,https://job.nurscape.net/Jobs/Details/594906,,2026-09-07 17:06:06
널스케이프,제일정형외과병원,제일정형외과병원,[주5일] 수술실 스크럽 간호사 채용,경력무관,,서울,,,https://job.nurscape.net/Jobs/Details/594980,,2026-09-07 17:06:07
널스케이프,엔플러스병원,엔플러스병원,**(동대문구)병동 3 교대  간호사 선생님 모집 합니다**,1년 이상,,서울,,,https://job.nurscape.net/Jobs/Details/595052,,2026-09-07 17:06:08
널스케이프,제일정형외과병원,제일정형외과병원,[제일정형외과병원] 시술실 간호사 채용공고(상근직),경력무관,,서울,,,https://job.nurscape.net/Jobs/Details/594894,,2026-09-07 17:06:09
널스케이프,평촌우리병원,평촌우리병원,"병동 책임간호사,병동 간호사, 수술실PA  채용",1년 이상,,경기,,,https://job.nurscape.net/Jobs/Details/595053,,2026-09-07 17:06:10
널스케이프,,[서울/강서] #척관절병원 #스크럽 #1년경력 #연봉협의,특수직(수술실간호사)>수술실>정형외과,,,서울,,,https://job.nurscape.net/Jobs/Details/595065,,2026-09-07 17:06:11
널스케이프,,[서울/서대문구] #투석실 신규 환영 #주40시간 미만 #3500만원,특수직(미지정)>인공신장실>인공신장실,,,서울,,,https://job.nurscape.net/Jobs/Details/595072,,2026-09-07 17:06:11
널스케이프,에이블병원,에이블병원,!!연봉인상!  에이블 병원과 함께할 교대 및 야간전담  선생님 모십니다,경력무관,,경기,,,https://job.nurscape.net/Jobs/Details/595076,,2026-09-07 17:06:12
널스케이프,서울재활병원,[서울재활병원] 간호사 모집(성인/소아 병동 및 단기),,,계약직,서울,,,https://job.nurscape.net/Jobs/Details/595054,,2026-09-07 17:06:13
널스케이프,한빛현요양병원,한빛현요양병원,"1)병동수간호사, 2)병동D,E 교대  간호사 구인합니다",경력무관,,경기,,,https://job.nurscape.net/Jobs/Details/595082,,2026-09-07 17:06:13
널스케이프,히즈메디병원,히즈메디병원,[히즈메디병원] 병동  D/E 및 N-keep (경력직 우대),경력무관,,경기,,,https://job.nurscape.net/Jobs/Details/595098,,2026-09-07 17:06:13
널스케이프,,[경기/안산]  #종합병원 #스크럽  #원룸 기숙사 제공,특수직(미지정)>수술실>기타,,,경기,,,https://job.nurscape.net/Jobs/Details/595131,,2026-09-07 17:06:15
널스케이프,두발로 병원,"외래간호사, 수술실PA, 마취간호사 구인합니다.",,,정규직,서울,,,https://job.nurscape.net/Jobs/Details/595176,,2026-09-07 17:06:15
널스케이프,연세바로척병원,연세바로척병원,"⋆ 상담 간호사, 마취과 간호사  ⋆",1년 이상,,서울,,,https://job.nurscape.net/Jobs/Details/595208,,2026-09-07 17:06:16
널스케이프,송도하나요양병원,송도하나요양병원,"병동 D/E ,N-keep 근무하실 간호사님을  모십니다",경력무관,,인천,,,https://job.nurscape.net/Jobs/Details/595210,,2026-09-07 17:06:17
널스케이프,제니스병원,제니스병원,데이전담 간호사 구인,1년 이상,,서울,,,https://job.nurscape.net/Jobs/Details/595221,,2026-09-07 17:06:18
널스케이프,동탄시티병원,[동탄시티병원] (병동/마취과/응급실/외래/보건관리자) 간호사 모집 공고,,,,,,,https://job.nurscape.net/Jobs/Details/595226,,2026-09-07 17:06:19
널스케이프,바로서구병원,"병동, 외래팀장님 및 상담실, 병동간호사 선생님을 모십니다",,,,,,,https://job.nurscape.net/Jobs/Details/595249,,2026-09-07 17:06:20
널스케이프,시흥이안병원,시흥이안병원 분야별 간호사 모집,,,정규직,경기,,,https://job.nurscape.net/Jobs/Details/595153,,2026-09-07 17:06:21
널스케이프,성모척관병원,성모척관병원,간호간병 통합 병동 간호사 충원합니다.,경력무관,,경기,,,https://job.nurscape.net/Jobs/Details/595254,,2026-09-07 17:06:22
널스케이프,서울나우병원,서울나우병원,[서울나우병원]  수술실 스크럽 간호사  구인,2년 이상,,경기,,,https://job.nurscape.net/Jobs/Details/595290,,2026-09-07 17:06:22
널스케이프,청구성심병원,"수술실,중환자실간호사",,,정규직,서울,,,https://job.nurscape.net/Jobs/Details/595266,,2026-09-07 17:06:23
널스케이프,연세 와병원,연세 와병원,"병동3교대 간호사, 외래간호사,수술실 스크럽 간호사 채용",2년 이상,,인천,,,https://job.nurscape.net/Jobs/Details/595293,,2026-09-07 17:06:24
널스케이프,,[인천] #종합병원 #인공신장실 #비브라운 #경력간호사,특수직(수술실간호사)>인공신장실>내과,,"3,300 ~ 4,200만원",서울,,,https://job.nurscape.net/Jobs/Details/595292,,2026-09-07 17:06:24
널스케이프,치유한방병원,치유한방병원,치유한방병원에서 3교대 병동 간호사를 모집합니다.,경력무관,,인천,,,https://job.nurscape.net/Jobs/Details/595298,,2026-09-07 17:06:25
널스케이프,로체스터병원,로체스터병원,로체스터병원 3교대 간호사 구인합니다.(의정부시 금오동),경력무관,,경기,,,https://job.nurscape.net/Jobs/Details/595302,,2026-09-07 17:06:25
널스케이프,참예원의료재단 성북참요양병원,참예원의료재단 성북참요양병원,증축으로  인한 간호인력공고,경력무관,,서울,,,https://job.nurscape.net/Jobs/Details/595307,,2026-09-07 17:06:26
널스케이프,미소들병원,미소들병원,"환자안전 전담자,투석실 간호사(경력직), 나이트킵, D&E간호사",경력무관,,서울,,,https://job.nurscape.net/Jobs/Details/595317,,2026-09-07 17:06:27
널스케이프,명지춘혜병원,명지춘혜재활병원 간호부장 채용,,,정규직,서울,,,https://job.nurscape.net/Jobs/Details/595319,,2026-09-07 17:06:27
널스케이프,무이재의원,무이재의원,[강동]무이재의원 암병동 PA 상근직 간호사 채용,1년 이상,,서울,,,https://job.nurscape.net/Jobs/Details/595329,,2026-09-07 17:06:27
널스케이프,포레메디 한방병원,포레메디 한방병원,포레메디 한방병원 병동 D/E 간호사 모집,1년 이상,,서울,,,https://job.nurscape.net/Jobs/Details/595360,,2026-09-07 17:06:28
널스케이프,더헤리티지요양원,더헤리티지요양원,효율적 간호관리(통합관리),1년 이상,,경기,,,https://job.nurscape.net/Jobs/Details/595370,,2026-09-07 17:06:29
널스케이프,아너스힐병원,아너스힐병원,"김포 아너스힐병원 D-keep, N-keep 간호사 모집합니다.",경력무관,,경기,,,https://job.nurscape.net/Jobs/Details/595381,,2026-09-07 17:06:29
널스케이프,인일요양병원,인일요양병원,D/E  간호사 모십니다,경력무관,,인천,,,https://job.nurscape.net/Jobs/Details/595403,,2026-09-07 17:06:30
널스케이프,성은병원,정신과병동간호사선생님을 모집합니다.,3개월후정규전환가능,,3600~4300만원,경기,,,https://job.nurscape.net/Jobs/Details/595433,,2026-09-07 17:06:31
널스케이프,다니엘종합병원,"중환자실/ 응급실 /통합병동,  경력  / 2026년 신규 간호사 구인",,,,,,,https://job.nurscape.net/Jobs/Details/595434,,2026-09-07 17:06:31
널스케이프,웰손병원,■ 웰손병원 수술실 스크럽/병동 3교대 모집 합니다.,,,정규직,경기,,,https://job.nurscape.net/Jobs/Details/595451,,2026-09-07 17:06:32
널스케이프,,[서울]#안과의원 #망막수술특화 #수술실팀장 #5000만원,특수직(미지정),,"5,000 ~ 5,000만원",서울,,,https://job.nurscape.net/Jobs/Details/595455,,2026-09-07 17:06:33
널스케이프,의료법인 녹십자의료재단 녹십자아이메드서울숲의원,의료법인 녹십자의료재단 녹십자아이메드서울숲의원,,2년 이상,[녹십자아이메드 서울숲의원] 채혈 간호사 모집 (오전촉탁),서울,,,https://job.nurscape.net/Jobs/Details/595467,,2026-09-07 17:06:33
널스케이프,,[남양주] #어린이병원 #영유아검진전담자 #상근직,영유아검진>외래>소아청소년과,,"3,500 ~ 4,000만원",경기,,,https://job.nurscape.net/Jobs/Details/595478,,2026-09-07 17:06:34
널스케이프,의료법인 롯데의료재단,(의)롯데의료재단 보바스기념병원(분당)병동3교대(경력직) 모집,,,,,,,https://job.nurscape.net/Jobs/Details/595493,,2026-09-07 17:06:35
널스케이프,대전허리사랑병원,대전허리사랑병원,병동교대근무자 채용공고,경력무관,,대전,,,https://job.nurscape.net/Jobs/Details/595494,,2026-09-07 17:06:36
널스케이프,서울퍼스트병원,서울퍼스트병원,(신규가능)편안하고 화목한 재활병동  DE근무 [회복기재활의료기관],경력무관,,서울,,,https://job.nurscape.net/Jobs/Details/595496,,2026-09-07 17:06:37
널스케이프,K한방병원,K한방병원,병동  간호사선생님을 모십니다. 빠른 입사 가능하신 분 환영합니다,경력무관,,경기,,,https://job.nurscape.net/Jobs/Details/595497,,2026-09-07 17:06:37
널스케이프,목동현대웰병원,목동현대웰병원,"재활RN/간호 1등급 추가구인/임금체불,투석,감염,인증,비급여영업 X",경력무관,,서울,,,https://job.nurscape.net/Jobs/Details/595501,,2026-09-07 17:06:37
널스케이프,트리니티병원,트리니티병원,3교대 1명,경력무관,,서울,,,https://job.nurscape.net/Jobs/Details/595504,,2026-09-07 17:06:38
널스케이프,오송 서문365정형외과 의원,오송 서문365정형외과 의원,"[오송서문365정형외과] 수술실, 간호사 RN 채용",경력무관,,충북,,,https://job.nurscape.net/Jobs/Details/595518,,2026-09-07 17:06:39
널스케이프,인본병원,"인본병원 (수술실 PA, 스크럽) 간호사 채용합니다.",,,정규직,경기,,,https://job.nurscape.net/Jobs/Details/595524,,2026-09-07 17:06:39
널스케이프,문산중앙병원,문산중앙병원,파주시 문산중앙병원  간호사 모집합니다 (병동 3교대/수술실/독감접종실),경력무관,,경기,,,https://job.nurscape.net/Jobs/Details/595532,,2026-09-07 17:06:40
널스케이프,연세서울병원,연세서울병원,(일산정신과)D/E  간호사님 모십니다.,경력무관,,경기,,,https://job.nurscape.net/Jobs/Details/595536,,2026-09-07 17:06:41
널스케이프,다나음한방병원,다나음한방병원,한방병원  DE교대/E-KEEP/N-KEEP간호사 선생님을 모십니다.,1년 이상,,인천,,,https://job.nurscape.net/Jobs/Details/595537,,2026-09-07 17:06:41
널스케이프,서울숭인병원,서울숭인병원,일반격리병동 DE킵 간호사 구인합니다.,경력무관,,서울,,,https://job.nurscape.net/Jobs/Details/595540,,2026-09-07 17:06:42
널스케이프,(주)케이티아이에스,(주)케이티아이에스,[서울아산병원] 진료예약센터 상담간호사 모집,1년 이상,,서울,,,https://job.nurscape.net/Jobs/Details/595551,,2026-09-07 17:06:43
널스케이프,참조은병원(경기광주),"[참조은병원] 종합병원 수술실,중환자실,응급실,인공신장실,병동,내시경실",,,,,,,https://job.nurscape.net/Jobs/Details/595559,,2026-09-07 17:06:43
널스케이프,구로성심병원,"간호간병, 일반병동, 외래(상근) 경력 간호사 채용",,,정규직,서울,,,https://job.nurscape.net/Jobs/Details/595563,,2026-09-07 17:06:44
널스케이프,인천 더하다한방병원,인천 더하다한방병원,[인천더하다한방병원]  병동 D/E 교대 간호사 채용,경력무관,,인천,,,https://job.nurscape.net/Jobs/Details/595568,,2026-09-07 17:06:45
널스케이프,의료법인순천의료재단 성남정병원,통합병동/ 일반병동/ QPS 간호사 모집,,,정규직,경기,,,https://job.nurscape.net/Jobs/Details/595588,,2026-09-07 17:06:46
널스케이프,호산여성병원,호산여성병원,[강남구] 호산여성병원 분만실 간호 모집,2년 이상,,서울,,,https://job.nurscape.net/Jobs/Details/595592,,2026-09-07 17:06:46
널스케이프,코젤병원,코젤병원,1년 이상,소아청소년 전문병원 [병동팀] 경력 1년이상 간호사 채용,,대전,,,https://job.nurscape.net/Jobs/Details/595625,,2026-09-07 17:06:47
널스케이프,,[서울/강남] #난임의원 #외래간호사 #전원RN #쾌적한 환경,외래간호사>외래>산부인과,,"3,500 ~ 6,000만원",서울,,,https://job.nurscape.net/Jobs/Details/595643,,2026-09-07 17:06:48
널스케이프,제일정형외과병원,제일정형외과병원,[주5일] 수술실 마취 간호사 채용,경력무관,,서울,,,https://job.nurscape.net/Jobs/Details/595653,,2026-09-07 17:06:48
널스케이프,제일정형외과병원,제일정형외과병원,[성과급有] 척추관절병원 QPS 팀장 채용,경력무관,,서울,,,https://job.nurscape.net/Jobs/Details/595654,,2026-09-07 17:06:49
널스케이프,아이디병원,아이디병원,[아이디병원] 성형외과 수술실 간호사 채용,경력무관,,서울,,,https://job.nurscape.net/Jobs/Details/595658,,2026-09-07 17:06:49
널스케이프,압구정성모안과의원,압구정성모안과의원,,경력무관,압구정 성모 안과 수술실 정규직 간호사 채용합니다.,서울,,,https://job.nurscape.net/Jobs/Details/595681,,2026-09-07 17:06:50
널스케이프,,[경기/오산] #의원 #인공신장실 #NIPRO #상여금,특수직(투석간호사)>인공신장실>내과,,"3,300 ~ 5,000만원",경기,,,https://job.nurscape.net/Jobs/Details/595682,,2026-09-07 17:06:51
널스케이프,,[서울/강남]#안과의원 #수술실 # 스크럽 # 직원관리,특수직(미지정),,"4,500 ~ 5,500만원",서울,,,https://job.nurscape.net/Jobs/Details/595684,,2026-09-07 17:06:51
널스케이프,뉴 성민병원,뉴 성민병원,병동  &   외래  정형외과(상처)_ 전담간호사  구인합니다,1년 이상,,인천,,,https://job.nurscape.net/Jobs/Details/595722,,2026-09-07 17:06:52
널스케이프,의료법인 아인의료재단,[아인병원] 2026 하반기 신규 간호사 채용,,,정규직,인천,,,https://job.nurscape.net/Jobs/Details/595741,,2026-09-07 17:06:53
널스케이프,서울효천의료재단 에이치플러스 양지병원,"간호사 모집 (응급실, 내시경)",채용 공고문 참고,,,서울,,,https://job.nurscape.net/Jobs/Details/595754,,2026-09-07 17:06:53
널스케이프,옐로우성형외과의원,옐로우성형외과의원,[강남역/주5일제/야간근무없음]옐로우성형외과 수술실간호사선생님 채용공고,1년 이상,,서울,,,https://job.nurscape.net/Jobs/Details/595767,,2026-09-07 17:06:54
널스케이프,서울마리산부인과의원,서울마리산부인과의원,,1년 이상,,서울마리산부인과(하남) 난임/부인과 스크럽 RN 선생님을 모십니다.,,,https://job.nurscape.net/Jobs/Details/595796,,2026-09-07 17:06:55
널스케이프,성모하와유외과의원,성모하와유외과의원,성모하와유외과[외래팀 확장] 함께할 간호사 선생님 모십니다.,1년 이상,,인천,,,https://job.nurscape.net/Jobs/Details/595800,,2026-09-07 17:06:55
널스케이프,고도일병원,고도일병원,수술실  & 재활병동( 3교대 )간호사 구인합니다,경력무관,,서울,,,https://job.nurscape.net/Jobs/Details/595838,,2026-09-07 17:06:56
널스케이프,에덴메디여성병원,(수원) 병동/수술분만/외래선생님 구인합니다.,,,정규직,경기,,,https://job.nurscape.net/Jobs/Details/595839,,2026-09-07 17:06:57
널스케이프,다봄내과의원,다봄내과의원,다봄내과에서  간호사 선생님 충원합니다.,1년 이상,,인천,,,https://job.nurscape.net/Jobs/Details/595844,,2026-09-07 17:06:57
널스케이프,바른마디병원,바른마디병원,수술실 스크럽 / 수술실   PA/외래  간호사 구함,1년 이상,,경기,,,https://job.nurscape.net/Jobs/Details/595853,,2026-09-07 17:06:58
널스케이프,,[인천] #종합병원 #중환자실 #경력자 #월세지원금,특수직(중환자실간호사)>중환자실>중환자실,,"4,472 ~ 5,100만원",인천,,,https://job.nurscape.net/Jobs/Details/595857,,2026-09-07 17:06:59
널스케이프,우리본정형외과,우리본정형외과,우리본정형외과 수술실 간호사님을 모십니다.,2년 이상,,서울,,,https://job.nurscape.net/Jobs/Details/595860,,2026-09-07 17:07:00
널스케이프,동탄 더:하다한방병원,동탄 더:하다한방병원,[동탄 더:하다한방병원] 병동간호사 N KEEP 채용,경력무관,,경기,,,https://job.nurscape.net/Jobs/Details/595863,,2026-09-07 17:07:01
널스케이프,본바움병원,"[본바움]외래팀장, 병동 3교대&N-K, 스크럽,초빙합니다(월세 지원)",,,,,,,https://job.nurscape.net/Jobs/Details/595864,,2026-09-07 17:07:01
널스케이프,위비앙병원,위비앙병원,위비앙병원  N-KEEP간호사님 모십니다.,경력무관,,서울,,,https://job.nurscape.net/Jobs/Details/595865,,2026-09-07 17:07:02
널스케이프,신촌면력한방병원,신촌면력한방병원,[면력한방병원 신촌점]  병동 D/E 간호사  추가 채용,1년 이상,,서울,,,https://job.nurscape.net/Jobs/Details/595867,,2026-09-07 17:07:04
널스케이프,홍영노인전문병원,홍영노인전문병원,홍영노인전문병원 나이트 킵 모집공고,경력무관,,경기,,,https://job.nurscape.net/Jobs/Details/595873,,2026-09-07 17:07:04
널스케이프,,[서울/강남구]#의원#안과#수술실#상근직#신규#경력,특수직(수술실간호사)>수술실>안과,,"3,600 ~ 5,000만원",서울,,,https://job.nurscape.net/Jobs/Details/595877,,2026-09-07 17:07:05
널스케이프,인정병원,인정병원,[인정병원] 건강검진센터 간호사 모집합니다.,2년 이상,,서울,,,https://job.nurscape.net/Jobs/Details/595887,,2026-09-07 17:07:06
널스케이프,,[인천] #GS전문의원 #대병출신 전문의 4명 #외래팀장 #10명관리,관리직간호사>외래>외과,,"5,000 ~ 7,000만원",인천,,,https://job.nurscape.net/Jobs/Details/595893,,2026-09-07 17:07:07
널스케이프,튼튼병원,통합병동 3교대//수술실 수간호사/스크럽모집,,,정규직,경기,,,https://job.nurscape.net/Jobs/Details/595896,,2026-09-07 17:07:09
널스케이프,강남제이에스병원,강남제이에스병원,채용시까지,경력무관,정규직 병동간호사 3교대 선생님 모집합니다.,서울,,,https://job.nurscape.net/Jobs/Details/595904,,2026-09-07 17:07:10
널스케이프,구로우리아이들 병원,구로우리아이들 병원,"[연봉 4,500~] 병동 3교대 간호사 모집",경력무관,,서울,,,https://job.nurscape.net/Jobs/Details/595907,,2026-09-07 17:07:12
널스케이프,파주365한방병원,파주365한방병원,파주365한방병원(병동)  간호사(D/E) 구인합니다,경력무관,,경기,,,https://job.nurscape.net/Jobs/Details/595918,,2026-09-07 17:07:13
널스케이프,나나성형외과의원,나나성형외과의원,[나나성형외과] 병동 3교대 선생님 채용,경력무관,,서울,,,https://job.nurscape.net/Jobs/Details/595889,,2026-09-07 17:07:15
널스케이프,한강수병원,*** 병동 3교대  간호사 모십니다^^  ***,,,정규직,서울,,,https://job.nurscape.net/Jobs/Details/595951,,2026-09-07 17:07:16
널스케이프,강남구립행복요양병원,강남구립행복요양병원  병동  3교대 간호사,,,정규직,서울,,,https://job.nurscape.net/Jobs/Details/595971,,2026-09-07 17:07:17
널스케이프,서울온비뇨의학과의원 강서,서울온비뇨의학과의원 강서,까치산역 도보1분] 서울온비뇨의학과 강서 간호사 채용,경력무관,,서울,,,https://job.nurscape.net/Jobs/Details/595948,,2026-09-07 17:07:19
널스케이프,다 병원,다 병원,[다병원] 수술실 마취간호사 /스크럽 간호사/ PA간호사  채용공고,경력무관,,경기,,,https://job.nurscape.net/Jobs/Details/595990,,2026-09-07 17:07:20
널스케이프,차의과학대학교 차병원,2027년도 차 의과학대학교 차병원 신입/경력 간호사 모집,,,,,,,https://job.nurscape.net/Jobs/Details/596045,,2026-09-07 17:07:20
널스케이프,,[서울/강남] #안과의원  #2인원장 #외래간호사 #4000-5000,외래간호사>외래>산부인과,,"4,000 ~ 5,000만원",서울,,,https://job.nurscape.net/Jobs/Details/595979,,2026-09-07 17:07:21
널스케이프,리움한방병원,리움한방병원,병동 D/E 간호사채용합니다.[서울대 옆 혜화역 도보2분],2년 이상,,서울,,,https://job.nurscape.net/Jobs/Details/596069,,2026-09-07 17:07:22
널스케이프,의료법인 인성의료재단 한림병원,의료법인 인성의료재단 한림병원,"[한림병원] BEST팀 통합병동, 중환자실 간호사 모집",경력무관,,인천,,,https://job.nurscape.net/Jobs/Details/596091,,2026-09-07 17:07:22
널스케이프,한걸음요양병원,한걸음요양병원,off16개 병동 D-keep 간호사 모십니다.(34bed),1년 이상,,서울,,,https://job.nurscape.net/Jobs/Details/596099,,2026-09-07 17:07:23
널스케이프,의료법인 메디피아 메디피움의원,의료법인 메디피아 메디피움의원,"(의)메디피아 메디피움 동탄재활병원 간호사 3교대, 보험심사간호사 모집",경력무관,,경기,,,https://job.nurscape.net/Jobs/Details/596101,,2026-09-07 17:07:24
널스케이프,구로우리아이들 병원,구로우리아이들 병원,"주3회NIGHT, 주 4회 OFF 우리아이들병원 외래간호사 모집 공고",경력무관,,서울,,,https://job.nurscape.net/Jobs/Details/596087,,2026-09-07 17:07:24
널스케이프,아너스힐병원,아너스힐병원,[강동아너스힐병원] D-keep 또는 N-keep 병동간호사 모집합니다.,경력무관,,서울,,,https://job.nurscape.net/Jobs/Details/596116,,2026-09-07 17:07:25
널스케이프,효림요양병원,효림요양병원,일산효림 요양병원  병동 간호사 모집합니다.,경력무관,,경기,,,https://job.nurscape.net/Jobs/Details/596121,,2026-09-07 17:07:25
널스케이프,,[서울]#척관절병원#병동수간호사#상근직#관리직간호사,관리직간호사>병동>정형외과,,"5,000 ~ 6,000만원",서울,,,https://job.nurscape.net/Jobs/Details/596131,,2026-09-07 17:07:26
널스케이프,엘병원,엘병원,인공신장실/중환자실/병동/건강증진팀 간호사를 모십니다.,경력무관,,경기,,,https://job.nurscape.net/Jobs/Details/596135,,2026-09-07 17:07:27
널스케이프,아침정원의원,[하반기 추가 채용] 아침정원의원 혈관 시술 *수술 간호사 추가 채용,,,,,,,https://job.nurscape.net/Jobs/Details/596154,,2026-09-07 17:07:28
널스케이프,최상산부인과의원,최상산부인과의원,[주 5일 / 주 40시간] 난임 상담 간호사  채용,5년 이상,,서울,,,https://job.nurscape.net/Jobs/Details/596159,,2026-09-07 17:07:28
널스케이프,동아ST,"동아ST 교육간호사 채용(담당구역 대전,천안)",,,계약직,대전,,,https://job.nurscape.net/Jobs/Details/596152,,2026-09-07 17:07:29
널스케이프,최상산부인과의원,최상산부인과의원,[주 5일 / 주 40시간] 최상산부인과  난임 외래 주사실 간호사 모집,2년 이상,,서울,,,https://job.nurscape.net/Jobs/Details/596161,,2026-09-07 17:07:30
널스케이프,아르고요양병원,아르고요양병원,"[일산아르고요양병원] D/E 간호사, 나이트선생님을 모십니다.",1년 이상,,경기,,,https://job.nurscape.net/Jobs/Details/596184,,2026-09-07 17:07:31
널스케이프,의료법인 양진의료재단 평택성모병원,"병동/중환자실/응급실/수술실(마취과,스크럽)/드레싱,정형외과 전담 간호사",,,,,,,https://job.nurscape.net/Jobs/Details/596187,,2026-09-07 17:07:31
널스케이프,두손병원,두손병원,병동 간호사 및 수술실 간호사님을 모십니다.,경력무관,,경기,,,https://job.nurscape.net/Jobs/Details/596233,,2026-09-07 17:07:32
널스케이프,남양주한양병원,"[남양주한양종합병원] 심사팀,병동,중환자실,수술실,응급실   간호사 모집",,,,,,,https://job.nurscape.net/Jobs/Details/596244,,2026-09-07 17:07:33
널스케이프,연세동작병원,연세동작병원에서 간호사 선생님 모십니다.(나이트킵/ 2교대/3교대),,,,,,,https://job.nurscape.net/Jobs/Details/596245,,2026-09-07 17:07:34
널스케이프,리움한방병원,리움한방병원,리움한방병원(강동/송파)에서  N-KEEP 간호사 채용합니다.,2년 이상,,서울,,,https://job.nurscape.net/Jobs/Details/596255,,2026-09-07 17:07:35
널스케이프,의료법인효녀의료재단 효자병원,D.E-KEEP//DE  모집 합니다.,,,정규직,경기,,,https://job.nurscape.net/Jobs/Details/596257,,2026-09-07 17:07:36
널스케이프,더힐병원,[송파] 암전문 더힐병원 병동 간호사 (D/E or N KEEP),,,,,,,https://job.nurscape.net/Jobs/Details/596276,,2026-09-07 17:07:36
널스케이프,서울예스병원,"서울예스병원일반병동(3교대),수술실(PA,스크럽)간호사 채용",,,,,,,https://job.nurscape.net/Jobs/Details/596235,,2026-09-07 17:07:37
널스케이프,마디척병원,마디척병원,병동 3교대(저연차 지원가능)&병동 전담간호사  채용,경력무관,,경기,,,https://job.nurscape.net/Jobs/Details/596280,,2026-09-07 17:07:37
널스케이프,하늘빛어린이병원,용인 수지) 하늘빛 어린이병원 병동 (2교대) 및 외래 간호사 채용,,,,,,,https://job.nurscape.net/Jobs/Details/596286,,2026-09-07 17:07:38
널스케이프,미래병원,미래병원,미래병원 환자안전전담 간호사 모집합니다,5년 이상,,전북,,,https://job.nurscape.net/Jobs/Details/596289,,2026-09-07 17:07:38
널스케이프,강남세브란스병원,강남세브란스병원,,경력무관,[연세의료원 강남세브란스병원] 계약직 간호사(외래간호팀) 모집,서울,,,https://job.nurscape.net/Jobs/Details/596292,,2026-09-07 17:07:39
널스케이프,대진의료재단 분당제생병원,진료부 진료지원실 전담간호사 모집,,,정규직,경기,,,https://job.nurscape.net/Jobs/Details/596300,,2026-09-07 17:07:40
널스케이프,서울현대병원,"병동경력간호사(3교대, DE Keep/ 책임, 팀장) 채용",,,,,,,https://job.nurscape.net/Jobs/Details/596304,,2026-09-07 17:07:41
널스케이프,효림요양병원,효림요양병원,1년 이상,투석실 1년이상 경력 간호사(6시30분~ 12시30분전후):오전만 근무,,서울,,,https://job.nurscape.net/Jobs/Details/596306,,2026-09-07 17:07:41
널스케이프,서울제일내과의원,서울제일내과의원,[30시간][IV 전문가[업계최고-단기가능]- IV 내시경전처치/ 수액,5년 이상,,경기,,,https://job.nurscape.net/Jobs/Details/596308,,2026-09-07 17:07:42
널스케이프,바른사랑병원,바른사랑병원,"바른사랑병원(OS,NS) 병동3교대 간호사구인합니다.",2년 이상,,서울,,,https://job.nurscape.net/Jobs/Details/596314,,2026-09-07 17:07:43
널스케이프,닥터효내과,닥터효내과,[신용산역] 닥터효내과 간호팀 직원 모십니다,1년 이상,,서울,,,https://job.nurscape.net/Jobs/Details/596321,,2026-09-07 17:07:43
널스케이프,청담우리들병원,QPS/스크럽/병동3교대 모집합니다.,,,정규직,서울,,,https://job.nurscape.net/Jobs/Details/596327,,2026-09-07 17:07:44
널스케이프,,[강원/원주] #건강기능식품 #연구간호사 #경력직 #8-5시근무,연구간호사(CRC),,"3,400 ~ 3,800만원",강원,,,https://job.nurscape.net/Jobs/Details/596330,,2026-09-07 17:07:44
널스케이프,서울본원병원,서울본원병원,,1년 이상,,서울본원병원 2026년 공개채용   (병동 3교대 / 증원),,,https://job.nurscape.net/Jobs/Details/596335,,2026-09-07 17:07:45
널스케이프,서울이왕병원,■스크럽 경력 간호사 구인합니다■,,,정규직,인천,,,https://job.nurscape.net/Jobs/Details/596337,,2026-09-07 17:07:45
널스케이프,청담리온정형외과의원,청담리온정형외과의원,(주32.5시간 근무)청담리온정형외과 수술실 스크럽 간호사를 모집합니다.,2년 이상,,서울,,,https://job.nurscape.net/Jobs/Details/596343,,2026-09-07 17:07:46
널스케이프,에이스병원,에이스병원 채용완료,,,정규직,경기,,,https://job.nurscape.net/Jobs/Details/596363,,2026-09-07 17:07:47
널스케이프,성모하와유외과의원,성모하와유외과의원,"꾸준히 성장하는 성모하와유외과, 함께 이끌어갈 [외래팀장님]을 모십니다",5년 이상,,인천,,,https://job.nurscape.net/Jobs/Details/596402,,2026-09-07 17:07:47
널스케이프,성북우리아이들병원,"[연봉 4,300~] Night Keep, 주간 주사실 간호사 모집",,,,,,,https://job.nurscape.net/Jobs/Details/596406,,2026-09-07 17:07:48
널스케이프,강남유나이티드병원,강남유나이티드병원,"강남유나이티드병원  수술실 스크럽, 병동(N-K, 3교대)  모집합니다.",경력무관,,서울,,,https://job.nurscape.net/Jobs/Details/596408,,2026-09-07 17:07:49
널스케이프,부원의료재단 서초요양병원,부원의료재단 서초요양병원,"경력간호 -T-tube, 감염환자, 중환자실없음, 환자수35명",경력무관,,서울,,,https://job.nurscape.net/Jobs/Details/596419,,2026-09-07 17:07:49
널스케이프,서울프라임한방병원,서울프라임한방병원,N-keep .  간호사 모집 합니다 .,1년 이상,,서울,,,https://job.nurscape.net/Jobs/Details/596444,,2026-09-07 17:07:50
널스케이프,아주대학교요양병원,"아주대학교요양병원 신규, 경력 3교대, N-Keep 간호사 모집",,,,,,,https://job.nurscape.net/Jobs/Details/596447,,2026-09-07 17:07:51
널스케이프,건주병원,건주병원 검진팀장 및 검진(내과) 외래 책임간호사 및 상담간호사 모집,,,,,,,https://job.nurscape.net/Jobs/Details/596451,,2026-09-07 17:07:51
널스케이프,한솔병원,[한솔병원] ① 병동3교대 ②N-KEEP 간호사 모집,,,정규직/계약직,서울,,,https://job.nurscape.net/Jobs/Details/596460,,2026-09-07 17:07:52
널스케이프,서울세계로병원,서울세계로병원,"내과암병동  DE-KEEP, 3교대 간호사 모집",경력무관,,서울,,,https://job.nurscape.net/Jobs/Details/596461,,2026-09-07 17:07:53
널스케이프,의료법인 명지의료재단,의료법인 명지의료재단,명지병원 진료과 전담간호사 채용,3년 이상,,경기,,,https://job.nurscape.net/Jobs/Details/596476,,2026-09-07 17:07:53
널스케이프,,[서울/척관절병원] #OS수술실스크럽 #경력5년이상 #수술실장,특수직(미지정)>수술실>정형외과,,,서울,,,https://job.nurscape.net/Jobs/Details/596477,,2026-09-07 17:07:54
널스케이프,대전한국병원,대전한국병원 인공신장센터 간호사 모집,,,정규직,대전,,,https://job.nurscape.net/Jobs/Details/596482,,2026-09-07 17:07:55
널스케이프,최상산부인과의원,최상산부인과의원,[주 5일 / 주 40시간] 부인과 상담 간호사  채용,5년 이상,,서울,,,https://job.nurscape.net/Jobs/Details/596502,,2026-09-07 17:07:55
널스케이프,최상산부인과의원,최상산부인과의원,[주5일 / 주40시간] 최상산부인과 난임 외래간호사 모집,경력무관,,서울,,,https://job.nurscape.net/Jobs/Details/596504,,2026-09-07 17:07:56
널스케이프,삼성조은외과의원,삼성조은외과의원,"[의정부역]   간호사 선생님  (실장/상담, 외래 관리)을 모십니다.",3년 이상,,경기,,,https://job.nurscape.net/Jobs/Details/596521,,2026-09-07 17:07:57
널스케이프,면력한방병원,면력한방병원,면력한방병원 병동 DE킵 간호사 모집(간호등급 상향을 위한 인력 충원),1년 이상,,서울,,,https://job.nurscape.net/Jobs/Details/596522,,2026-09-07 17:07:57
널스케이프,광명면력한방병원,광명면력한방병원,"광명면력한방병원 간호사 모집(DE킵, 3교대 / 간호등급 상향)",1년 이상,,경기,,,https://job.nurscape.net/Jobs/Details/596524,,2026-09-07 17:07:58
널스케이프,성동면력한방병원,성동면력한방병원,성동면력한방병원 간호사 모집,경력무관,,서울,,,https://job.nurscape.net/Jobs/Details/596528,,2026-09-07 17:07:59
널스케이프,이화양내과의원,이화양내과의원,잠원동 이화양내과에서  2달근무 간호사선생님 (실수령290)격주 토요일,경력무관,,서울,,,https://job.nurscape.net/Jobs/Details/596534,,2026-09-07 17:08:00
널스케이프,더바름정형외과의원,더바름정형외과의원,수술실 수간호사 및 스크럽  선생님(아르바이트 가능)을  모집합니다~!,1년 이상,,서울,,,https://job.nurscape.net/Jobs/Details/596548,,2026-09-07 17:08:01
널스케이프,서울안강병원,서울안강병원,"[서울/강남 수간호사 ,3교대 ,CS 팀장,내시경실 , 유소견 관리",경력무관,,서울,,,https://job.nurscape.net/Jobs/Details/596557,,2026-09-07 17:08:01
널스케이프,미래와희망산부인과의원,"①산부인과 병동②분만, 수술실",4600만원 이상,,정규직,서울,,,https://job.nurscape.net/Jobs/Details/596551,,2026-09-07 17:08:02
널스케이프,의료법인 토마스의료재단 윌스기념병원,[수원윌스기념병원] 마취간호팀 부서장 채용,,,정규직,경기,,,https://job.nurscape.net/Jobs/Details/596567,,2026-09-07 17:08:03
널스케이프,주안퍼스트병원,주안퍼스트병원,● 간호간병통합서비스병동 N-keep 간호사 선생님 모십니다.,1년 이상,,인천,,,https://job.nurscape.net/Jobs/Details/596568,,2026-09-07 17:08:03
널스케이프,향남맑은내과의원,향남맑은내과의원,인공신장실 간호사 모집합니다. 화성시 향남읍 인공신장실,1년 이상,,경기,,,https://job.nurscape.net/Jobs/Details/596580,,2026-09-07 17:08:04
널스케이프,동수원병원,"동수원병원 간호지원간호사 (정형외과SA, 신경외과SA ) 모집",,,,,,,https://job.nurscape.net/Jobs/Details/596581,,2026-09-07 17:08:05
널스케이프,의료법인 토마스의료재단 윌스기념병원,[수원윌스기념병원] 전담간호팀 경력직간호사 채용,4000만원 이상,,정규직,경기,,,https://job.nurscape.net/Jobs/Details/596582,,2026-09-07 17:08:05
널스케이프,아이웰어린이병원,"병동  간호사(D/E, E keep )  모집합니다",,,정규직,충북,,,https://job.nurscape.net/Jobs/Details/596586,,2026-09-07 17:08:06
널스케이프,,[서울/서초구] #비뇨기과 수술실  #상근직  #신규,특수직(미지정)>수술실>비뇨기과,,"3,500 ~ 3,500만원",서울,,,https://job.nurscape.net/Jobs/Details/596594,,2026-09-07 17:08:07
널스케이프,서울에이스병원,서울에이스병원,,3년 이상,,서울에이스병원 병동팀 전담  간호사 선생님 모십니다.,,,https://job.nurscape.net/Jobs/Details/596605,,2026-09-07 17:08:07
널스케이프,강동맑은내과,강동맑은내과,인공신장실 간호사 선생님모십니다.,경력무관,,서울,,,https://job.nurscape.net/Jobs/Details/596606,,2026-09-07 17:08:08
널스케이프,풍성내과의원,풍성내과의원,풍성 내과 의원   신규 간호사,경력무관,,서울,,,https://job.nurscape.net/Jobs/Details/596611,,2026-09-07 17:08:09
널스케이프,인천힐병원,인천힐병원,QPS전담 간호사 모십니다.(정신병원),3년 이상,,인천,,,https://job.nurscape.net/Jobs/Details/596613,,2026-09-07 17:08:09
널스케이프,아카시아병원,병동 간호사 ( 정규직) 모집합니다,,,정규직,서울,,,https://job.nurscape.net/Jobs/Details/596622,,2026-09-07 17:08:10
널스케이프,,[경기/광주] #종합병원 #인공신장실 # 경력자 #기숙사제공,특수직(미지정)>인공신장실>내과,,,경기,,,https://job.nurscape.net/Jobs/Details/596637,,2026-09-07 17:08:11
널스케이프,에스앤유서울병원,"■ SNU서울병원 수술실 (스크럽, PA) 간호사 모집",,,정규직,서울,,,https://job.nurscape.net/Jobs/Details/596641,,2026-09-07 17:08:12
널스케이프,포레스트요양병원,포레스트요양병원,"강남 포레스트요양병원 D/E 교대, N 전담 간호사",1년 이상,,서울,,,https://job.nurscape.net/Jobs/Details/596650,,2026-09-07 17:08:14
널스케이프,(주)크레너헬스컴,(주)크레너헬스컴,제약회사 상담간호사/교육간호사 구인,경력무관,,서울,,,https://job.nurscape.net/Jobs/Details/596671,,2026-09-07 17:08:14
널스케이프,메디람한방병원,메디람한방병원,암한방병원 병동D/E 간호사 모집,1년 이상,,서울,,,https://job.nurscape.net/Jobs/Details/596625,,2026-09-07 17:08:15
널스케이프,광피부과의원,[공휴일보장]간호사 구인,,,정규직,서울,,,https://job.nurscape.net/Jobs/Details/596708,,2026-09-07 17:08:16
널스케이프,엠플러스의원,엠플러스의원,주5일( 월 ~금)  간호사 구합니다,3년 이상,,서울,,,https://job.nurscape.net/Jobs/Details/596714,,2026-09-07 17:08:16
널스케이프,주함외과,주함외과,,1년 이상,정규직 간호사 선생님 초빙합니다.,서울,,,https://job.nurscape.net/Jobs/Details/596693,,2026-09-07 17:08:17
널스케이프,화성유일병원,[화성유일병원-환자증가 충원]  -  병동/통합병동 3교대 간호사,,,,,,,https://job.nurscape.net/Jobs/Details/596751,,2026-09-07 17:08:17
널스케이프,나사렛국제병원,"3교대(병동,ICU,ER) 내시경실,진료협력, 전담, QI팀, 심혈관",,,,,,,https://job.nurscape.net/Jobs/Details/596753,,2026-09-07 17:08:18
널스케이프,의료법인용인서울병원,"3교대(응급실), 환자안전전담 간호사 선생님 모집",,,정규직,경기,,,https://job.nurscape.net/Jobs/Details/596757,,2026-09-07 17:08:19
널스케이프,하나이비인후과병원,하나이비인후과병원,수술실 스크럽 간호사 모집공고,경력무관,,서울,,,https://job.nurscape.net/Jobs/Details/596786,,2026-09-07 17:08:19
널스케이프,로뎀요양병원,"3교대, DE근무, D 킵근무 간호사",,,정규직,인천,,,https://job.nurscape.net/Jobs/Details/596809,,2026-09-07 17:08:20
널스케이프,연세대학교 의과대학 세브란스병원,연세대학교 의과대학 세브란스병원,채용시까지,[경력무관]  세브란스병원 폐암센터 신약임상팀 연구간호사 모집,,서울,,,https://job.nurscape.net/Jobs/Details/596854,,2026-09-07 17:08:21
널스케이프,,[서울/송파] #의원 #인공신장실 #월수금PRN # 19만원/일~,특수직(미지정),,"3,000 ~ 3,200만원",서울,,,https://job.nurscape.net/Jobs/Details/596859,,2026-09-07 17:08:21
널스케이프,아너스힐병원,아너스힐병원,[강동아너스힐병원] 야간 신속대응팀 간호사 구인합니다.,5년 이상,,서울,,,https://job.nurscape.net/Jobs/Details/596865,,2026-09-07 17:08:22
널스케이프,제일정형외과병원,제일정형외과병원,[제일정형외과병원] 외래 간호사 채용공고(상근직),4년 이상,,서울,,,https://job.nurscape.net/Jobs/Details/596874,,2026-09-07 17:08:22
