시도,산업,규모,월급여액,총근로시간
서울,전산업,전규모(1인이상),4270341.0,172.0
서울,전산업,-5인이상,4551791.0,173.0
서울,전산업,-10인이상,4671240.0,172.8
서울,전산업,-30인이상,4774179.0,172.2
서울,전산업,-1~9인,3146738.0,169.8
서울,전산업,-1~29인,3618849.0,171.8
서울,전산업,-1~299인,4035980.0,172.6
서울,전산업,-5~299인,4387090.0,174.2
서울,전산업,1~4인,2748206.0,166.7
서울,전산업,5~9인,3728396.0,174.4
서울,전산업,10~29인,4335953.0,174.8
서울,전산업,30~99인,4590106.0,173.0
서울,전산업,100~299인,4738432.0,174.4
서울,전산업,300인이상,4898868.0,170.7
서울,"광업.제조업(B,C)",전규모(1인이상),3729458.0,174.2
서울,"광업.제조업(B,C)",-5인이상,4191263.0,177.3
서울,"광업.제조업(B,C)",-10인이상,4314042.0,177.9
서울,"광업.제조업(B,C)",-30인이상,4488350.0,178.1
서울,"광업.제조업(B,C)",-1~9인,3018734.0,169.6
서울,"광업.제조업(B,C)",-1~29인,3419526.0,172.5
서울,"광업.제조업(B,C)",-1~299인,3668496.0,174.0
서울,"광업.제조업(B,C)",-5~299인,4130228.0,177.2
서울,"광업.제조업(B,C)",1~4인,2534591.0,166.1
서울,"광업.제조업(B,C)",5~9인,3800846.0,175.3
서울,"광업.제조업(B,C)",10~29인,4118673.0,177.7
서울,"광업.제조업(B,C)",30~99인,4281853.0,176.1
서울,"광업.제조업(B,C)",100~299인,4553058.0,181.8
서울,"광업.제조업(B,C)",300인이상,5330047.0,179.5
서울,건설업(F),전규모(1인이상),5512723.0,178.6
서울,건설업(F),-5인이상,5760338.0,180.7
서울,건설업(F),-10인이상,6042905.0,182.2
서울,건설업(F),-30인이상,6277963.0,184.6
서울,건설업(F),-1~9인,3863075.0,167.5
서울,건설업(F),-1~29인,4652346.0,171.9
서울,건설업(F),-1~299인,4982624.0,176.2
서울,건설업(F),-5~299인,5255405.0,178.8
서울,건설업(F),1~4인,3240644.0,159.6
서울,건설업(F),5~9인,4285066.0,172.8
서울,건설업(F),10~29인,5496100.0,176.7
서울,건설업(F),30~99인,5404490.0,180.8
서울,건설업(F),100~299인,5828086.0,188.3
서울,건설업(F),300인이상,6916141.0,185.1
서울,"도소매ㆍ음식숙박업(G,I)",전규모(1인이상),4157996.0,176.6
서울,"도소매ㆍ음식숙박업(G,I)",-5인이상,4780528.0,178.5
서울,"도소매ㆍ음식숙박업(G,I)",-10인이상,4996342.0,177.4
서울,"도소매ㆍ음식숙박업(G,I)",-30인이상,5224388.0,175.8
서울,"도소매ㆍ음식숙박업(G,I)",-1~9인,3149913.0,175.5
서울,"도소매ㆍ음식숙박업(G,I)",-1~29인,3573801.0,177.0
서울,"도소매ㆍ음식숙박업(G,I)",-1~299인,3955742.0,177.1
서울,"도소매ㆍ음식숙박업(G,I)",-5~299인,4593402.0,179.7
서울,"도소매ㆍ음식숙박업(G,I)",1~4인,2696355.0,172.0
서울,"도소매ㆍ음식숙박업(G,I)",5~9인,4022030.0,182.3
서울,"도소매ㆍ음식숙박업(G,I)",10~29인,4576033.0,180.5
서울,"도소매ㆍ음식숙박업(G,I)",30~99인,4900167.0,175.3
서울,"도소매ㆍ음식숙박업(G,I)",100~299인,5071050.0,180.1
서울,"도소매ㆍ음식숙박업(G,I)",300인이상,5771672.0,172.4
서울,"사업ㆍ개인ㆍ공공서비스업(E,L~S)",전규모(1인이상),3824523.0,168.6
서울,"사업ㆍ개인ㆍ공공서비스업(E,L~S)",-5인이상,3994043.0,169.6
서울,"사업ㆍ개인ㆍ공공서비스업(E,L~S)",-10인이상,4096561.0,169.5
서울,"사업ㆍ개인ㆍ공공서비스업(E,L~S)",-30인이상,4182616.0,168.8
서울,"사업ㆍ개인ㆍ공공서비스업(E,L~S)",-1~9인,2903015.0,165.5
서울,"사업ㆍ개인ㆍ공공서비스업(E,L~S)",-1~29인,3260848.0,168.3
서울,"사업ㆍ개인ㆍ공공서비스업(E,L~S)",-1~299인,3684193.0,168.7
서울,"사업ㆍ개인ㆍ공공서비스업(E,L~S)",-5~299인,3924856.0,170.3
서울,"사업ㆍ개인ㆍ공공서비스업(E,L~S)",1~4인,2698285.0,162.3
서울,"사업ㆍ개인ㆍ공공서비스업(E,L~S)",5~9인,3178865.0,169.9
서울,"사업ㆍ개인ㆍ공공서비스업(E,L~S)",10~29인,3768809.0,172.2
서울,"사업ㆍ개인ㆍ공공서비스업(E,L~S)",30~99인,4209232.0,170.4
서울,"사업ㆍ개인ㆍ공공서비스업(E,L~S)",100~299인,4353961.0,168.0
서울,"사업ㆍ개인ㆍ공공서비스업(E,L~S)",300인이상,4105324.0,168.4
서울,"전기ㆍ운수ㆍ통신ㆍ금융업(D,H,J,K)",전규모(1인이상),5232260.0,174.0
서울,"전기ㆍ운수ㆍ통신ㆍ금융업(D,H,J,K)",-5인이상,5387724.0,174.6
서울,"전기ㆍ운수ㆍ통신ㆍ금융업(D,H,J,K)",-10인이상,5445636.0,174.7
서울,"전기ㆍ운수ㆍ통신ㆍ금융업(D,H,J,K)",-30인이상,5520820.0,175.0
서울,"전기ㆍ운수ㆍ통신ㆍ금융업(D,H,J,K)",-1~9인,3884225.0,169.2
서울,"전기ㆍ운수ㆍ통신ㆍ금융업(D,H,J,K)",-1~29인,4542226.0,171.4
서울,"전기ㆍ운수ㆍ통신ㆍ금융업(D,H,J,K)",-1~299인,4810843.0,174.5
서울,"전기ㆍ운수ㆍ통신ㆍ금융업(D,H,J,K)",-5~299인,5000249.0,175.5
서울,"전기ㆍ운수ㆍ통신ㆍ금융업(D,H,J,K)",1~4인,3185154.0,166.2
서울,"전기ㆍ운수ㆍ통신ㆍ금융업(D,H,J,K)",5~9인,4631017.0,172.4
서울,"전기ㆍ운수ㆍ통신ㆍ금융업(D,H,J,K)",10~29인,5110563.0,173.4
서울,"전기ㆍ운수ㆍ통신ㆍ금융업(D,H,J,K)",30~99인,5002065.0,174.5
서울,"전기ㆍ운수ㆍ통신ㆍ금융업(D,H,J,K)",100~299인,5034430.0,179.1
서울,"전기ㆍ운수ㆍ통신ㆍ금융업(D,H,J,K)",300인이상,6113148.0,172.9
부산,전산업,전규모(1인이상),3578829.0,172.4
부산,전산업,-5인이상,3760214.0,173.3
부산,전산업,-10인이상,3843781.0,173.2
부산,전산업,-30인이상,3955929.0,173.3
부산,전산업,-1~9인,3091487.0,170.9
부산,전산업,-1~29인,3300022.0,171.7
부산,전산업,-1~299인,3472406.0,172.9
부산,전산업,-5~299인,3651914.0,174.1
부산,전산업,1~4인,2891962.0,169.0
부산,전산업,5~9인,3382395.0,173.6
부산,전산업,10~29인,3629758.0,173.0
부산,전산업,30~99인,3835711.0,176.2
부산,전산업,100~299인,3723207.0,173.3
부산,전산업,300인이상,4393177.0,168.5
부산,"광업.제조업(B,C)",전규모(1인이상),3840485.0,180.9
부산,"광업.제조업(B,C)",-5인이상,3958483.0,182.2
부산,"광업.제조업(B,C)",-10인이상,4023534.0,183.2
부산,"광업.제조업(B,C)",-30인이상,4365851.0,185.2
부산,"광업.제조업(B,C)",-1~9인,3361764.0,174.9
부산,"광업.제조업(B,C)",-1~29인,3414458.0,177.4
부산,"광업.제조업(B,C)",-1~299인,3669581.0,180.3
부산,"광업.제조업(B,C)",-5~299인,3768301.0,181.7
부산,"광업.제조업(B,C)",1~4인,3187579.0,173.6
부산,"광업.제조업(B,C)",5~9인,3577578.0,176.6
부산,"광업.제조업(B,C)",10~29인,3467344.0,179.9
부산,"광업.제조업(B,C)",30~99인,4037390.0,185.8
부산,"광업.제조업(B,C)",100~299인,4149816.0,183.2
부산,"광업.제조업(B,C)",300인이상,5385590.0,186.2
부산,건설업(F),전규모(1인이상),4153233.0,177.7
부산,건설업(F),-5인이상,4422506.0,177.7
부산,건설업(F),-10인이상,4432036.0,178.4
부산,건설업(F),-30인이상,5506907.0,189.1
부산,건설업(F),-1~9인,3804277.0,176.9
부산,건설업(F),-1~29인,3770540.0,174.5
부산,건설업(F),-1~299인,4131574.0,177.8
부산,건설업(F),-5~299인,4398415.0,177.7
부산,건설업(F),1~4인,2986759.0,178.0
부산,건설업(F),5~9인,4401861.0,176.0
부산,건설업(F),10~29인,3725878.0,171.4
부산,건설업(F),30~99인,5391270.0,191.5
부산,건설업(F),100~299인,5610123.0,185.7
부산,건설업(F),300인이상,6902180.0,172.5
부산,"도소매ㆍ음식숙박업(G,I)",전규모(1인이상),3312462.0,175.6
부산,"도소매ㆍ음식숙박업(G,I)",-5인이상,3361187.0,173.7
부산,"도소매ㆍ음식숙박업(G,I)",-10인이상,3367129.0,172.4
부산,"도소매ㆍ음식숙박업(G,I)",-30인이상,3126772.0,168.6
부산,"도소매ㆍ음식숙박업(G,I)",-1~9인,3280060.0,177.4
부산,"도소매ㆍ음식숙박업(G,I)",-1~29인,3348027.0,176.9
부산,"도소매ㆍ음식숙박업(G,I)",-1~299인,3302409.0,175.6
부산,"도소매ㆍ음식숙박업(G,I)",-5~299인,3345179.0,173.7
부산,"도소매ㆍ음식숙박업(G,I)",1~4인,3246295.0,178.1
부산,"도소매ㆍ음식숙박업(G,I)",5~9인,3350335.0,176.1
부산,"도소매ㆍ음식숙박업(G,I)",10~29인,3549894.0,175.3
부산,"도소매ㆍ음식숙박업(G,I)",30~99인,3134449.0,173.7
부산,"도소매ㆍ음식숙박업(G,I)",100~299인,2813913.0,155.8
부산,"도소매ㆍ음식숙박업(G,I)",300인이상,3818118.0,173.6
부산,"사업ㆍ개인ㆍ공공서비스업(E,L~S)",전규모(1인이상),3248438.0,166.2
부산,"사업ㆍ개인ㆍ공공서비스업(E,L~S)",-5인이상,3432051.0,168.3
부산,"사업ㆍ개인ㆍ공공서비스업(E,L~S)",-10인이상,3540120.0,168.0
부산,"사업ㆍ개인ㆍ공공서비스업(E,L~S)",-30인이상,3625346.0,167.9
부산,"사업ㆍ개인ㆍ공공서비스업(E,L~S)",-1~9인,2572213.0,162.0
부산,"사업ㆍ개인ㆍ공공서비스업(E,L~S)",-1~29인,2860701.0,164.5
부산,"사업ㆍ개인ㆍ공공서비스업(E,L~S)",-1~299인,3108864.0,167.2
부산,"사업ㆍ개인ㆍ공공서비스업(E,L~S)",-5~299인,3302624.0,170.1
부산,"사업ㆍ개인ㆍ공공서비스업(E,L~S)",1~4인,2395273.0,156.8
부산,"사업ㆍ개인ㆍ공공서비스업(E,L~S)",5~9인,2824406.0,169.4
부산,"사업ㆍ개인ㆍ공공서비스업(E,L~S)",10~29인,3314525.0,168.4
부산,"사업ㆍ개인ㆍ공공서비스업(E,L~S)",30~99인,3501709.0,171.7
부산,"사업ㆍ개인ㆍ공공서비스업(E,L~S)",100~299인,3422506.0,170.5
부산,"사업ㆍ개인ㆍ공공서비스업(E,L~S)",300인이상,3926677.0,161.2
부산,"전기ㆍ운수ㆍ통신ㆍ금융업(D,H,J,K)",전규모(1인이상),4463427.0,174.5
부산,"전기ㆍ운수ㆍ통신ㆍ금융업(D,H,J,K)",-5인이상,4645394.0,174.7
부산,"전기ㆍ운수ㆍ통신ㆍ금융업(D,H,J,K)",-10인이상,4682792.0,174.5
부산,"전기ㆍ운수ㆍ통신ㆍ금융업(D,H,J,K)",-30인이상,4628373.0,175.8
부산,"전기ㆍ운수ㆍ통신ㆍ금융업(D,H,J,K)",-1~9인,3746298.0,174.5
부산,"전기ㆍ운수ㆍ통신ㆍ금융업(D,H,J,K)",-1~29인,4273874.0,173.0
부산,"전기ㆍ운수ㆍ통신ㆍ금융업(D,H,J,K)",-1~299인,4329428.0,173.8
부산,"전기ㆍ운수ㆍ통신ㆍ금융업(D,H,J,K)",-5~299인,4519436.0,173.9
부산,"전기ㆍ운수ㆍ통신ㆍ금융업(D,H,J,K)",1~4인,3043571.0,172.7
부산,"전기ㆍ운수ㆍ통신ㆍ금융업(D,H,J,K)",5~9인,4408010.0,176.2
부산,"전기ㆍ운수ㆍ통신ㆍ금융업(D,H,J,K)",10~29인,4808732.0,171.5
부산,"전기ㆍ운수ㆍ통신ㆍ금융업(D,H,J,K)",30~99인,4765341.0,174.2
부산,"전기ㆍ운수ㆍ통신ㆍ금융업(D,H,J,K)",100~299인,4053643.0,175.0
부산,"전기ㆍ운수ㆍ통신ㆍ금융업(D,H,J,K)",300인이상,5468585.0,179.9
대구,전산업,전규모(1인이상),3322106.0,171.3
대구,전산업,-5인이상,3554390.0,173.4
대구,전산업,-10인이상,3664708.0,174.1
대구,전산업,-30인이상,3826212.0,174.6
대구,전산업,-1~9인,2702892.0,166.2
대구,전산업,-1~29인,2977628.0,169.0
대구,전산업,-1~299인,3224573.0,171.4
대구,전산업,-5~299인,3462653.0,173.9
대구,전산업,1~4인,2469761.0,163.7
대구,전산업,5~9인,3054387.0,169.8
대구,전산업,10~29인,3389066.0,173.4
대구,전산업,30~99인,3612011.0,177.2
대구,전산업,100~299인,3879421.0,174.6
대구,전산업,300인이상,4137235.0,170.1
대구,"광업.제조업(B,C)",전규모(1인이상),3597861.0,188.9
대구,"광업.제조업(B,C)",-5인이상,3827925.0,192.8
대구,"광업.제조업(B,C)",-10인이상,3881347.0,195.2
대구,"광업.제조업(B,C)",-30인이상,3976858.0,197.8
대구,"광업.제조업(B,C)",-1~9인,2860682.0,172.4
대구,"광업.제조업(B,C)",-1~29인,3266430.0,181.1
대구,"광업.제조업(B,C)",-1~299인,3477626.0,187.6
대구,"광업.제조업(B,C)",-5~299인,3711200.0,191.6
대구,"광업.제조업(B,C)",1~4인,2394911.0,168.8
대구,"광업.제조업(B,C)",5~9인,3498712.0,177.3
대구,"광업.제조업(B,C)",10~29인,3707109.0,190.6
대구,"광업.제조업(B,C)",30~99인,3601558.0,194.6
대구,"광업.제조업(B,C)",100~299인,4121537.0,201.0
대구,"광업.제조업(B,C)",300인이상,4739823.0,201.6
대구,건설업(F),전규모(1인이상),3933811.0,177.5
대구,건설업(F),-5인이상,4121455.0,179.8
대구,건설업(F),-10인이상,4554025.0,184.4
대구,건설업(F),-30인이상,5376644.0,197.0
대구,건설업(F),-1~9인,3194674.0,169.3
대구,건설업(F),-1~29인,3514059.0,171.8
대구,건설업(F),-1~299인,3872372.0,176.1
대구,건설업(F),-5~299인,4054277.0,178.2
대구,건설업(F),1~4인,3124971.0,167.6
대구,건설업(F),5~9인,3243659.0,170.5
대구,건설업(F),10~29인,3971752.0,175.4
대구,건설업(F),30~99인,5621712.0,194.5
대구,건설업(F),100~299인,4635838.0,192.2
대구,건설업(F),300인이상,5489561.0,212.6
대구,"도소매ㆍ음식숙박업(G,I)",전규모(1인이상),2872551.0,164.1
대구,"도소매ㆍ음식숙박업(G,I)",-5인이상,3244871.0,164.3
대구,"도소매ㆍ음식숙박업(G,I)",-10인이상,3673289.0,165.7
대구,"도소매ㆍ음식숙박업(G,I)",-30인이상,3762059.0,171.0
대구,"도소매ㆍ음식숙박업(G,I)",-1~9인,2459140.0,163.3
대구,"도소매ㆍ음식숙박업(G,I)",-1~29인,2728818.0,162.9
대구,"도소매ㆍ음식숙박업(G,I)",-1~299인,2853297.0,164.1
대구,"도소매ㆍ음식숙박업(G,I)",-5~299인,3219512.0,164.3
대구,"도소매ㆍ음식숙박업(G,I)",1~4인,2426073.0,163.8
대구,"도소매ㆍ음식숙박업(G,I)",5~9인,2532561.0,161.9
대구,"도소매ㆍ음식숙박업(G,I)",10~29인,3611971.0,162.0
대구,"도소매ㆍ음식숙박업(G,I)",30~99인,4100379.0,177.4
대구,"도소매ㆍ음식숙박업(G,I)",100~299인,3134873.0,164.2
대구,"도소매ㆍ음식숙박업(G,I)",300인이상,4152872.0,161.9
대구,"사업ㆍ개인ㆍ공공서비스업(E,L~S)",전규모(1인이상),3102781.0,165.4
대구,"사업ㆍ개인ㆍ공공서비스업(E,L~S)",-5인이상,3257890.0,166.5
대구,"사업ㆍ개인ㆍ공공서비스업(E,L~S)",-10인이상,3346807.0,165.8
대구,"사업ㆍ개인ㆍ공공서비스업(E,L~S)",-30인이상,3565270.0,164.1
대구,"사업ㆍ개인ㆍ공공서비스업(E,L~S)",-1~9인,2531756.0,164.7
대구,"사업ㆍ개인ㆍ공공서비스업(E,L~S)",-1~29인,2691233.0,166.7
대구,"사업ㆍ개인ㆍ공공서비스업(E,L~S)",-1~299인,2959520.0,166.6
대구,"사업ㆍ개인ㆍ공공서비스업(E,L~S)",-5~299인,3114591.0,168.2
대구,"사업ㆍ개인ㆍ공공서비스업(E,L~S)",1~4인,2382767.0,160.6
대구,"사업ㆍ개인ㆍ공공서비스업(E,L~S)",5~9인,2747929.0,170.7
대구,"사업ㆍ개인ㆍ공공서비스업(E,L~S)",10~29인,2899064.0,169.2
대구,"사업ㆍ개인ㆍ공공서비스업(E,L~S)",30~99인,3420960.0,171.0
대구,"사업ㆍ개인ㆍ공공서비스업(E,L~S)",100~299인,3422289.0,158.9
대구,"사업ㆍ개인ㆍ공공서비스업(E,L~S)",300인이상,3835497.0,159.7
대구,"전기ㆍ운수ㆍ통신ㆍ금융업(D,H,J,K)",전규모(1인이상),4193638.0,164.9
대구,"전기ㆍ운수ㆍ통신ㆍ금융업(D,H,J,K)",-5인이상,4330723.0,164.9
대구,"전기ㆍ운수ㆍ통신ㆍ금융업(D,H,J,K)",-10인이상,4268507.0,164.0
대구,"전기ㆍ운수ㆍ통신ㆍ금융업(D,H,J,K)",-30인이상,4374913.0,164.8
대구,"전기ㆍ운수ㆍ통신ㆍ금융업(D,H,J,K)",-1~9인,3968381.0,167.7
대구,"전기ㆍ운수ㆍ통신ㆍ금융업(D,H,J,K)",-1~29인,4017797.0,165.1
대구,"전기ㆍ운수ㆍ통신ㆍ금융업(D,H,J,K)",-1~299인,4123036.0,164.6
대구,"전기ㆍ운수ㆍ통신ㆍ금융업(D,H,J,K)",-5~299인,4259238.0,164.5
대구,"전기ㆍ운수ㆍ통신ㆍ금융업(D,H,J,K)",1~4인,3167549.0,165.2
대구,"전기ㆍ운수ㆍ통신ㆍ금융업(D,H,J,K)",5~9인,4685547.0,170.0
대구,"전기ㆍ운수ㆍ통신ㆍ금융업(D,H,J,K)",10~29인,4065550.0,162.5
대구,"전기ㆍ운수ㆍ통신ㆍ금융업(D,H,J,K)",30~99인,3564739.0,148.8
대구,"전기ㆍ운수ㆍ통신ㆍ금융업(D,H,J,K)",100~299인,4890340.0,178.4
대구,"전기ㆍ운수ㆍ통신ㆍ금융업(D,H,J,K)",300인이상,5398029.0,171.3
인천,전산업,전규모(1인이상),3683232.0,174.6
인천,전산업,-5인이상,3892250.0,175.8
인천,전산업,-10인이상,3967480.0,176.4
인천,전산업,-30인이상,4190532.0,177.2
인천,전산업,-1~9인,3082482.0,170.9
인천,전산업,-1~29인,3277280.0,172.6
인천,전산업,-1~299인,3533066.0,174.5
인천,전산업,-5~299인,3751685.0,176.0
인천,전산업,1~4인,2760359.0,169.3
인천,전산업,5~9인,3518192.0,173.0
인천,전산업,10~29인,3544312.0,174.9
인천,전산업,30~99인,4025658.0,179.1
인천,전산업,100~299인,4055390.0,177.1
인천,전산업,300인이상,4456328.0,175.4
인천,"광업.제조업(B,C)",전규모(1인이상),4014900.0,182.7
인천,"광업.제조업(B,C)",-5인이상,4179702.0,184.7
인천,"광업.제조업(B,C)",-10인이상,4241147.0,186.0
인천,"광업.제조업(B,C)",-30인이상,4563288.0,187.6
인천,"광업.제조업(B,C)",-1~9인,3232876.0,171.2
인천,"광업.제조업(B,C)",-1~29인,3429952.0,177.5
인천,"광업.제조업(B,C)",-1~299인,3839658.0,183.0
인천,"광업.제조업(B,C)",-5~299인,4016264.0,185.6
인천,"광업.제조업(B,C)",1~4인,2768413.0,167.2
인천,"광업.제조업(B,C)",5~9인,3736860.0,175.4
인천,"광업.제조업(B,C)",10~29인,3600378.0,182.9
인천,"광업.제조업(B,C)",30~99인,4423023.0,189.1
인천,"광업.제조업(B,C)",100~299인,4417026.0,193.5
인천,"광업.제조업(B,C)",300인이상,4841589.0,181.3
인천,건설업(F),전규모(1인이상),4585230.0,172.9
인천,건설업(F),-5인이상,4864047.0,172.7
인천,건설업(F),-10인이상,5073319.0,172.3
인천,건설업(F),-30인이상,6122297.0,167.9
인천,건설업(F),-1~9인,3864960.0,173.8
인천,건설업(F),-1~29인,3973309.0,174.9
인천,건설업(F),-1~299인,4289698.0,175.2
인천,건설업(F),-5~299인,4539974.0,175.5
인천,건설업(F),1~4인,3269435.0,173.8
인천,건설업(F),5~9인,4319510.0,173.9
인천,건설업(F),10~29인,4113885.0,176.2
인천,건설업(F),30~99인,5636066.0,177.0
인천,건설업(F),100~299인,5520166.0,174.9
인천,건설업(F),300인이상,6919762.0,155.0
인천,"도소매ㆍ음식숙박업(G,I)",전규모(1인이상),3434455.0,180.3
인천,"도소매ㆍ음식숙박업(G,I)",-5인이상,3816333.0,176.7
인천,"도소매ㆍ음식숙박업(G,I)",-10인이상,3762680.0,179.1
인천,"도소매ㆍ음식숙박업(G,I)",-30인이상,3432319.0,181.0
인천,"도소매ㆍ음식숙박업(G,I)",-1~9인,3242758.0,180.9
인천,"도소매ㆍ음식숙박업(G,I)",-1~29인,3434835.0,180.1
인천,"도소매ㆍ음식숙박업(G,I)",-1~299인,3392738.0,180.7
인천,"도소매ㆍ음식숙박업(G,I)",-5~299인,3759316.0,177.2
인천,"도소매ㆍ음식숙박업(G,I)",1~4인,2937681.0,184.9
인천,"도소매ㆍ음식숙박업(G,I)",5~9인,3916913.0,172.2
인천,"도소매ㆍ음식숙박업(G,I)",10~29인,3991687.0,177.8
인천,"도소매ㆍ음식숙박업(G,I)",30~99인,3049616.0,196.3
인천,"도소매ㆍ음식숙박업(G,I)",100~299인,3245243.0,154.9
인천,"도소매ㆍ음식숙박업(G,I)",300인이상,5005746.0,165.7
인천,"사업ㆍ개인ㆍ공공서비스업(E,L~S)",전규모(1인이상),3296101.0,166.4
인천,"사업ㆍ개인ㆍ공공서비스업(E,L~S)",-5인이상,3485420.0,168.8
인천,"사업ㆍ개인ㆍ공공서비스업(E,L~S)",-10인이상,3615324.0,168.6
인천,"사업ㆍ개인ㆍ공공서비스업(E,L~S)",-30인이상,3876673.0,169.9
인천,"사업ㆍ개인ㆍ공공서비스업(E,L~S)",-1~9인,2542857.0,161.3
인천,"사업ㆍ개인ㆍ공공서비스업(E,L~S)",-1~29인,2757186.0,163.2
인천,"사업ㆍ개인ㆍ공공서비스업(E,L~S)",-1~299인,3094471.0,164.7
인천,"사업ㆍ개인ㆍ공공서비스업(E,L~S)",-5~299인,3292743.0,167.4
인천,"사업ㆍ개인ㆍ공공서비스업(E,L~S)",1~4인,2331208.0,154.1
인천,"사업ㆍ개인ㆍ공공서비스업(E,L~S)",5~9인,2802650.0,170.1
인천,"사업ㆍ개인ㆍ공공서비스업(E,L~S)",10~29인,3045916.0,165.6
인천,"사업ㆍ개인ㆍ공공서비스업(E,L~S)",30~99인,3676050.0,168.2
인천,"사업ㆍ개인ㆍ공공서비스업(E,L~S)",100~299인,3814278.0,166.3
인천,"사업ㆍ개인ㆍ공공서비스업(E,L~S)",300인이상,4080193.0,173.1
인천,"전기ㆍ운수ㆍ통신ㆍ금융업(D,H,J,K)",전규모(1인이상),4210770.0,175.8
인천,"전기ㆍ운수ㆍ통신ㆍ금융업(D,H,J,K)",-5인이상,4253227.0,176.1
인천,"전기ㆍ운수ㆍ통신ㆍ금융업(D,H,J,K)",-10인이상,4209048.0,175.5
인천,"전기ㆍ운수ㆍ통신ㆍ금융업(D,H,J,K)",-30인이상,4150019.0,174.3
인천,"전기ㆍ운수ㆍ통신ㆍ금융업(D,H,J,K)",-1~9인,4216863.0,176.8
인천,"전기ㆍ운수ㆍ통신ㆍ금융업(D,H,J,K)",-1~29인,4292065.0,177.7
인천,"전기ㆍ운수ㆍ통신ㆍ금융업(D,H,J,K)",-1~299인,4187576.0,175.8
인천,"전기ㆍ운수ㆍ통신ㆍ금융업(D,H,J,K)",-5~299인,4237160.0,176.3
인천,"전기ㆍ운수ㆍ통신ㆍ금융업(D,H,J,K)",1~4인,3867698.0,173.0
인천,"전기ㆍ운수ㆍ통신ㆍ금융업(D,H,J,K)",5~9인,4565577.0,180.6
인천,"전기ㆍ운수ㆍ통신ㆍ금융업(D,H,J,K)",10~29인,4372020.0,178.5
인천,"전기ㆍ운수ㆍ통신ㆍ금융업(D,H,J,K)",30~99인,4255176.0,176.0
인천,"전기ㆍ운수ㆍ통신ㆍ금융업(D,H,J,K)",100~299인,3876787.0,171.5
인천,"전기ㆍ운수ㆍ통신ㆍ금융업(D,H,J,K)",300인이상,4316850.0,175.4
광주,전산업,전규모(1인이상),3311450.0,171.7
광주,전산업,-5인이상,3529174.0,173.7
광주,전산업,-10인이상,3569150.0,173.8
광주,전산업,-30인이상,3743573.0,171.8
광주,전산업,-1~9인,2827036.0,167.6
광주,전산업,-1~29인,2979216.0,171.6
광주,전산업,-1~299인,3156269.0,171.3
광주,전산업,-5~299인,3372012.0,173.6
광주,전산업,1~4인,2496829.0,164.3
광주,전산업,5~9인,3337795.0,172.9
광주,전산업,10~29인,3221522.0,177.8
광주,전산업,30~99인,3799594.0,176.5
광주,전산업,100~299인,3082480.0,162.9
광주,전산업,300인이상,4230524.0,173.8
광주,"광업.제조업(B,C)",전규모(1인이상),3905333.0,182.4
광주,"광업.제조업(B,C)",-5인이상,4038412.0,184.1
광주,"광업.제조업(B,C)",-10인이상,4121350.0,185.5
광주,"광업.제조업(B,C)",-30인이상,4319499.0,185.5
광주,"광업.제조업(B,C)",-1~9인,3055518.0,170.2
광주,"광업.제조업(B,C)",-1~29인,3302447.0,178.0
광주,"광업.제조업(B,C)",-1~299인,3571516.0,183.1
광주,"광업.제조업(B,C)",-5~299인,3700818.0,185.5
광주,"광업.제조업(B,C)",1~4인,2839652.0,169.3
광주,"광업.제조업(B,C)",5~9인,3316961.0,171.4
광주,"광업.제조업(B,C)",10~29인,3547115.0,185.7
광주,"광업.제조업(B,C)",30~99인,3847880.0,196.1
광주,"광업.제조업(B,C)",100~299인,3975015.0,180.1
광주,"광업.제조업(B,C)",300인이상,4852290.0,180.5
광주,건설업(F),전규모(1인이상),4172171.0,175.8
광주,건설업(F),-5인이상,4390501.0,180.1
광주,건설업(F),-10인이상,4693582.0,183.3
광주,건설업(F),-30인이상,5330991.0,178.0
광주,건설업(F),-1~9인,3452522.0,165.4
광주,건설업(F),-1~29인,3716557.0,174.9
광주,건설업(F),-1~299인,3940905.0,175.8
광주,건설업(F),-5~299인,4125820.0,180.6
광주,건설업(F),1~4인,3262611.0,158.0
광주,건설업(F),5~9인,3614782.0,171.8
광주,건설업(F),10~29인,4089239.0,188.3
광주,건설업(F),30~99인,4994682.0,177.7
광주,건설업(F),100~299인,4272160.0,183.1
광주,건설업(F),300인이상,6340604.0,176.0
광주,"도소매ㆍ음식숙박업(G,I)",전규모(1인이상),2802381.0,172.4
광주,"도소매ㆍ음식숙박업(G,I)",-5인이상,3314152.0,180.8
광주,"도소매ㆍ음식숙박업(G,I)",-10인이상,3281650.0,182.4
광주,"도소매ㆍ음식숙박업(G,I)",-30인이상,3496884.0,174.9
광주,"도소매ㆍ음식숙박업(G,I)",-1~9인,2575867.0,167.6
광주,"도소매ㆍ음식숙박업(G,I)",-1~29인,2719976.0,172.1
광주,"도소매ㆍ음식숙박업(G,I)",-1~299인,2802381.0,172.4
광주,"도소매ㆍ음식숙박업(G,I)",-5~299인,3314152.0,180.8
광주,"도소매ㆍ음식숙박업(G,I)",1~4인,2221170.0,162.7
광주,"도소매ㆍ음식숙박업(G,I)",5~9인,3363628.0,178.4
광주,"도소매ㆍ음식숙박업(G,I)",10~29인,3175403.0,186.2
광주,"도소매ㆍ음식숙박업(G,I)",30~99인,3663735.0,183.4
광주,"도소매ㆍ음식숙박업(G,I)",100~299인,3157198.0,157.6
광주,"사업ㆍ개인ㆍ공공서비스업(E,L~S)",전규모(1인이상),2976463.0,166.9
광주,"사업ㆍ개인ㆍ공공서비스업(E,L~S)",-5인이상,3126773.0,167.3
광주,"사업ㆍ개인ㆍ공공서비스업(E,L~S)",-10인이상,3165805.0,166.9
광주,"사업ㆍ개인ㆍ공공서비스업(E,L~S)",-30인이상,3347028.0,165.2
광주,"사업ㆍ개인ㆍ공공서비스업(E,L~S)",-1~9인,2549780.0,166.9
광주,"사업ㆍ개인ㆍ공공서비스업(E,L~S)",-1~29인,2629805.0,168.4
광주,"사업ㆍ개인ㆍ공공서비스업(E,L~S)",-1~299인,2861896.0,166.6
광주,"사업ㆍ개인ㆍ공공서비스업(E,L~S)",-5~299인,3016069.0,167.0
광주,"사업ㆍ개인ㆍ공공서비스업(E,L~S)",1~4인,2325367.0,164.9
광주,"사업ㆍ개인ㆍ공공서비스업(E,L~S)",5~9인,2901112.0,169.9
광주,"사업ㆍ개인ㆍ공공서비스업(E,L~S)",10~29인,2747321.0,170.8
광주,"사업ㆍ개인ㆍ공공서비스업(E,L~S)",30~99인,3703118.0,171.9
광주,"사업ㆍ개인ㆍ공공서비스업(E,L~S)",100~299인,2651107.0,153.2
광주,"사업ㆍ개인ㆍ공공서비스업(E,L~S)",300인이상,3579152.0,168.6
광주,"전기ㆍ운수ㆍ통신ㆍ금융업(D,H,J,K)",전규모(1인이상),3970796.0,169.8
광주,"전기ㆍ운수ㆍ통신ㆍ금융업(D,H,J,K)",-5인이상,4000490.0,170.3
광주,"전기ㆍ운수ㆍ통신ㆍ금융업(D,H,J,K)",-10인이상,3818230.0,169.4
광주,"전기ㆍ운수ㆍ통신ㆍ금융업(D,H,J,K)",-30인이상,3708290.0,167.3
광주,"전기ㆍ운수ㆍ통신ㆍ금융업(D,H,J,K)",-1~9인,4384118.0,170.9
광주,"전기ㆍ운수ㆍ통신ㆍ금융업(D,H,J,K)",-1~29인,4225936.0,172.2
광주,"전기ㆍ운수ㆍ통신ㆍ금융업(D,H,J,K)",-1~299인,3894377.0,168.8
광주,"전기ㆍ운수ㆍ통신ㆍ금융업(D,H,J,K)",-5~299인,3913529.0,169.3
광주,"전기ㆍ운수ㆍ통신ㆍ금융업(D,H,J,K)",1~4인,3789957.0,166.3
광주,"전기ㆍ운수ㆍ통신ㆍ금융업(D,H,J,K)",5~9인,5035964.0,175.9
광주,"전기ㆍ운수ㆍ통신ㆍ금융업(D,H,J,K)",10~29인,4046379.0,173.7
광주,"전기ㆍ운수ㆍ통신ㆍ금융업(D,H,J,K)",30~99인,3651333.0,158.6
광주,"전기ㆍ운수ㆍ통신ㆍ금융업(D,H,J,K)",100~299인,3178756.0,174.8
광주,"전기ㆍ운수ㆍ통신ㆍ금융업(D,H,J,K)",300인이상,4743956.0,179.2
대전,전산업,전규모(1인이상),3646414.0,169.3
대전,전산업,-5인이상,3873396.0,171.4
대전,전산업,-10인이상,3985193.0,171.1
대전,전산업,-30인이상,4181933.0,170.6
대전,전산업,-1~9인,2874223.0,165.2
대전,전산업,-1~29인,3101069.0,168.0
대전,전산업,-1~299인,3364483.0,168.7
대전,전산업,-5~299인,3590492.0,171.3
대전,전산업,1~4인,2598274.0,159.9
대전,전산업,5~9인,3261211.0,172.8
대전,전산업,10~29인,3464159.0,172.4
대전,전산업,30~99인,3804636.0,173.2
대전,전산업,100~299인,3842141.0,165.3
대전,전산업,300인이상,4654698.0,171.6
대전,"광업.제조업(B,C)",전규모(1인이상),3941972.0,176.3
대전,"광업.제조업(B,C)",-5인이상,4144715.0,177.2
대전,"광업.제조업(B,C)",-10인이상,4221368.0,177.2
대전,"광업.제조업(B,C)",-30인이상,4295869.0,176.3
대전,"광업.제조업(B,C)",-1~9인,3041699.0,173.7
대전,"광업.제조업(B,C)",-1~29인,3473831.0,176.4
대전,"광업.제조업(B,C)",-1~299인,3723048.0,176.5
대전,"광업.제조업(B,C)",-5~299인,3938898.0,177.6
대전,"광업.제조업(B,C)",1~4인,2623803.0,170.7
대전,"광업.제조업(B,C)",5~9인,3579728.0,177.4
대전,"광업.제조업(B,C)",10~29인,4002297.0,179.7
대전,"광업.제조업(B,C)",30~99인,3715713.0,177.9
대전,"광업.제조업(B,C)",100~299인,4363663.0,174.8
대전,"광업.제조업(B,C)",300인이상,4888602.0,175.8
대전,건설업(F),전규모(1인이상),4121840.0,182.7
대전,건설업(F),-5인이상,4379442.0,188.8
대전,건설업(F),-10인이상,4628912.0,192.4
대전,건설업(F),-30인이상,5085646.0,200.3
대전,건설업(F),-1~9인,2962538.0,160.3
대전,건설업(F),-1~29인,3243873.0,166.6
대전,건설업(F),-1~299인,3654972.0,170.9
대전,건설업(F),-5~299인,3959448.0,178.1
대전,건설업(F),1~4인,2263500.0,138.0
대전,건설업(F),5~9인,3428722.0,175.1
대전,건설업(F),10~29인,3634770.0,175.4
대전,건설업(F),30~99인,5289523.0,185.4
대전,건설업(F),100~299인,4470513.0,185.3
대전,건설업(F),300인이상,5105396.0,207.4
대전,"도소매ㆍ음식숙박업(G,I)",전규모(1인이상),2845648.0,162.7
대전,"도소매ㆍ음식숙박업(G,I)",-5인이상,3177787.0,171.1
대전,"도소매ㆍ음식숙박업(G,I)",-10인이상,3106400.0,167.6
대전,"도소매ㆍ음식숙박업(G,I)",-30인이상,3077042.0,169.0
대전,"도소매ㆍ음식숙박업(G,I)",-1~9인,2706506.0,160.0
대전,"도소매ㆍ음식숙박업(G,I)",-1~29인,2809769.0,161.7
대전,"도소매ㆍ음식숙박업(G,I)",-1~299인,2845648.0,162.7
대전,"도소매ㆍ음식숙박업(G,I)",-5~299인,3177787.0,171.1
대전,"도소매ㆍ음식숙박업(G,I)",1~4인,2437290.0,152.3
대전,"도소매ㆍ음식숙박업(G,I)",5~9인,3299835.0,177.2
대전,"도소매ㆍ음식숙박업(G,I)",10~29인,3124841.0,166.8
대전,"도소매ㆍ음식숙박업(G,I)",30~99인,2868826.0,164.1
대전,"도소매ㆍ음식숙박업(G,I)",100~299인,3485877.0,178.6
대전,"사업ㆍ개인ㆍ공공서비스업(E,L~S)",전규모(1인이상),3538745.0,167.6
대전,"사업ㆍ개인ㆍ공공서비스업(E,L~S)",-5인이상,3684635.0,168.0
대전,"사업ㆍ개인ㆍ공공서비스업(E,L~S)",-10인이상,3829247.0,167.9
대전,"사업ㆍ개인ㆍ공공서비스업(E,L~S)",-30인이상,4042859.0,166.5
대전,"사업ㆍ개인ㆍ공공서비스업(E,L~S)",-1~9인,2648382.0,166.4
대전,"사업ㆍ개인ㆍ공공서비스업(E,L~S)",-1~29인,2818202.0,169.0
대전,"사업ㆍ개인ㆍ공공서비스업(E,L~S)",-1~299인,3094357.0,168.1
대전,"사업ㆍ개인ㆍ공공서비스업(E,L~S)",-5~299인,3209341.0,169.0
대전,"사업ㆍ개인ㆍ공공서비스업(E,L~S)",1~4인,2623479.0,164.5
대전,"사업ㆍ개인ㆍ공공서비스업(E,L~S)",5~9인,2679928.0,168.9
대전,"사업ㆍ개인ㆍ공공서비스업(E,L~S)",10~29인,3070434.0,172.9
대전,"사업ㆍ개인ㆍ공공서비스업(E,L~S)",30~99인,3621735.0,173.2
대전,"사업ㆍ개인ㆍ공공서비스업(E,L~S)",100~299인,3314569.0,158.6
대전,"사업ㆍ개인ㆍ공공서비스업(E,L~S)",300인이상,4578099.0,166.2
대전,"전기ㆍ운수ㆍ통신ㆍ금융업(D,H,J,K)",전규모(1인이상),4574299.0,169.7
대전,"전기ㆍ운수ㆍ통신ㆍ금융업(D,H,J,K)",-5인이상,4695254.0,169.4
대전,"전기ㆍ운수ㆍ통신ㆍ금융업(D,H,J,K)",-10인이상,4594481.0,169.0
대전,"전기ㆍ운수ㆍ통신ㆍ금융업(D,H,J,K)",-30인이상,4656573.0,169.0
대전,"전기ㆍ운수ㆍ통신ㆍ금융업(D,H,J,K)",-1~9인,4500594.0,172.3
대전,"전기ㆍ운수ㆍ통신ㆍ금융업(D,H,J,K)",-1~29인,4483059.0,170.5
대전,"전기ㆍ운수ㆍ통신ㆍ금융업(D,H,J,K)",-1~299인,4602020.0,169.7
대전,"전기ㆍ운수ㆍ통신ㆍ금융업(D,H,J,K)",-5~299인,4740221.0,169.4
대전,"전기ㆍ운수ㆍ통신ㆍ금융업(D,H,J,K)",1~4인,3547566.0,171.8
대전,"전기ㆍ운수ㆍ통신ㆍ금융업(D,H,J,K)",5~9인,5417245.0,172.7
대전,"전기ㆍ운수ㆍ통신ㆍ금융업(D,H,J,K)",10~29인,4468515.0,169.0
대전,"전기ㆍ운수ㆍ통신ㆍ금융업(D,H,J,K)",30~99인,4573409.0,168.8
대전,"전기ㆍ운수ㆍ통신ㆍ금융업(D,H,J,K)",100~299인,4916407.0,168.9
대전,"전기ㆍ운수ㆍ통신ㆍ금융업(D,H,J,K)",300인이상,4295687.0,169.5
울산,전산업,전규모(1인이상),3995978.0,176.9
울산,전산업,-5인이상,4179396.0,178.7
울산,전산업,-10인이상,4284571.0,179.4
울산,전산업,-30인이상,4413961.0,179.9
울산,전산업,-1~9인,3036656.0,168.9
울산,전산업,-1~29인,3382347.0,172.6
울산,전산업,-1~299인,3678866.0,177.3
울산,전산업,-5~299인,3875993.0,179.9
울산,전산업,1~4인,2821719.0,165.7
울산,전산업,5~9인,3338615.0,173.3
울산,전산업,10~29인,3842027.0,177.5
울산,전산업,30~99인,3947511.0,182.5
울산,전산업,100~299인,4228523.0,184.4
울산,전산업,300인이상,4821727.0,176.1
울산,"광업.제조업(B,C)",전규모(1인이상),4597051.0,182.8
울산,"광업.제조업(B,C)",-5인이상,4640408.0,183.2
울산,"광업.제조업(B,C)",-10인이상,4671883.0,183.1
울산,"광업.제조업(B,C)",-30인이상,4716727.0,182.2
울산,"광업.제조업(B,C)",-1~9인,3679456.0,179.9
울산,"광업.제조업(B,C)",-1~29인,4062017.0,185.8
울산,"광업.제조업(B,C)",-1~299인,4286889.0,188.6
울산,"광업.제조업(B,C)",-5~299인,4345586.0,189.8
울산,"광업.제조업(B,C)",1~4인,3514922.0,173.1
울산,"광업.제조업(B,C)",5~9인,3851316.0,186.9
울산,"광업.제조업(B,C)",10~29인,4330633.0,190.0
울산,"광업.제조업(B,C)",30~99인,4157708.0,187.6
울산,"광업.제조업(B,C)",100~299인,4707756.0,193.2
울산,"광업.제조업(B,C)",300인이상,4968800.0,175.9
울산,건설업(F),전규모(1인이상),4511099.0,180.2
울산,건설업(F),-5인이상,4705173.0,184.8
울산,건설업(F),-10인이상,4828064.0,186.9
울산,건설업(F),-30인이상,4722294.0,188.5
울산,건설업(F),-1~9인,3770286.0,164.5
울산,건설업(F),-1~29인,4361198.0,174.2
울산,건설업(F),-1~299인,4483365.0,180.0
울산,건설업(F),-5~299인,4687242.0,184.8
울산,건설업(F),1~4인,3171429.0,148.6
울산,건설업(F),5~9인,4208011.0,176.1
울산,건설업(F),10~29인,4982007.0,184.5
울산,건설업(F),30~99인,4753279.0,191.7
울산,건설업(F),100~299인,4523716.0,183.8
울산,건설업(F),300인이상,4951767.0,183.6
울산,"도소매ㆍ음식숙박업(G,I)",전규모(1인이상),3013171.0,172.5
울산,"도소매ㆍ음식숙박업(G,I)",-5인이상,3244960.0,174.8
울산,"도소매ㆍ음식숙박업(G,I)",-10인이상,3350438.0,173.4
울산,"도소매ㆍ음식숙박업(G,I)",-30인이상,3744455.0,173.0
울산,"도소매ㆍ음식숙박업(G,I)",-1~9인,2838612.0,172.1
울산,"도소매ㆍ음식숙박업(G,I)",-1~29인,2871661.0,172.4
울산,"도소매ㆍ음식숙박업(G,I)",-1~299인,3015527.0,172.5
울산,"도소매ㆍ음식숙박업(G,I)",-5~299인,3269934.0,175.0
울산,"도소매ㆍ음식숙박업(G,I)",1~4인,2750381.0,169.9
울산,"도소매ㆍ음식숙박업(G,I)",5~9인,3055915.0,177.5
울산,"도소매ㆍ음식숙박업(G,I)",10~29인,2993379.0,173.7
울산,"도소매ㆍ음식숙박업(G,I)",30~99인,4732021.0,173.7
울산,"도소매ㆍ음식숙박업(G,I)",100~299인,3003991.0,171.6
울산,"도소매ㆍ음식숙박업(G,I)",300인이상,2960591.0,173.3
울산,"사업ㆍ개인ㆍ공공서비스업(E,L~S)",전규모(1인이상),3312026.0,170.9
울산,"사업ㆍ개인ㆍ공공서비스업(E,L~S)",-5인이상,3490705.0,172.9
울산,"사업ㆍ개인ㆍ공공서비스업(E,L~S)",-10인이상,3620868.0,174.5
울산,"사업ㆍ개인ㆍ공공서비스업(E,L~S)",-30인이상,3821252.0,178.3
울산,"사업ㆍ개인ㆍ공공서비스업(E,L~S)",-1~9인,2598119.0,162.6
울산,"사업ㆍ개인ㆍ공공서비스업(E,L~S)",-1~29인,2864136.0,164.4
울산,"사업ㆍ개인ㆍ공공서비스업(E,L~S)",-1~299인,3073726.0,170.0
울산,"사업ㆍ개인ㆍ공공서비스업(E,L~S)",-5~299인,3237638.0,172.2
울산,"사업ㆍ개인ㆍ공공서비스업(E,L~S)",1~4인,2452910.0,161.5
울산,"사업ㆍ개인ㆍ공공서비스업(E,L~S)",5~9인,2790727.0,164.1
울산,"사업ㆍ개인ㆍ공공서비스업(E,L~S)",10~29인,3213291.0,166.7
울산,"사업ㆍ개인ㆍ공공서비스업(E,L~S)",30~99인,3504397.0,187.7
울산,"사업ㆍ개인ㆍ공공서비스업(E,L~S)",100~299인,3370504.0,167.2
울산,"사업ㆍ개인ㆍ공공서비스업(E,L~S)",300인이상,4429780.0,175.2
울산,"전기ㆍ운수ㆍ통신ㆍ금융업(D,H,J,K)",전규모(1인이상),4262103.0,171.5
울산,"전기ㆍ운수ㆍ통신ㆍ금융업(D,H,J,K)",-5인이상,4299171.0,171.9
울산,"전기ㆍ운수ㆍ통신ㆍ금융업(D,H,J,K)",-10인이상,4264136.0,171.0
울산,"전기ㆍ운수ㆍ통신ㆍ금융업(D,H,J,K)",-30인이상,3978083.0,164.5
울산,"전기ㆍ운수ㆍ통신ㆍ금융업(D,H,J,K)",-1~9인,4255053.0,173.1
울산,"전기ㆍ운수ㆍ통신ㆍ금융업(D,H,J,K)",-1~29인,4587865.0,179.5
울산,"전기ㆍ운수ㆍ통신ㆍ금융업(D,H,J,K)",-1~299인,4175860.0,169.6
울산,"전기ㆍ운수ㆍ통신ㆍ금융업(D,H,J,K)",-5~299인,4208009.0,169.8
울산,"전기ㆍ운수ㆍ통신ㆍ금융업(D,H,J,K)",1~4인,3939367.0,168.0
울산,"전기ㆍ운수ㆍ통신ㆍ금융업(D,H,J,K)",5~9인,4524273.0,177.5
울산,"전기ㆍ운수ㆍ통신ㆍ금융업(D,H,J,K)",10~29인,4895755.0,185.5
울산,"전기ㆍ운수ㆍ통신ㆍ금융업(D,H,J,K)",30~99인,3536360.0,147.8
울산,"전기ㆍ운수ㆍ통신ㆍ금융업(D,H,J,K)",100~299인,4138301.0,187.3
울산,"전기ㆍ운수ㆍ통신ㆍ금융업(D,H,J,K)",300인이상,4795695.0,183.2
세종,전산업,전규모(1인이상),3652356.0,172.1
세종,전산업,-5인이상,3897193.0,175.8
세종,전산업,-10인이상,4058427.0,177.4
세종,전산업,-30인이상,4364374.0,177.2
세종,전산업,-1~9인,2808714.0,161.1
세종,전산업,-1~29인,3041790.0,167.7
세종,전산업,-1~299인,3439167.0,172.3
세종,전산업,-5~299인,3680984.0,177.0
세종,전산업,1~4인,2608029.0,156.2
세종,전산업,5~9인,3091016.0,167.9
세종,전산업,10~29인,3396644.0,177.7
세종,전산업,30~99인,3813817.0,183.2
세종,전산업,100~299인,4492194.0,177.5
세종,전산업,300인이상,4794324.0,171.0
세종,"광업.제조업(B,C)",전규모(1인이상),4272351.0,184.6
세종,"광업.제조업(B,C)",-5인이상,4395647.0,186.3
세종,"광업.제조업(B,C)",-10인이상,4436954.0,186.7
세종,"광업.제조업(B,C)",-30인이상,4749336.0,188.8
세종,"광업.제조업(B,C)",-1~9인,2956280.0,168.0
세종,"광업.제조업(B,C)",-1~29인,3061667.0,173.9
세종,"광업.제조업(B,C)",-1~299인,3746182.0,182.7
세종,"광업.제조업(B,C)",-5~299인,3868094.0,185.0
세종,"광업.제조업(B,C)",1~4인,2438231.0,159.0
세종,"광업.제조업(B,C)",5~9인,3633588.0,179.8
세종,"광업.제조업(B,C)",10~29인,3129995.0,177.6
세종,"광업.제조업(B,C)",30~99인,4110792.0,187.7
세종,"광업.제조업(B,C)",100~299인,4218555.0,188.7
세종,"광업.제조업(B,C)",300인이상,5760473.0,189.9
세종,건설업(F),전규모(1인이상),3674760.0,170.6
세종,건설업(F),-5인이상,3711237.0,170.2
세종,건설업(F),-10인이상,3722131.0,173.2
세종,건설업(F),-30인이상,3475477.0,176.0
세종,건설업(F),-1~9인,3634318.0,168.3
세종,건설업(F),-1~29인,3703365.0,169.8
세종,건설업(F),-1~299인,3674760.0,170.6
세종,건설업(F),-5~299인,3711237.0,170.2
세종,건설업(F),1~4인,3546236.0,171.9
세종,건설업(F),5~9인,3695480.0,165.9
세종,건설업(F),10~29인,3814547.0,172.1
세종,건설업(F),30~99인,3160217.0,176.0
세종,건설업(F),100~299인,5898700.0,176.0
세종,"도소매ㆍ음식숙박업(G,I)",전규모(1인이상),2942881.0,163.2
세종,"도소매ㆍ음식숙박업(G,I)",-5인이상,3747328.0,180.7
세종,"도소매ㆍ음식숙박업(G,I)",-10인이상,4156831.0,177.2
세종,"도소매ㆍ음식숙박업(G,I)",-30인이상,4249397.0,170.0
세종,"도소매ㆍ음식숙박업(G,I)",-1~9인,2415842.0,157.1
세종,"도소매ㆍ음식숙박업(G,I)",-1~29인,2722294.0,162.1
세종,"도소매ㆍ음식숙박업(G,I)",-1~299인,2795156.0,161.8
세종,"도소매ㆍ음식숙박업(G,I)",-5~299인,3553944.0,180.5
세종,"도소매ㆍ음식숙박업(G,I)",1~4인,2191195.0,146.9
세종,"도소매ㆍ음식숙박업(G,I)",5~9인,3059862.0,186.4
세종,"도소매ㆍ음식숙박업(G,I)",10~29인,4072353.0,183.8
세종,"도소매ㆍ음식숙박업(G,I)",30~99인,3984238.0,169.3
세종,"도소매ㆍ음식숙박업(G,I)",100~299인,3180495.0,144.5
세종,"도소매ㆍ음식숙박업(G,I)",300인이상,4859043.0,181.3
세종,"사업ㆍ개인ㆍ공공서비스업(E,L~S)",전규모(1인이상),3353820.0,166.8
세종,"사업ㆍ개인ㆍ공공서비스업(E,L~S)",-5인이상,3516192.0,168.9
세종,"사업ㆍ개인ㆍ공공서비스업(E,L~S)",-10인이상,3713227.0,171.0
세종,"사업ㆍ개인ㆍ공공서비스업(E,L~S)",-30인이상,4007225.0,167.0
세종,"사업ㆍ개인ㆍ공공서비스업(E,L~S)",-1~9인,2644105.0,158.7
세종,"사업ㆍ개인ㆍ공공서비스업(E,L~S)",-1~29인,2863710.0,166.7
세종,"사업ㆍ개인ㆍ공공서비스업(E,L~S)",-1~299인,3240088.0,169.7
세종,"사업ㆍ개인ㆍ공공서비스업(E,L~S)",-5~299인,3406866.0,173.1
세종,"사업ㆍ개인ㆍ공공서비스업(E,L~S)",1~4인,2631158.0,157.5
세종,"사업ㆍ개인ㆍ공공서비스업(E,L~S)",5~9인,2659660.0,160.1
세종,"사업ㆍ개인ㆍ공공서비스업(E,L~S)",10~29인,3177550.0,178.2
세종,"사업ㆍ개인ㆍ공공서비스업(E,L~S)",30~99인,3355306.0,181.2
세종,"사업ㆍ개인ㆍ공공서비스업(E,L~S)",100~299인,4721844.0,170.0
세종,"사업ㆍ개인ㆍ공공서비스업(E,L~S)",300인이상,4015440.0,149.9
세종,"전기ㆍ운수ㆍ통신ㆍ금융업(D,H,J,K)",전규모(1인이상),4362123.0,176.5
세종,"전기ㆍ운수ㆍ통신ㆍ금융업(D,H,J,K)",-5인이상,4464239.0,176.9
세종,"전기ㆍ운수ㆍ통신ㆍ금융업(D,H,J,K)",-10인이상,4474787.0,177.7
세종,"전기ㆍ운수ㆍ통신ㆍ금융업(D,H,J,K)",-30인이상,4578485.0,179.4
세종,"전기ㆍ운수ㆍ통신ㆍ금융업(D,H,J,K)",-1~9인,4095952.0,173.5
세종,"전기ㆍ운수ㆍ통신ㆍ금융업(D,H,J,K)",-1~29인,4168153.0,173.8
세종,"전기ㆍ운수ㆍ통신ㆍ금융업(D,H,J,K)",-1~299인,4439297.0,175.4
세종,"전기ㆍ운수ㆍ통신ㆍ금융업(D,H,J,K)",-5~299인,4571416.0,175.8
세종,"전기ㆍ운수ㆍ통신ㆍ금융업(D,H,J,K)",1~4인,3799132.0,173.7
세종,"전기ㆍ운수ㆍ통신ㆍ금융업(D,H,J,K)",5~9인,4412724.0,173.2
세종,"전기ㆍ운수ㆍ통신ㆍ금융업(D,H,J,K)",10~29인,4261556.0,174.2
세종,"전기ㆍ운수ㆍ통신ㆍ금융업(D,H,J,K)",30~99인,4707398.0,183.7
세종,"전기ㆍ운수ㆍ통신ㆍ금융업(D,H,J,K)",100~299인,5032700.0,167.2
세종,"전기ㆍ운수ㆍ통신ㆍ금융업(D,H,J,K)",300인이상,3686731.0,185.6
경기,전산업,전규모(1인이상),3947841.0,174.4
경기,전산업,-5인이상,4199778.0,175.5
경기,전산업,-10인이상,4362197.0,177.0
경기,전산업,-30인이상,4654664.0,176.4
경기,전산업,-1~9인,3107996.0,169.3
경기,전산업,-1~29인,3395677.0,172.9
경기,전산업,-1~299인,3646043.0,174.3
경기,전산업,-5~299인,3873760.0,175.5
경기,전산업,1~4인,2857532.0,169.9
경기,전산업,5~9인,3437493.0,168.4
경기,전산업,10~29인,3807032.0,178.0
경기,전산업,30~99인,3972319.0,177.5
경기,전산업,100~299인,4480592.0,176.7
경기,전산업,300인이상,5504817.0,175.1
경기,"광업.제조업(B,C)",전규모(1인이상),4351475.0,182.1
경기,"광업.제조업(B,C)",-5인이상,4532196.0,183.4
경기,"광업.제조업(B,C)",-10인이상,4668887.0,184.2
경기,"광업.제조업(B,C)",-30인이상,5051303.0,185.2
경기,"광업.제조업(B,C)",-1~9인,3343698.0,175.4
경기,"광업.제조업(B,C)",-1~29인,3658487.0,179.0
경기,"광업.제조업(B,C)",-1~299인,3901492.0,181.9
경기,"광업.제조업(B,C)",-5~299인,4048255.0,183.4
경기,"광업.제조업(B,C)",1~4인,3079803.0,173.1
경기,"광업.제조업(B,C)",5~9인,3629002.0,178.0
경기,"광업.제조업(B,C)",10~29인,3945248.0,182.3
경기,"광업.제조업(B,C)",30~99인,4118324.0,186.5
경기,"광업.제조업(B,C)",100~299인,4588852.0,186.1
경기,"광업.제조업(B,C)",300인이상,6416446.0,183.1
경기,건설업(F),전규모(1인이상),4346077.0,177.4
경기,건설업(F),-5인이상,4607560.0,177.9
경기,건설업(F),-10인이상,4641473.0,177.4
경기,건설업(F),-30인이상,4929114.0,179.9
경기,건설업(F),-1~9인,3985036.0,177.3
경기,건설업(F),-1~29인,4189845.0,176.7
경기,건설업(F),-1~299인,4318626.0,177.4
경기,건설업(F),-5~299인,4575717.0,178.0
경기,건설업(F),1~4인,3302660.0,175.1
경기,건설업(F),5~9인,4532835.0,179.1
경기,건설업(F),10~29인,4461981.0,175.8
경기,건설업(F),30~99인,4922667.0,180.3
경기,건설업(F),100~299인,4487839.0,180.0
경기,건설업(F),300인이상,7866720.0,170.0
경기,"도소매ㆍ음식숙박업(G,I)",전규모(1인이상),3468914.0,173.8
경기,"도소매ㆍ음식숙박업(G,I)",-5인이상,3911970.0,172.7
경기,"도소매ㆍ음식숙박업(G,I)",-10인이상,3971247.0,174.1
경기,"도소매ㆍ음식숙박업(G,I)",-30인이상,4281750.0,170.5
경기,"도소매ㆍ음식숙박업(G,I)",-1~9인,3150295.0,173.5
경기,"도소매ㆍ음식숙박업(G,I)",-1~29인,3304429.0,174.4
경기,"도소매ㆍ음식숙박업(G,I)",-1~299인,3427944.0,173.7
경기,"도소매ㆍ음식숙박업(G,I)",-5~299인,3856325.0,172.7
경기,"도소매ㆍ음식숙박업(G,I)",1~4인,2831470.0,175.3
경기,"도소매ㆍ음식숙박업(G,I)",5~9인,3797989.0,170.0
경기,"도소매ㆍ음식숙박업(G,I)",10~29인,3733500.0,176.8
경기,"도소매ㆍ음식숙박업(G,I)",30~99인,3882009.0,171.9
경기,"도소매ㆍ음식숙박업(G,I)",100~299인,4647235.0,165.9
경기,"도소매ㆍ음식숙박업(G,I)",300인이상,5583399.0,173.8
경기,"사업ㆍ개인ㆍ공공서비스업(E,L~S)",전규모(1인이상),3583382.0,167.8
경기,"사업ㆍ개인ㆍ공공서비스업(E,L~S)",-5인이상,3778734.0,169.2
경기,"사업ㆍ개인ㆍ공공서비스업(E,L~S)",-10인이상,3987489.0,171.4
경기,"사업ㆍ개인ㆍ공공서비스업(E,L~S)",-30인이상,4235326.0,169.7
경기,"사업ㆍ개인ㆍ공공서비스업(E,L~S)",-1~9인,2680477.0,159.8
경기,"사업ㆍ개인ㆍ공공서비스업(E,L~S)",-1~29인,2976806.0,166.1
경기,"사업ㆍ개인ㆍ공공서비스업(E,L~S)",-1~299인,3275082.0,167.4
경기,"사업ㆍ개인ㆍ공공서비스업(E,L~S)",-5~299인,3452774.0,169.0
경기,"사업ㆍ개인ㆍ공공서비스업(E,L~S)",1~4인,2610926.0,161.2
경기,"사업ㆍ개인ㆍ공공서비스업(E,L~S)",5~9인,2762467.0,158.3
경기,"사업ㆍ개인ㆍ공공서비스업(E,L~S)",10~29인,3415516.0,175.3
경기,"사업ㆍ개인ㆍ공공서비스업(E,L~S)",30~99인,3655599.0,171.5
경기,"사업ㆍ개인ㆍ공공서비스업(E,L~S)",100~299인,4155739.0,167.1
경기,"사업ㆍ개인ㆍ공공서비스업(E,L~S)",300인이상,4761034.0,169.5
경기,"전기ㆍ운수ㆍ통신ㆍ금융업(D,H,J,K)",전규모(1인이상),4677485.0,175.0
경기,"전기ㆍ운수ㆍ통신ㆍ금융업(D,H,J,K)",-5인이상,4832364.0,175.1
경기,"전기ㆍ운수ㆍ통신ㆍ금융업(D,H,J,K)",-10인이상,4907401.0,175.3
경기,"전기ㆍ운수ㆍ통신ㆍ금융업(D,H,J,K)",-30인이상,5021827.0,175.9
경기,"전기ㆍ운수ㆍ통신ㆍ금융업(D,H,J,K)",-1~9인,3783836.0,173.9
경기,"전기ㆍ운수ㆍ통신ㆍ금융업(D,H,J,K)",-1~29인,4152534.0,173.8
경기,"전기ㆍ운수ㆍ통신ㆍ금융업(D,H,J,K)",-1~299인,4361867.0,175.2
경기,"전기ㆍ운수ㆍ통신ㆍ금융업(D,H,J,K)",-5~299인,4519002.0,175.3
경기,"전기ㆍ운수ㆍ통신ㆍ금융업(D,H,J,K)",1~4인,3366761.0,174.3
경기,"전기ㆍ운수ㆍ통신ㆍ금융업(D,H,J,K)",5~9인,4229239.0,173.4
경기,"전기ㆍ운수ㆍ통신ㆍ금융업(D,H,J,K)",10~29인,4546542.0,173.6
경기,"전기ㆍ운수ㆍ통신ㆍ금융업(D,H,J,K)",30~99인,4318610.0,171.9
경기,"전기ㆍ운수ㆍ통신ㆍ금융업(D,H,J,K)",100~299인,4946504.0,183.5
경기,"전기ㆍ운수ㆍ통신ㆍ금융업(D,H,J,K)",300인이상,5763985.0,174.5
강원,전산업,전규모(1인이상),3362099.0,172.1
강원,전산업,-5인이상,3558553.0,173.6
강원,전산업,-10인이상,3690508.0,173.3
강원,전산업,-30인이상,3939054.0,175.6
강원,전산업,-1~9인,2826406.0,170.0
강원,전산업,-1~29인,3016309.0,170.0
강원,전산업,-1~299인,3210948.0,172.0
강원,전산업,-5~299인,3389580.0,173.8
강원,전산업,1~4인,2660791.0,166.4
강원,전산업,5~9인,3051181.0,174.8
강원,전산업,10~29인,3310656.0,169.9
강원,전산업,30~99인,3521774.0,177.8
강원,전산업,100~299인,3968816.0,174.6
강원,전산업,300인이상,4620624.0,172.7
강원,"광업.제조업(B,C)",전규모(1인이상),3666354.0,178.3
강원,"광업.제조업(B,C)",-5인이상,3769276.0,179.1
강원,"광업.제조업(B,C)",-10인이상,3869503.0,179.6
강원,"광업.제조업(B,C)",-30인이상,4022105.0,182.8
강원,"광업.제조업(B,C)",-1~9인,3032733.0,174.5
강원,"광업.제조업(B,C)",-1~29인,3294204.0,173.7
강원,"광업.제조업(B,C)",-1~299인,3510508.0,177.4
강원,"광업.제조업(B,C)",-5~299인,3603057.0,178.1
강원,"광업.제조업(B,C)",1~4인,2958824.0,173.0
강원,"광업.제조업(B,C)",5~9인,3113797.0,176.1
강원,"광업.제조업(B,C)",10~29인,3552292.0,172.8
강원,"광업.제조업(B,C)",30~99인,3117374.0,180.7
강원,"광업.제조업(B,C)",100~299인,4718451.0,184.0
강원,"광업.제조업(B,C)",300인이상,4853989.0,185.5
강원,건설업(F),전규모(1인이상),3383535.0,176.9
강원,건설업(F),-5인이상,3495198.0,177.1
강원,건설업(F),-10인이상,3900070.0,177.6
강원,건설업(F),-30인이상,4509259.0,175.7
강원,건설업(F),-1~9인,2916850.0,176.2
강원,건설업(F),-1~29인,3239193.0,177.0
강원,건설업(F),-1~299인,3383535.0,176.9
강원,건설업(F),-5~299인,3495198.0,177.1
강원,건설업(F),1~4인,2933944.0,176.0
강원,건설업(F),5~9인,2906430.0,176.3
강원,건설업(F),10~29인,3708287.0,178.3
강원,건설업(F),30~99인,4381918.0,173.7
강원,건설업(F),100~299인,4922438.0,181.9
강원,"도소매ㆍ음식숙박업(G,I)",전규모(1인이상),2999878.0,175.2
강원,"도소매ㆍ음식숙박업(G,I)",-5인이상,3284255.0,178.2
강원,"도소매ㆍ음식숙박업(G,I)",-10인이상,3362905.0,177.5
강원,"도소매ㆍ음식숙박업(G,I)",-30인이상,3348276.0,176.3
강원,"도소매ㆍ음식숙박업(G,I)",-1~9인,2807492.0,174.0
강원,"도소매ㆍ음식숙박업(G,I)",-1~29인,2931594.0,175.0
강원,"도소매ㆍ음식숙박업(G,I)",-1~299인,2991877.0,175.5
강원,"도소매ㆍ음식숙박업(G,I)",-5~299인,3283845.0,179.1
강원,"도소매ㆍ음식숙박업(G,I)",1~4인,2683059.0,171.8
강원,"도소매ㆍ음식숙박업(G,I)",5~9인,3133406.0,179.7
강원,"도소매ㆍ음식숙박업(G,I)",10~29인,3376042.0,178.6
강원,"도소매ㆍ음식숙박업(G,I)",30~99인,3211340.0,185.5
강원,"도소매ㆍ음식숙박업(G,I)",100~299인,3707451.0,163.6
강원,"도소매ㆍ음식숙박업(G,I)",300인이상,3291952.0,162.5
강원,"사업ㆍ개인ㆍ공공서비스업(E,L~S)",전규모(1인이상),3171859.0,168.2
강원,"사업ㆍ개인ㆍ공공서비스업(E,L~S)",-5인이상,3332871.0,170.4
강원,"사업ㆍ개인ㆍ공공서비스업(E,L~S)",-10인이상,3458854.0,170.2
강원,"사업ㆍ개인ㆍ공공서비스업(E,L~S)",-30인이상,3803794.0,173.9
강원,"사업ㆍ개인ㆍ공공서비스업(E,L~S)",-1~9인,2591545.0,164.2
강원,"사업ㆍ개인ㆍ공공서비스업(E,L~S)",-1~29인,2705151.0,164.1
강원,"사업ㆍ개인ㆍ공공서비스업(E,L~S)",-1~299인,2967331.0,168.1
강원,"사업ㆍ개인ㆍ공공서비스업(E,L~S)",-5~299인,3104071.0,170.6
강원,"사업ㆍ개인ㆍ공공서비스업(E,L~S)",1~4인,2461680.0,158.7
강원,"사업ㆍ개인ㆍ공공서비스업(E,L~S)",5~9인,2755843.0,171.3
강원,"사업ㆍ개인ㆍ공공서비스업(E,L~S)",10~29인,2859033.0,163.9
강원,"사업ㆍ개인ㆍ공공서비스업(E,L~S)",30~99인,3569327.0,179.0
강원,"사업ㆍ개인ㆍ공공서비스업(E,L~S)",100~299인,3270759.0,168.7
강원,"사업ㆍ개인ㆍ공공서비스업(E,L~S)",300인이상,4519827.0,169.3
강원,"전기ㆍ운수ㆍ통신ㆍ금융업(D,H,J,K)",전규모(1인이상),4287418.0,170.6
강원,"전기ㆍ운수ㆍ통신ㆍ금융업(D,H,J,K)",-5인이상,4447708.0,171.7
강원,"전기ㆍ운수ㆍ통신ㆍ금융업(D,H,J,K)",-10인이상,4437198.0,170.9
강원,"전기ㆍ운수ㆍ통신ㆍ금융업(D,H,J,K)",-30인이상,4504250.0,170.6
강원,"전기ㆍ운수ㆍ통신ㆍ금융업(D,H,J,K)",-1~9인,3820215.0,169.6
강원,"전기ㆍ운수ㆍ통신ㆍ금융업(D,H,J,K)",-1~29인,4067649.0,170.5
강원,"전기ㆍ운수ㆍ통신ㆍ금융업(D,H,J,K)",-1~299인,4111256.0,169.8
강원,"전기ㆍ운수ㆍ통신ㆍ금융업(D,H,J,K)",-5~299인,4289616.0,171.2
강원,"전기ㆍ운수ㆍ통신ㆍ금융업(D,H,J,K)",1~4인,3036233.0,161.6
강원,"전기ㆍ운수ㆍ통신ㆍ금융업(D,H,J,K)",5~9인,4509310.0,176.7
강원,"전기ㆍ운수ㆍ통신ㆍ금융업(D,H,J,K)",10~29인,4304253.0,171.3
강원,"전기ㆍ운수ㆍ통신ㆍ금융업(D,H,J,K)",30~99인,3914422.0,163.4
강원,"전기ㆍ운수ㆍ통신ㆍ금융업(D,H,J,K)",100~299인,4760098.0,180.1
강원,"전기ㆍ운수ㆍ통신ㆍ금융업(D,H,J,K)",300인이상,4983494.0,173.5
충북,전산업,전규모(1인이상),3601926.0,177.7
충북,전산업,-5인이상,3757109.0,179.1
충북,전산업,-10인이상,3861493.0,180.2
충북,전산업,-30인이상,4023588.0,180.3
충북,전산업,-1~9인,2914534.0,171.1
충북,전산업,-1~29인,3189406.0,175.3
충북,전산업,-1~299인,3393371.0,178.1
충북,전산업,-5~299인,3537644.0,179.9
충북,전산업,1~4인,2757104.0,170.1
충북,전산업,5~9인,3119964.0,172.3
충북,전산업,10~29인,3515043.0,180.2
충북,전산업,30~99인,3651306.0,183.7
충북,전산업,100~299인,3778474.0,180.3
충북,전산업,300인이상,4693299.0,175.9
충북,"광업.제조업(B,C)",전규모(1인이상),4075597.0,186.1
충북,"광업.제조업(B,C)",-5인이상,4126110.0,186.5
충북,"광업.제조업(B,C)",-10인이상,4166435.0,186.6
충북,"광업.제조업(B,C)",-30인이상,4320355.0,186.9
충북,"광업.제조업(B,C)",-1~9인,3430040.0,182.6
충북,"광업.제조업(B,C)",-1~29인,3547893.0,184.2
충북,"광업.제조업(B,C)",-1~299인,3764965.0,187.7
충북,"광업.제조업(B,C)",-5~299인,3806630.0,188.4
충북,"광업.제조업(B,C)",1~4인,3297390.0,180.3
충북,"광업.제조업(B,C)",5~9인,3559608.0,184.7
충북,"광업.제조업(B,C)",10~29인,3623025.0,185.3
충북,"광업.제조업(B,C)",30~99인,3727488.0,190.3
충북,"광업.제조업(B,C)",100~299인,4155968.0,190.3
충북,"광업.제조업(B,C)",300인이상,4983007.0,181.3
충북,건설업(F),전규모(1인이상),3616760.0,174.9
충북,건설업(F),-5인이상,3740456.0,175.3
충북,건설업(F),-10인이상,4146228.0,177.6
충북,건설업(F),-30인이상,4631879.0,168.2
충북,건설업(F),-1~9인,3140903.0,172.4
충북,건설업(F),-1~29인,3501373.0,175.6
충북,건설업(F),-1~299인,3616760.0,174.9
충북,건설업(F),-5~299인,3740456.0,175.3
충북,건설업(F),1~4인,3147158.0,173.3
충북,건설업(F),5~9인,3136805.0,171.8
충북,건설업(F),10~29인,4012717.0,180.2
충북,건설업(F),30~99인,4631879.0,168.2
충북,"도소매ㆍ음식숙박업(G,I)",전규모(1인이상),2965985.0,173.1
충북,"도소매ㆍ음식숙박업(G,I)",-5인이상,3314648.0,172.8
충북,"도소매ㆍ음식숙박업(G,I)",-10인이상,3444837.0,174.7
충북,"도소매ㆍ음식숙박업(G,I)",-30인이상,3284808.0,176.9
충북,"도소매ㆍ음식숙박업(G,I)",-1~9인,2750115.0,172.4
충북,"도소매ㆍ음식숙박업(G,I)",-1~29인,2931426.0,172.7
충북,"도소매ㆍ음식숙박업(G,I)",-1~299인,2965985.0,173.1
충북,"도소매ㆍ음식숙박업(G,I)",-5~299인,3314648.0,172.8
충북,"도소매ㆍ음식숙박업(G,I)",1~4인,2603191.0,173.4
충북,"도소매ㆍ음식숙박업(G,I)",5~9인,3111571.0,170.0
충북,"도소매ㆍ음식숙박업(G,I)",10~29인,3518332.0,173.7
충북,"도소매ㆍ음식숙박업(G,I)",30~99인,3327217.0,178.3
충북,"도소매ㆍ음식숙박업(G,I)",100~299인,3162206.0,172.9
충북,"사업ㆍ개인ㆍ공공서비스업(E,L~S)",전규모(1인이상),3128955.0,170.9
충북,"사업ㆍ개인ㆍ공공서비스업(E,L~S)",-5인이상,3271455.0,172.6
충북,"사업ㆍ개인ㆍ공공서비스업(E,L~S)",-10인이상,3379198.0,173.8
충북,"사업ㆍ개인ㆍ공공서비스업(E,L~S)",-30인이상,3476962.0,170.1
충북,"사업ㆍ개인ㆍ공공서비스업(E,L~S)",-1~9인,2533186.0,163.8
충북,"사업ㆍ개인ㆍ공공서비스업(E,L~S)",-1~29인,2848928.0,171.5
충북,"사업ㆍ개인ㆍ공공서비스업(E,L~S)",-1~299인,2985884.0,172.0
충북,"사업ㆍ개인ㆍ공공서비스업(E,L~S)",-5~299인,3122852.0,174.4
충북,"사업ㆍ개인ㆍ공공서비스업(E,L~S)",1~4인,2401150.0,161.9
충북,"사업ㆍ개인ㆍ공공서비스업(E,L~S)",5~9인,2696899.0,166.2
충북,"사업ㆍ개인ㆍ공공서비스업(E,L~S)",10~29인,3210457.0,180.3
충북,"사업ㆍ개인ㆍ공공서비스업(E,L~S)",30~99인,3448152.0,180.0
충북,"사업ㆍ개인ㆍ공공서비스업(E,L~S)",100~299인,2825478.0,159.6
충북,"사업ㆍ개인ㆍ공공서비스업(E,L~S)",300인이상,4028296.0,163.9
충북,"전기ㆍ운수ㆍ통신ㆍ금융업(D,H,J,K)",전규모(1인이상),4034692.0,169.4
충북,"전기ㆍ운수ㆍ통신ㆍ금융업(D,H,J,K)",-5인이상,4065885.0,169.3
충북,"전기ㆍ운수ㆍ통신ㆍ금융업(D,H,J,K)",-10인이상,4081321.0,168.6
충북,"전기ㆍ운수ㆍ통신ㆍ금융업(D,H,J,K)",-30인이상,4103448.0,171.3
충북,"전기ㆍ운수ㆍ통신ㆍ금융업(D,H,J,K)",-1~9인,3910585.0,171.6
충북,"전기ㆍ운수ㆍ통신ㆍ금융업(D,H,J,K)",-1~29인,3973697.0,167.7
충북,"전기ㆍ운수ㆍ통신ㆍ금융업(D,H,J,K)",-1~299인,3997002.0,169.2
충북,"전기ㆍ운수ㆍ통신ㆍ금융업(D,H,J,K)",-5~299인,4023668.0,169.1
충북,"전기ㆍ운수ㆍ통신ㆍ금융업(D,H,J,K)",1~4인,3843084.0,170.0
충북,"전기ㆍ운수ㆍ통신ㆍ금융업(D,H,J,K)",5~9인,3981588.0,173.2
충북,"전기ㆍ운수ㆍ통신ㆍ금융업(D,H,J,K)",10~29인,4040818.0,163.7
충북,"전기ㆍ운수ㆍ통신ㆍ금융업(D,H,J,K)",30~99인,3864780.0,170.5
충북,"전기ㆍ운수ㆍ통신ㆍ금융업(D,H,J,K)",100~299인,4402777.0,172.6
충북,"전기ㆍ운수ㆍ통신ㆍ금융업(D,H,J,K)",300인이상,4723965.0,172.2
충남,전산업,전규모(1인이상),3906688.0,178.8
충남,전산업,-5인이상,4109260.0,180.8
충남,전산업,-10인이상,4262468.0,181.5
충남,전산업,-30인이상,4522119.0,180.5
충남,전산업,-1~9인,2972159.0,171.6
충남,전산업,-1~29인,3262491.0,177.0
충남,전산업,-1~299인,3531588.0,178.8
충남,전산업,-5~299인,3700031.0,181.3
충남,전산업,1~4인,2807997.0,168.1
충남,전산업,5~9인,3185018.0,176.2
충남,전산업,10~29인,3638597.0,183.9
충남,전산업,30~99인,3830289.0,180.1
충남,전산업,100~299인,4054361.0,183.3
충남,전산업,300인이상,5667762.0,178.8
충남,"광업.제조업(B,C)",전규모(1인이상),4607617.0,186.6
충남,"광업.제조업(B,C)",-5인이상,4677662.0,187.9
충남,"광업.제조업(B,C)",-10인이상,4741641.0,188.3
충남,"광업.제조업(B,C)",-30인이상,4977521.0,188.8
충남,"광업.제조업(B,C)",-1~9인,3562869.0,173.8
충남,"광업.제조업(B,C)",-1~29인,3710632.0,181.3
충남,"광업.제조업(B,C)",-1~299인,3973226.0,186.5
충남,"광업.제조업(B,C)",-5~299인,4017967.0,188.3
충남,"광업.제조업(B,C)",1~4인,3452214.0,165.6
충남,"광업.제조업(B,C)",5~9인,3674737.0,182.0
충남,"광업.제조업(B,C)",10~29인,3804867.0,186.1
충남,"광업.제조업(B,C)",30~99인,3995777.0,187.7
충남,"광업.제조업(B,C)",100~299인,4310437.0,192.6
충남,"광업.제조업(B,C)",300인이상,6261488.0,186.8
충남,건설업(F),전규모(1인이상),3486574.0,175.9
충남,건설업(F),-5인이상,3515228.0,175.6
충남,건설업(F),-10인이상,3752023.0,179.3
충남,건설업(F),-30인이상,4419804.0,183.1
충남,건설업(F),-1~9인,3189573.0,172.0
충남,건설업(F),-1~29인,3255205.0,174.1
충남,건설업(F),-1~299인,3455767.0,175.7
충남,건설업(F),-5~299인,3478566.0,175.3
충남,건설업(F),1~4인,3366605.0,177.0
충남,건설업(F),5~9인,3067306.0,168.6
충남,건설업(F),10~29인,3349245.0,177.1
충남,건설업(F),30~99인,4296095.0,183.4
충남,건설업(F),100~299인,5413408.0,187.2
충남,건설업(F),300인이상,4034879.0,179.9
충남,"도소매ㆍ음식숙박업(G,I)",전규모(1인이상),2869912.0,176.6
충남,"도소매ㆍ음식숙박업(G,I)",-5인이상,3285739.0,183.3
충남,"도소매ㆍ음식숙박업(G,I)",-10인이상,3800775.0,192.1
충남,"도소매ㆍ음식숙박업(G,I)",-30인이상,3681412.0,170.3
충남,"도소매ㆍ음식숙박업(G,I)",-1~9인,2457797.0,169.7
충남,"도소매ㆍ음식숙박업(G,I)",-1~29인,2767024.0,177.4
충남,"도소매ㆍ음식숙박업(G,I)",-1~299인,2869912.0,176.6
충남,"도소매ㆍ음식숙박업(G,I)",-5~299인,3285739.0,183.3
충남,"도소매ㆍ음식숙박업(G,I)",1~4인,2437332.0,169.7
충남,"도소매ㆍ음식숙박업(G,I)",5~9인,2507205.0,169.9
충남,"도소매ㆍ음식숙박업(G,I)",10~29인,3869883.0,204.7
충남,"도소매ㆍ음식숙박업(G,I)",30~99인,3793904.0,177.3
충남,"도소매ㆍ음식숙박업(G,I)",100~299인,3150704.0,137.4
충남,"사업ㆍ개인ㆍ공공서비스업(E,L~S)",전규모(1인이상),3285774.0,170.3
충남,"사업ㆍ개인ㆍ공공서비스업(E,L~S)",-5인이상,3435483.0,171.6
충남,"사업ㆍ개인ㆍ공공서비스업(E,L~S)",-10인이상,3526867.0,169.9
충남,"사업ㆍ개인ㆍ공공서비스업(E,L~S)",-30인이상,3667459.0,166.0
충남,"사업ㆍ개인ㆍ공공서비스업(E,L~S)",-1~9인,2790683.0,171.1
충남,"사업ㆍ개인ㆍ공공서비스업(E,L~S)",-1~29인,2988141.0,173.7
충남,"사업ㆍ개인ㆍ공공서비스업(E,L~S)",-1~299인,3157454.0,172.2
충남,"사업ㆍ개인ㆍ공공서비스업(E,L~S)",-5~299인,3302925.0,174.1
충남,"사업ㆍ개인ㆍ공공서비스업(E,L~S)",1~4인,2597953.0,164.6
충남,"사업ㆍ개인ㆍ공공서비스업(E,L~S)",5~9인,3022301.0,179.0
충남,"사업ㆍ개인ㆍ공공서비스업(E,L~S)",10~29인,3264048.0,177.3
충남,"사업ㆍ개인ㆍ공공서비스업(E,L~S)",30~99인,3489938.0,172.3
충남,"사업ㆍ개인ㆍ공공서비스업(E,L~S)",100~299인,3424189.0,162.5
충남,"사업ㆍ개인ㆍ공공서비스업(E,L~S)",300인이상,4116877.0,158.3
충남,"전기ㆍ운수ㆍ통신ㆍ금융업(D,H,J,K)",전규모(1인이상),4259912.0,174.1
충남,"전기ㆍ운수ㆍ통신ㆍ금융업(D,H,J,K)",-5인이상,4318877.0,173.4
충남,"전기ㆍ운수ㆍ통신ㆍ금융업(D,H,J,K)",-10인이상,4294835.0,173.4
충남,"전기ㆍ운수ㆍ통신ㆍ금융업(D,H,J,K)",-30인이상,4183248.0,166.5
충남,"전기ㆍ운수ㆍ통신ㆍ금융업(D,H,J,K)",-1~9인,4167045.0,176.0
충남,"전기ㆍ운수ㆍ통신ㆍ금융업(D,H,J,K)",-1~29인,4323584.0,180.5
충남,"전기ㆍ운수ㆍ통신ㆍ금융업(D,H,J,K)",-1~299인,4146866.0,175.2
충남,"전기ㆍ운수ㆍ통신ㆍ금융업(D,H,J,K)",-5~299인,4193210.0,174.6
충남,"전기ㆍ운수ㆍ통신ㆍ금융업(D,H,J,K)",1~4인,3871703.0,178.9
충남,"전기ㆍ운수ㆍ통신ㆍ금융업(D,H,J,K)",5~9인,4442423.0,173.3
충남,"전기ㆍ운수ㆍ통신ㆍ금융업(D,H,J,K)",10~29인,4480277.0,185.0
충남,"전기ㆍ운수ㆍ통신ㆍ금융업(D,H,J,K)",30~99인,4168103.0,167.3
충남,"전기ㆍ운수ㆍ통신ㆍ금융업(D,H,J,K)",100~299인,3480446.0,167.3
충남,"전기ㆍ운수ㆍ통신ㆍ금융업(D,H,J,K)",300인이상,5473120.0,162.9
전북,전산업,전규모(1인이상),3253899.0,172.6
전북,전산업,-5인이상,3475789.0,174.3
전북,전산업,-10인이상,3571116.0,174.8
전북,전산업,-30인이상,3744048.0,174.1
전북,전산업,-1~9인,2679238.0,168.6
전북,전산업,-1~29인,2913905.0,171.5
전북,전산업,-1~299인,3110018.0,172.5
전북,전산업,-5~299인,3321386.0,174.4
전북,전산업,1~4인,2417083.0,166.1
전북,전산업,5~9인,3055344.0,172.2
전북,전산업,10~29인,3269428.0,175.9
전북,전산업,30~99인,3470082.0,177.9
전북,전산업,100~299인,3518257.0,168.4
전북,전산업,300인이상,4502633.0,173.4
전북,"광업.제조업(B,C)",전규모(1인이상),3711058.0,185.0
전북,"광업.제조업(B,C)",-5인이상,3856245.0,188.0
전북,"광업.제조업(B,C)",-10인이상,3965831.0,190.1
전북,"광업.제조업(B,C)",-30인이상,4122618.0,191.7
전북,"광업.제조업(B,C)",-1~9인,2638178.0,163.7
전북,"광업.제조업(B,C)",-1~29인,3086525.0,174.9
전북,"광업.제조업(B,C)",-1~299인,3569560.0,184.5
전북,"광업.제조업(B,C)",-5~299인,3731761.0,188.2
전북,"광업.제조업(B,C)",1~4인,2439180.0,158.8
전북,"광업.제조업(B,C)",5~9인,2866135.0,169.4
전북,"광업.제조업(B,C)",10~29인,3505550.0,185.4
전북,"광업.제조업(B,C)",30~99인,3733180.0,192.3
전북,"광업.제조업(B,C)",100~299인,4423335.0,195.4
전북,"광업.제조업(B,C)",300인이상,4340554.0,187.3
전북,건설업(F),전규모(1인이상),3401691.0,174.0
전북,건설업(F),-5인이상,3712005.0,176.2
전북,건설업(F),-10인이상,4032528.0,178.4
전북,건설업(F),-30인이상,5240773.0,175.7
전북,건설업(F),-1~9인,2880897.0,170.4
전북,건설업(F),-1~29인,3179348.0,173.8
전북,건설업(F),-1~299인,3401691.0,174.0
전북,건설업(F),-5~299인,3712005.0,176.2
전북,건설업(F),1~4인,2417831.0,167.2
전북,건설업(F),5~9인,3241395.0,172.9
전북,건설업(F),10~29인,3654091.0,179.3
전북,건설업(F),30~99인,5122375.0,176.2
전북,건설업(F),100~299인,5902550.0,172.8
전북,"도소매ㆍ음식숙박업(G,I)",전규모(1인이상),2764362.0,177.9
전북,"도소매ㆍ음식숙박업(G,I)",-5인이상,3189495.0,187.6
전북,"도소매ㆍ음식숙박업(G,I)",-10인이상,3237742.0,184.0
전북,"도소매ㆍ음식숙박업(G,I)",-30인이상,3343465.0,173.7
전북,"도소매ㆍ음식숙박업(G,I)",-1~9인,2567937.0,175.3
전북,"도소매ㆍ음식숙박업(G,I)",-1~29인,2701153.0,178.3
전북,"도소매ㆍ음식숙박업(G,I)",-1~299인,2764362.0,177.9
전북,"도소매ㆍ음식숙박업(G,I)",-5~299인,3189495.0,187.6
전북,"도소매ㆍ음식숙박업(G,I)",1~4인,2356911.0,168.5
전북,"도소매ㆍ음식숙박업(G,I)",5~9인,3117354.0,192.9
전북,"도소매ㆍ음식숙박업(G,I)",10~29인,3184346.0,189.2
전북,"도소매ㆍ음식숙박업(G,I)",30~99인,3497390.0,171.1
전북,"도소매ㆍ음식숙박업(G,I)",100~299인,2915879.0,180.8
전북,"사업ㆍ개인ㆍ공공서비스업(E,L~S)",전규모(1인이상),2953999.0,163.1
전북,"사업ㆍ개인ㆍ공공서비스업(E,L~S)",-5인이상,3100893.0,162.4
전북,"사업ㆍ개인ㆍ공공서비스업(E,L~S)",-10인이상,3186032.0,161.9
전북,"사업ㆍ개인ㆍ공공서비스업(E,L~S)",-30인이상,3320930.0,158.8
전북,"사업ㆍ개인ㆍ공공서비스업(E,L~S)",-1~9인,2479475.0,165.5
전북,"사업ㆍ개인ㆍ공공서비스업(E,L~S)",-1~29인,2679495.0,166.3
전북,"사업ㆍ개인ㆍ공공서비스업(E,L~S)",-1~299인,2747508.0,163.5
전북,"사업ㆍ개인ㆍ공공서비스업(E,L~S)",-5~299인,2860696.0,162.8
전북,"사업ㆍ개인ㆍ공공서비스업(E,L~S)",1~4인,2338322.0,166.1
전북,"사업ㆍ개인ㆍ공공서비스업(E,L~S)",5~9인,2679742.0,164.7
전북,"사업ㆍ개인ㆍ공공서비스업(E,L~S)",10~29인,2949090.0,167.4
전북,"사업ㆍ개인ㆍ공공서비스업(E,L~S)",30~99인,3006180.0,168.5
전북,"사업ㆍ개인ㆍ공공서비스업(E,L~S)",100~299인,2630790.0,140.6
전북,"사업ㆍ개인ㆍ공공서비스업(E,L~S)",300인이상,4607912.0,159.9
전북,"전기ㆍ운수ㆍ통신ㆍ금융업(D,H,J,K)",전규모(1인이상),4075975.0,176.1
전북,"전기ㆍ운수ㆍ통신ㆍ금융업(D,H,J,K)",-5인이상,4195560.0,177.5
전북,"전기ㆍ운수ㆍ통신ㆍ금융업(D,H,J,K)",-10인이상,4111240.0,179.0
전북,"전기ㆍ운수ㆍ통신ㆍ금융업(D,H,J,K)",-30인이상,4177997.0,180.3
전북,"전기ㆍ운수ㆍ통신ㆍ금융업(D,H,J,K)",-1~9인,3990939.0,169.0
전북,"전기ㆍ운수ㆍ통신ㆍ금융업(D,H,J,K)",-1~29인,3989656.0,172.5
전북,"전기ㆍ운수ㆍ통신ㆍ금융업(D,H,J,K)",-1~299인,4017163.0,176.0
전북,"전기ㆍ운수ㆍ통신ㆍ금융업(D,H,J,K)",-5~299인,4137263.0,177.5
전북,"전기ㆍ운수ㆍ통신ㆍ금융업(D,H,J,K)",1~4인,3289927.0,167.1
전북,"전기ㆍ운수ㆍ통신ㆍ금융업(D,H,J,K)",5~9인,4565544.0,170.6
전북,"전기ㆍ운수ㆍ통신ㆍ금융업(D,H,J,K)",10~29인,3988144.0,176.6
전북,"전기ㆍ운수ㆍ통신ㆍ금융업(D,H,J,K)",30~99인,4164296.0,180.2
전북,"전기ㆍ운수ㆍ통신ㆍ금융업(D,H,J,K)",100~299인,3858806.0,182.0
전북,"전기ㆍ운수ㆍ통신ㆍ금융업(D,H,J,K)",300인이상,4877111.0,177.6
전남,전산업,전규모(1인이상),3540813.0,170.8
전남,전산업,-5인이상,3791086.0,172.1
전남,전산업,-10인이상,3900927.0,171.7
전남,전산업,-30인이상,4200090.0,172.9
전남,전산업,-1~9인,2841349.0,169.1
전남,전산업,-1~29인,3066489.0,169.2
전남,전산업,-1~299인,3328112.0,170.1
전남,전산업,-5~299인,3556750.0,171.4
전남,전산업,1~4인,2533737.0,165.4
전남,전산업,5~9인,3276164.0,174.3
전남,전산업,10~29인,3383053.0,169.5
전남,전산업,30~99인,3670042.0,174.7
전남,전산업,100~299인,4066560.0,166.6
전남,전산업,300인이상,5272694.0,176.5
전남,"광업.제조업(B,C)",전규모(1인이상),4198940.0,179.8
전남,"광업.제조업(B,C)",-5인이상,4370507.0,181.3
전남,"광업.제조업(B,C)",-10인이상,4462914.0,180.6
전남,"광업.제조업(B,C)",-30인이상,4721135.0,181.8
전남,"광업.제조업(B,C)",-1~9인,3086111.0,176.4
전남,"광업.제조업(B,C)",-1~29인,3463136.0,177.0
전남,"광업.제조업(B,C)",-1~299인,3768516.0,179.1
전남,"광업.제조업(B,C)",-5~299인,3939980.0,181.0
전남,"광업.제조업(B,C)",1~4인,2685899.0,167.0
전남,"광업.제조업(B,C)",5~9인,3539564.0,187.1
전남,"광업.제조업(B,C)",10~29인,3786755.0,177.5
전남,"광업.제조업(B,C)",30~99인,3760561.0,182.4
전남,"광업.제조업(B,C)",100~299인,4685634.0,180.7
전남,"광업.제조업(B,C)",300인이상,5455664.0,181.9
전남,건설업(F),전규모(1인이상),3638646.0,177.4
전남,건설업(F),-5인이상,3918699.0,176.9
전남,건설업(F),-10인이상,4168464.0,175.4
전남,건설업(F),-30인이상,4901862.0,174.0
전남,건설업(F),-1~9인,2897609.0,180.1
전남,건설업(F),-1~29인,3147428.0,178.7
전남,건설업(F),-1~299인,3490337.0,178.7
전남,건설업(F),-5~299인,3768565.0,178.5
전남,건설업(F),1~4인,2341667.0,179.7
전남,건설업(F),5~9인,3310140.0,180.5
전남,건설업(F),10~29인,3491024.0,176.7
전남,건설업(F),30~99인,4590577.0,181.9
전남,건설업(F),100~299인,5054062.0,174.4
전남,건설업(F),300인이상,5151753.0,163.9
전남,"도소매ㆍ음식숙박업(G,I)",전규모(1인이상),2924628.0,168.9
전남,"도소매ㆍ음식숙박업(G,I)",-5인이상,3285456.0,173.0
전남,"도소매ㆍ음식숙박업(G,I)",-10인이상,3047470.0,170.3
전남,"도소매ㆍ음식숙박업(G,I)",-30인이상,2790223.0,165.8
전남,"도소매ㆍ음식숙박업(G,I)",-1~9인,2874549.0,168.3
전남,"도소매ㆍ음식숙박업(G,I)",-1~29인,2939764.0,169.2
전남,"도소매ㆍ음식숙박업(G,I)",-1~299인,2924628.0,168.9
전남,"도소매ㆍ음식숙박업(G,I)",-5~299인,3285456.0,173.0
전남,"도소매ㆍ음식숙박업(G,I)",1~4인,2574156.0,164.9
전남,"도소매ㆍ음식숙박업(G,I)",5~9인,3624780.0,177.0
전남,"도소매ㆍ음식숙박업(G,I)",10~29인,3185681.0,172.7
전남,"도소매ㆍ음식숙박업(G,I)",30~99인,2781830.0,171.4
전남,"도소매ㆍ음식숙박업(G,I)",100~299인,2819172.0,146.5
전남,"사업ㆍ개인ㆍ공공서비스업(E,L~S)",전규모(1인이상),3097062.0,164.5
전남,"사업ㆍ개인ㆍ공공서비스업(E,L~S)",-5인이상,3275427.0,165.2
전남,"사업ㆍ개인ㆍ공공서비스업(E,L~S)",-10인이상,3394410.0,165.5
전남,"사업ㆍ개인ㆍ공공서비스업(E,L~S)",-30인이상,3618997.0,168.4
전남,"사업ㆍ개인ㆍ공공서비스업(E,L~S)",-1~9인,2446447.0,162.4
전남,"사업ㆍ개인ㆍ공공서비스업(E,L~S)",-1~29인,2696767.0,161.6
전남,"사업ㆍ개인ㆍ공공서비스업(E,L~S)",-1~299인,2994875.0,164.1
전남,"사업ㆍ개인ㆍ공공서비스업(E,L~S)",-5~299인,3163160.0,164.7
전남,"사업ㆍ개인ㆍ공공서비스업(E,L~S)",1~4인,2302962.0,161.5
전남,"사업ㆍ개인ㆍ공공서비스업(E,L~S)",5~9인,2648491.0,163.8
전남,"사업ㆍ개인ㆍ공공서비스업(E,L~S)",10~29인,3008002.0,160.5
전남,"사업ㆍ개인ㆍ공공서비스업(E,L~S)",30~99인,3440653.0,175.6
전남,"사업ㆍ개인ㆍ공공서비스업(E,L~S)",100~299인,3462121.0,155.7
전남,"사업ㆍ개인ㆍ공공서비스업(E,L~S)",300인이상,4630785.0,171.1
전남,"전기ㆍ운수ㆍ통신ㆍ금융업(D,H,J,K)",전규모(1인이상),4329842.0,169.9
전남,"전기ㆍ운수ㆍ통신ㆍ금융업(D,H,J,K)",-5인이상,4461171.0,170.4
전남,"전기ㆍ운수ㆍ통신ㆍ금융업(D,H,J,K)",-10인이상,4457853.0,169.0
전남,"전기ㆍ운수ㆍ통신ㆍ금융업(D,H,J,K)",-30인이상,4679631.0,165.5
전남,"전기ㆍ운수ㆍ통신ㆍ금융업(D,H,J,K)",-1~9인,3969891.0,172.2
전남,"전기ㆍ운수ㆍ통신ㆍ금융업(D,H,J,K)",-1~29인,3994763.0,174.1
전남,"전기ㆍ운수ㆍ통신ㆍ금융업(D,H,J,K)",-1~299인,4157776.0,169.9
전남,"전기ㆍ운수ㆍ통신ㆍ금융업(D,H,J,K)",-5~299인,4277259.0,170.4
전남,"전기ㆍ운수ㆍ통신ㆍ금융업(D,H,J,K)",1~4인,3478378.0,166.6
전남,"전기ㆍ운수ㆍ통신ㆍ금융업(D,H,J,K)",5~9인,4480191.0,178.0
전남,"전기ㆍ운수ㆍ통신ㆍ금융업(D,H,J,K)",10~29인,4021029.0,176.1
전남,"전기ㆍ운수ㆍ통신ㆍ금융업(D,H,J,K)",30~99인,4191708.0,158.4
전남,"전기ㆍ운수ㆍ통신ㆍ금융업(D,H,J,K)",100~299인,4791856.0,177.5
전남,"전기ㆍ운수ㆍ통신ㆍ금융업(D,H,J,K)",300인이상,5772884.0,169.9
경북,전산업,전규모(1인이상),3716220.0,175.4
경북,전산업,-5인이상,3920655.0,176.8
경북,전산업,-10인이상,4043991.0,176.7
경북,전산업,-30인이상,4325162.0,178.3
경북,전산업,-1~9인,2948208.0,172.5
경북,전산업,-1~29인,3184777.0,173.0
경북,전산업,-1~299인,3423546.0,175.6
경북,전산업,-5~299인,3603492.0,177.3
경북,전산업,1~4인,2723885.0,169.0
경북,전산업,5~9인,3246882.0,177.3
경북,전산업,10~29인,3486075.0,173.5
경북,전산업,30~99인,3729036.0,181.0
경북,전산업,100~299인,4062068.0,179.0
경북,전산업,300인이상,5197393.0,174.6
경북,"광업.제조업(B,C)",전규모(1인이상),4336123.0,185.9
경북,"광업.제조업(B,C)",-5인이상,4472290.0,187.1
경북,"광업.제조업(B,C)",-10인이상,4558405.0,187.6
경북,"광업.제조업(B,C)",-30인이상,4766499.0,188.5
경북,"광업.제조업(B,C)",-1~9인,3265033.0,177.6
경북,"광업.제조업(B,C)",-1~29인,3662114.0,181.8
경북,"광업.제조업(B,C)",-1~299인,3933264.0,186.1
경북,"광업.제조업(B,C)",-5~299인,4069998.0,187.8
경북,"광업.제조업(B,C)",1~4인,2923994.0,173.1
경북,"광업.제조업(B,C)",5~9인,3622452.0,182.2
경북,"광업.제조업(B,C)",10~29인,3975394.0,185.1
경북,"광업.제조업(B,C)",30~99인,4034655.0,189.9
경북,"광업.제조업(B,C)",100~299인,4533591.0,192.2
경북,"광업.제조업(B,C)",300인이상,5465667.0,185.3
경북,건설업(F),전규모(1인이상),3072399.0,174.3
경북,건설업(F),-5인이상,3282189.0,176.6
경북,건설업(F),-10인이상,3594991.0,175.2
경북,건설업(F),-30인이상,3864719.0,189.5
경북,건설업(F),-1~9인,2653689.0,173.7
경북,건설업(F),-1~29인,2965467.0,172.3
경북,건설업(F),-1~299인,3072399.0,174.3
경북,건설업(F),-5~299인,3282189.0,176.6
경북,건설업(F),1~4인,2364286.0,166.6
경북,건설업(F),5~9인,2856196.0,178.6
경북,건설업(F),10~29인,3496577.0,169.9
경북,건설업(F),30~99인,3725500.0,191.9
경북,건설업(F),100~299인,4831630.0,172.6
경북,"도소매ㆍ음식숙박업(G,I)",전규모(1인이상),3131673.0,176.0
경북,"도소매ㆍ음식숙박업(G,I)",-5인이상,3342485.0,179.7
경북,"도소매ㆍ음식숙박업(G,I)",-10인이상,3333618.0,179.7
경북,"도소매ㆍ음식숙박업(G,I)",-30인이상,3332957.0,180.9
경북,"도소매ㆍ음식숙박업(G,I)",-1~9인,3037418.0,174.2
경북,"도소매ㆍ음식숙박업(G,I)",-1~29인,3107147.0,175.4
경북,"도소매ㆍ음식숙박업(G,I)",-1~299인,3131673.0,176.0
경북,"도소매ㆍ음식숙박업(G,I)",-5~299인,3342485.0,179.7
경북,"도소매ㆍ음식숙박업(G,I)",1~4인,2913304.0,172.1
경북,"도소매ㆍ음식숙박업(G,I)",5~9인,3357289.0,179.8
경북,"도소매ㆍ음식숙박업(G,I)",10~29인,3333960.0,179.1
경북,"도소매ㆍ음식숙박업(G,I)",30~99인,3409158.0,183.5
경북,"도소매ㆍ음식숙박업(G,I)",100~299인,3131454.0,174.1
경북,"사업ㆍ개인ㆍ공공서비스업(E,L~S)",전규모(1인이상),3197618.0,165.4
경북,"사업ㆍ개인ㆍ공공서비스업(E,L~S)",-5인이상,3354640.0,165.5
경북,"사업ㆍ개인ㆍ공공서비스업(E,L~S)",-10인이상,3433843.0,164.1
경북,"사업ㆍ개인ㆍ공공서비스업(E,L~S)",-30인이상,3742272.0,164.9
경북,"사업ㆍ개인ㆍ공공서비스업(E,L~S)",-1~9인,2632009.0,168.5
경북,"사업ㆍ개인ㆍ공공서비스업(E,L~S)",-1~29인,2727799.0,165.8
경북,"사업ㆍ개인ㆍ공공서비스업(E,L~S)",-1~299인,2983196.0,167.4
경북,"사업ㆍ개인ㆍ공공서비스업(E,L~S)",-5~299인,3119694.0,168.0
경북,"사업ㆍ개인ㆍ공공서비스업(E,L~S)",1~4인,2414255.0,164.8
경북,"사업ㆍ개인ㆍ공공서비스업(E,L~S)",5~9인,2916892.0,173.2
경북,"사업ㆍ개인ㆍ공공서비스업(E,L~S)",10~29인,2844277.0,162.5
경북,"사업ㆍ개인ㆍ공공서비스업(E,L~S)",30~99인,3424726.0,174.3
경북,"사업ㆍ개인ㆍ공공서비스업(E,L~S)",100~299인,3358306.0,160.7
경북,"사업ㆍ개인ㆍ공공서비스업(E,L~S)",300인이상,4547742.0,152.9
경북,"전기ㆍ운수ㆍ통신ㆍ금융업(D,H,J,K)",전규모(1인이상),4137200.0,167.4
경북,"전기ㆍ운수ㆍ통신ㆍ금융업(D,H,J,K)",-5인이상,4264099.0,167.6
경북,"전기ㆍ운수ㆍ통신ㆍ금융업(D,H,J,K)",-10인이상,4325249.0,166.9
경북,"전기ㆍ운수ㆍ통신ㆍ금융업(D,H,J,K)",-30인이상,4372085.0,167.1
경북,"전기ㆍ운수ㆍ통신ㆍ금융업(D,H,J,K)",-1~9인,3605419.0,168.7
경북,"전기ㆍ운수ㆍ통신ㆍ금융업(D,H,J,K)",-1~29인,3920653.0,167.6
경북,"전기ㆍ운수ㆍ통신ㆍ금융업(D,H,J,K)",-1~299인,3927624.0,167.4
경북,"전기ㆍ운수ㆍ통신ㆍ금융업(D,H,J,K)",-5~299인,4040893.0,167.8
경북,"전기ㆍ운수ㆍ통신ㆍ금융업(D,H,J,K)",1~4인,3281389.0,165.4
경북,"전기ㆍ운수ㆍ통신ㆍ금융업(D,H,J,K)",5~9인,3922148.0,171.9
경북,"전기ㆍ운수ㆍ통신ㆍ금융업(D,H,J,K)",10~29인,4238528.0,166.5
경북,"전기ㆍ운수ㆍ통신ㆍ금융업(D,H,J,K)",30~99인,3805657.0,164.4
경북,"전기ㆍ운수ㆍ통신ㆍ금융업(D,H,J,K)",100~299인,4195369.0,172.5
경북,"전기ㆍ운수ㆍ통신ㆍ금융업(D,H,J,K)",300인이상,5490118.0,166.9
경남,전산업,전규모(1인이상),3672813.0,178.6
경남,전산업,-5인이상,3906168.0,182.2
경남,전산업,-10인이상,4002477.0,183.8
경남,전산업,-30인이상,4201193.0,184.3
경남,전산업,-1~9인,2928677.0,166.9
경남,전산업,-1~29인,3224710.0,173.8
경남,전산업,-1~299인,3468568.0,177.7
경남,전산업,-5~299인,3696599.0,181.7
경남,전산업,1~4인,2604386.0,162.4
경남,전산업,5~9인,3383727.0,173.4
경남,전산업,10~29인,3612941.0,182.9
경남,전산업,30~99인,3892203.0,184.0
경남,전산업,100~299인,3869044.0,184.4
경남,전산업,300인이상,4913084.0,184.7
경남,"광업.제조업(B,C)",전규모(1인이상),4126012.0,188.6
경남,"광업.제조업(B,C)",-5인이상,4244894.0,190.2
경남,"광업.제조업(B,C)",-10인이상,4302781.0,191.5
경남,"광업.제조업(B,C)",-30인이상,4553266.0,192.6
경남,"광업.제조업(B,C)",-1~9인,3312521.0,175.2
경남,"광업.제조업(B,C)",-1~29인,3503674.0,182.7
경남,"광업.제조업(B,C)",-1~299인,3792411.0,188.1
경남,"광업.제조업(B,C)",-5~299인,3905085.0,190.2
경남,"광업.제조업(B,C)",1~4인,2942568.0,172.7
경남,"광업.제조업(B,C)",5~9인,3699697.0,177.9
경남,"광업.제조업(B,C)",10~29인,3652966.0,188.4
경남,"광업.제조업(B,C)",30~99인,4208791.0,194.4
경남,"광업.제조업(B,C)",100~299인,3943002.0,193.5
경남,"광업.제조업(B,C)",300인이상,5307364.0,190.2
경남,건설업(F),전규모(1인이상),3761035.0,177.5
경남,건설업(F),-5인이상,3982970.0,179.8
경남,건설업(F),-10인이상,4431241.0,181.7
경남,건설업(F),-30인이상,5002118.0,181.1
경남,건설업(F),-1~9인,3067109.0,173.3
경남,건설업(F),-1~29인,3485393.0,176.7
경남,건설업(F),-1~299인,3761035.0,177.5
경남,건설업(F),-5~299인,3982970.0,179.8
경남,건설업(F),1~4인,2946958.0,169.1
경남,건설업(F),5~9인,3160000.0,176.5
경남,건설업(F),10~29인,4113929.0,181.9
경남,건설업(F),30~99인,4349848.0,181.2
경남,건설업(F),100~299인,6299436.0,180.9
경남,"도소매ㆍ음식숙박업(G,I)",전규모(1인이상),3152239.0,166.8
경남,"도소매ㆍ음식숙박업(G,I)",-5인이상,3817373.0,176.9
경남,"도소매ㆍ음식숙박업(G,I)",-10인이상,3810837.0,175.9
경남,"도소매ㆍ음식숙박업(G,I)",-30인이상,3475860.0,171.8
경남,"도소매ㆍ음식숙박업(G,I)",-1~9인,2840601.0,162.4
경남,"도소매ㆍ음식숙박업(G,I)",-1~29인,3106431.0,166.1
경남,"도소매ㆍ음식숙박업(G,I)",-1~299인,3134311.0,166.8
경남,"도소매ㆍ음식숙박업(G,I)",-5~299인,3793971.0,177.1
경남,"도소매ㆍ음식숙박업(G,I)",1~4인,2455304.0,156.1
경남,"도소매ㆍ음식숙박업(G,I)",5~9인,3828394.0,178.6
경남,"도소매ㆍ음식숙박업(G,I)",10~29인,4021461.0,178.5
경남,"도소매ㆍ음식숙박업(G,I)",30~99인,3389375.0,169.5
경남,"도소매ㆍ음식숙박업(G,I)",100~299인,3211365.0,180.3
경남,"도소매ㆍ음식숙박업(G,I)",300인이상,5120880.0,168.5
경남,"사업ㆍ개인ㆍ공공서비스업(E,L~S)",전규모(1인이상),3181150.0,171.6
경남,"사업ㆍ개인ㆍ공공서비스업(E,L~S)",-5인이상,3359409.0,173.6
경남,"사업ㆍ개인ㆍ공공서비스업(E,L~S)",-10인이상,3472095.0,175.1
경남,"사업ㆍ개인ㆍ공공서비스업(E,L~S)",-30인이상,3643166.0,173.0
경남,"사업ㆍ개인ㆍ공공서비스업(E,L~S)",-1~9인,2562231.0,164.2
경남,"사업ㆍ개인ㆍ공공서비스업(E,L~S)",-1~29인,2810004.0,170.4
경남,"사업ㆍ개인ㆍ공공서비스업(E,L~S)",-1~299인,3054320.0,171.4
경남,"사업ㆍ개인ㆍ공공서비스업(E,L~S)",-5~299인,3229448.0,173.7
경남,"사업ㆍ개인ㆍ공공서비스업(E,L~S)",1~4인,2406348.0,162.9
경남,"사업ㆍ개인ㆍ공공서비스업(E,L~S)",5~9인,2781896.0,166.0
경남,"사업ㆍ개인ㆍ공공서비스업(E,L~S)",10~29인,3147489.0,179.0
경남,"사업ㆍ개인ㆍ공공서비스업(E,L~S)",30~99인,3453136.0,176.6
경남,"사업ㆍ개인ㆍ공공서비스업(E,L~S)",100~299인,3512653.0,165.4
경남,"사업ㆍ개인ㆍ공공서비스업(E,L~S)",300인이상,4103174.0,172.8
경남,"전기ㆍ운수ㆍ통신ㆍ금융업(D,H,J,K)",전규모(1인이상),4168780.0,175.7
경남,"전기ㆍ운수ㆍ통신ㆍ금융업(D,H,J,K)",-5인이상,4327439.0,179.7
경남,"전기ㆍ운수ㆍ통신ㆍ금융업(D,H,J,K)",-10인이상,4337189.0,180.6
경남,"전기ㆍ운수ㆍ통신ㆍ금융업(D,H,J,K)",-30인이상,4280857.0,181.9
경남,"전기ㆍ운수ㆍ통신ㆍ금융업(D,H,J,K)",-1~9인,3697830.0,161.9
경남,"전기ㆍ운수ㆍ통신ㆍ금융업(D,H,J,K)",-1~29인,4065890.0,170.0
경남,"전기ㆍ운수ㆍ통신ㆍ금융업(D,H,J,K)",-1~299인,4119390.0,174.5
경남,"전기ㆍ운수ㆍ통신ㆍ금융업(D,H,J,K)",-5~299인,4290182.0,178.8
경남,"전기ㆍ운수ㆍ통신ㆍ금융업(D,H,J,K)",1~4인,3096401.0,148.7
경남,"전기ㆍ운수ㆍ통신ㆍ금융업(D,H,J,K)",5~9인,4274048.0,174.6
경남,"전기ㆍ운수ㆍ통신ㆍ금융업(D,H,J,K)",10~29인,4441707.0,178.3
경남,"전기ㆍ운수ㆍ통신ㆍ금융업(D,H,J,K)",30~99인,4206857.0,170.5
경남,"전기ㆍ운수ㆍ통신ㆍ금융업(D,H,J,K)",100~299인,4167578.0,199.2
경남,"전기ㆍ운수ㆍ통신ㆍ금융업(D,H,J,K)",300인이상,4617506.0,186.6
제주,전산업,전규모(1인이상),3061802.0,168.7
제주,전산업,-5인이상,3289535.0,170.4
제주,전산업,-10인이상,3362227.0,169.3
제주,전산업,-30인이상,3582621.0,166.0
제주,전산업,-1~9인,2652125.0,167.9
제주,전산업,-1~29인,2800081.0,170.0
제주,전산업,-1~299인,2971069.0,169.2
제주,전산업,-5~299인,3192728.0,171.4
제주,전산업,1~4인,2389960.0,163.5
제주,전산업,5~9인,3042720.0,174.3
제주,전산업,10~29인,3058233.0,173.8
제주,전산업,30~99인,3442380.0,168.1
제주,전산업,100~299인,3390997.0,165.5
제주,전산업,300인이상,4062095.0,162.7
제주,"광업.제조업(B,C)",전규모(1인이상),3205345.0,172.8
제주,"광업.제조업(B,C)",-5인이상,3323643.0,170.5
제주,"광업.제조업(B,C)",-10인이상,3425403.0,169.4
제주,"광업.제조업(B,C)",-30인이상,3841156.0,163.2
제주,"광업.제조업(B,C)",-1~9인,2852338.0,178.2
제주,"광업.제조업(B,C)",-1~29인,2929582.0,177.0
제주,"광업.제조업(B,C)",-1~299인,3086076.0,174.9
제주,"광업.제조업(B,C)",-5~299인,3178723.0,173.0
제주,"광업.제조업(B,C)",1~4인,2822440.0,180.2
제주,"광업.제조업(B,C)",5~9인,2900028.0,175.2
제주,"광업.제조업(B,C)",10~29인,3024201.0,175.4
제주,"광업.제조업(B,C)",30~99인,3572616.0,164.6
제주,"광업.제조업(B,C)",100~299인,3766348.0,184.3
제주,"광업.제조업(B,C)",300인이상,4377808.0,152.7
제주,건설업(F),전규모(1인이상),3197830.0,178.7
제주,건설업(F),-5인이상,3362618.0,180.2
제주,건설업(F),-10인이상,3656157.0,180.0
제주,건설업(F),-30인이상,3925814.0,181.5
제주,건설업(F),-1~9인,2821945.0,177.6
제주,건설업(F),-1~29인,3114989.0,178.3
제주,건설업(F),-1~299인,3197830.0,178.7
제주,건설업(F),-5~299인,3362618.0,180.2
제주,건설업(F),1~4인,2550292.0,172.4
제주,건설업(F),5~9인,2980960.0,180.6
제주,건설업(F),10~29인,3577083.0,179.5
제주,건설업(F),30~99인,3935089.0,174.1
제주,건설업(F),100~299인,3908962.0,195.0
제주,"도소매ㆍ음식숙박업(G,I)",전규모(1인이상),2713648.0,176.1
제주,"도소매ㆍ음식숙박업(G,I)",-5인이상,3067155.0,185.0
제주,"도소매ㆍ음식숙박업(G,I)",-10인이상,3037409.0,187.6
제주,"도소매ㆍ음식숙박업(G,I)",-30인이상,3445598.0,178.0
제주,"도소매ㆍ음식숙박업(G,I)",-1~9인,2498278.0,168.4
제주,"도소매ㆍ음식숙박업(G,I)",-1~29인,2547847.0,175.6
제주,"도소매ㆍ음식숙박업(G,I)",-1~299인,2703881.0,176.1
제주,"도소매ㆍ음식숙박업(G,I)",-5~299인,3060359.0,185.3
제주,"도소매ㆍ음식숙박업(G,I)",1~4인,2217923.0,163.5
제주,"도소매ㆍ음식숙박업(G,I)",5~9인,3131644.0,179.4
제주,"도소매ㆍ음식숙박업(G,I)",10~29인,2686434.0,195.9
제주,"도소매ㆍ음식숙박업(G,I)",30~99인,3639425.0,181.7
제주,"도소매ㆍ음식숙박업(G,I)",100~299인,3114418.0,171.6
제주,"도소매ㆍ음식숙박업(G,I)",300인이상,3304141.0,175.4
제주,"사업ㆍ개인ㆍ공공서비스업(E,L~S)",전규모(1인이상),2958153.0,162.7
제주,"사업ㆍ개인ㆍ공공서비스업(E,L~S)",-5인이상,3110078.0,163.7
제주,"사업ㆍ개인ㆍ공공서비스업(E,L~S)",-10인이상,3203741.0,162.7
제주,"사업ㆍ개인ㆍ공공서비스업(E,L~S)",-30인이상,3358653.0,163.3
제주,"사업ㆍ개인ㆍ공공서비스업(E,L~S)",-1~9인,2507245.0,162.6
제주,"사업ㆍ개인ㆍ공공서비스업(E,L~S)",-1~29인,2678375.0,162.2
제주,"사업ㆍ개인ㆍ공공서비스업(E,L~S)",-1~299인,2826627.0,162.6
제주,"사업ㆍ개인ㆍ공공서비스업(E,L~S)",-5~299인,2967611.0,163.9
제주,"사업ㆍ개인ㆍ공공서비스업(E,L~S)",1~4인,2383529.0,158.6
제주,"사업ㆍ개인ㆍ공공서비스업(E,L~S)",5~9인,2687519.0,168.4
제주,"사업ㆍ개인ㆍ공공서비스업(E,L~S)",10~29인,2933923.0,161.7
제주,"사업ㆍ개인ㆍ공공서비스업(E,L~S)",30~99인,3226544.0,166.8
제주,"사업ㆍ개인ㆍ공공서비스업(E,L~S)",100~299인,2975336.0,157.1
제주,"사업ㆍ개인ㆍ공공서비스업(E,L~S)",300인이상,3810375.0,162.8
제주,"전기ㆍ운수ㆍ통신ㆍ금융업(D,H,J,K)",전규모(1인이상),4035832.0,166.6
제주,"전기ㆍ운수ㆍ통신ㆍ금융업(D,H,J,K)",-5인이상,4136099.0,166.3
제주,"전기ㆍ운수ㆍ통신ㆍ금융업(D,H,J,K)",-10인이상,4095475.0,165.2
제주,"전기ㆍ운수ㆍ통신ㆍ금융업(D,H,J,K)",-30인이상,4205649.0,164.0
제주,"전기ㆍ운수ㆍ통신ㆍ금융업(D,H,J,K)",-1~9인,3848987.0,171.0
제주,"전기ㆍ운수ㆍ통신ㆍ금융업(D,H,J,K)",-1~29인,3839215.0,169.7
제주,"전기ㆍ운수ㆍ통신ㆍ금융업(D,H,J,K)",-1~299인,3883409.0,167.1
제주,"전기ㆍ운수ㆍ통신ㆍ금융업(D,H,J,K)",-5~299인,3974426.0,166.8
제주,"전기ㆍ운수ㆍ통신ㆍ금융업(D,H,J,K)",1~4인,3196664.0,169.4
제주,"전기ㆍ운수ㆍ통신ㆍ금융업(D,H,J,K)",5~9인,4363802.0,172.3
제주,"전기ㆍ운수ㆍ통신ㆍ금융업(D,H,J,K)",10~29인,3828538.0,168.3
제주,"전기ㆍ운수ㆍ통신ㆍ금융업(D,H,J,K)",30~99인,3721320.0,158.6
제주,"전기ㆍ운수ㆍ통신ㆍ금융업(D,H,J,K)",100~299인,4172534.0,171.1
제주,"전기ㆍ운수ㆍ통신ㆍ금융업(D,H,J,K)",300인이상,5616186.0,162.0
